Chemcial_Name,HAMDB_ID,CAS_Number,Pubchem_CID,Canonical_SMILES,Category,Pathway,Target,Biological_Description,autophagy_direction,rationale
Tenovin-6,HAMDB1,1011557-82-6,24772043.0,CC(C)(C)C1=CC=C(C=C1)C(=O)NC(=S)NC2=CC=C(C=C2)NC(=O)CCCCN(C)C,Inhibitor,Autophagy,SirT1 peptide deacetylase; SirT2; SirT3; HDAC8,"Tenovin-6 is a water soluble inhibitor of SIRT1 and SIRT2, slightly inhibits HDAC8, and is also a potent activator of p53, with IC50s of 21 ¦ÌM, 10 ¦ÌM, 67 ¦ÌM and 90 ¦ÌM for SirT1 peptide deacetylase, SirT2, SirT3, and HDAC8, respectively.",inhibitor,HAMDB plain Inhibitor (Autophagy in Pathway/Target)
Sitagliptin phosphate,HAMDB2,654671-78-0,6451150.0,C1CN2C(=NN=C2C(F)(F)F)CN1C(=O)CC(CC3=CC(=C(C=C3F)F)F)N.OP(=O)(O)O,Inhibitor,"Autophagy; DPP-4-independent, protein kinase A- and MEK-ERK1/2-dependent pathway",DPP4,Sitagliptin phosphate is a potent inhibitor of DPP4 with IC50 of 19 nM in Caco-2 cell extracts,inhibitor,HAMDB plain Inhibitor (Autophagy in Pathway/Target)
Dorsomorphin,HAMDB3,866405-64-3,11524144.0,C1CCN(CC1)CCOC2=CC=C(C=C2)C3=CN4C(=C(C=N4)C5=CC=NC=C5)N=C3,Inhibitor,Autophagy,AMPK,"Dorsomorphin is a potent and selective AMPK inhibitor, that is competitive with ATP, with Ki=109¡À16 nM in the absence of AMP.",inhibitor,HAMDB plain Inhibitor (Autophagy in Pathway/Target)
Heparin,HAMDB4,9005-49-6,772.0,CC(=O)NC1C(C(C(OC1O)COS(=O)(=O)O)OC2C(C(C(C(O2)C(=O)O)OC3C(C(C(C(O3)CO)OC4C(C(C(C(O4)C(=O)O)O)O)OS(=O)(=O)O)OS(=O)(=O)O)NS(=O)(=O)O)O)OS(=O)(=O)O)O,Inhibitor,Autophagy,Autophagy,"Heparin is a highly sulfated glycosaminoglycan,that is widely used as an injectable anticoagulant, and has the highest negative charge density of any known biological molecule.",inhibitor,HAMDB plain Inhibitor (Autophagy in Pathway/Target)
Azithromycin hydrate,HAMDB5,117772-70-0,21946473.0,CCC1C(C(C(N(CC(CC(C(C(C(C(C(=O)O1)C)OC2CC(C(C(O2)C)O)(C)OC)C)OC3C(C(CC(O3)C)N(C)C)O)(C)O)C)C)C)O)(C)O.O.O,Inhibitor,Autophagy,RIG-I like receptors,Azithromycin hydrate is a macrolide antibiotic useful for the treatment of a number of bacterial infections.,inhibitor,HAMDB plain Inhibitor (Autophagy in Pathway/Target)
AICAR phosphate,HAMDB6,681006-28-0,78357776.0,C1=NC(=C(N1C2C(C(C(O2)CO)O)O)N)C(=O)N.OP(=O)(O)O,Inhibitor,Autophagy,AMPK,"AICAR phosphate is an activator of AMP-activated protein kinase (AMPK), down-regulates the insulin receptor expression in HepG2 cells.",inhibitor,HAMDB plain Inhibitor (Autophagy in Pathway/Target)
Lycorine hydrochloride,HAMDB7,2188-68-3,74764021.0,[H+].C1CN2CC3=CC4=C(C=C3C5C2C1=CC(C5O)O)OCO4.[Cl-],Inhibitor,Autophagy,VE-cadherin inhibitor,"Lycorine (hydrochloride) is VE-cadherin inhibitor,and has IC50 of 1.2¦ÌM in Hey1B cell. IC50: 1.2¦ÌM (Hey1B cell)",inhibitor,HAMDB plain Inhibitor (Autophagy in Pathway/Target)
FMK 9a,HAMDB8,1955550-51-2,127020966.0,C1=CC=C(C=C1)CC(C(=O)NCC(=O)CF)NC(=O)C2=CC=CC3=CC=CC=C32,Inhibitor,Autophagy,autophagin-1,FMK 9a is an autophagin-1 inhibitor with IC50 values of 80 and 73 ¦ÌM in FRET and LRA assay.,inhibitor,HAMDB plain Inhibitor (Autophagy in Pathway/Target)
Lys01 trihydrochloride,HAMDB9,1391426-24-6,70673566.0,CN(CCNC1=C2C=CC(=CC2=NC=C1)Cl)CCNC3=C4C=CC(=CC4=NC=C3)Cl.Cl.Cl.Cl,Inhibitor,Autophagy,Autophagy,"Lys01 trihydrochloride (Lys05) is a novel lysosomal autophagy inhibitor with IC50 values of 3.6, 3.8, 6 and 7.9 ¦ÌM for 1205Lu, c8161, LN229 and HT-29 cell line in the MTT assay.",inhibitor,HAMDB plain Inhibitor (Autophagy in Pathway/Target)
17-AAG Hydrochloride,HAMDB10,911710-03-7,66576986.0,CC1CC(C(C(C=C(C(C(C=CC=C(C(=O)NC2=CC(=O)C(=C(C1)C2=O)NCC=C)C)OC)OC(=O)N)C)C)O)OC.Cl,Inhibitor,Autophagy,HSP90,"17-AAG Hydrochloride is a potent HSP90 inhibitor with IC50 of 5 nM, having a 100-fold higher binding affinity for HSP90 derived from tumour cells than HSP90 from normal cells.",inhibitor,HAMDB plain Inhibitor (Autophagy in Pathway/Target)
Vps34-PIK-III,HAMDB11,1383716-40-2,67983123.0,C1CC1CC2=NC(=NC=C2C3=NC(=NC=C3)NC4=CC=NC=C4)N,Inhibitor,Autophagy; PI3K/Akt/mTOR,VPS34; PI3K¦Á; PI3K¦Ä; PI3K¦Ã,Vps34-PIK-III is a potent and selective inhibitor of VPS34 with an IC50 of 18 nM.,inhibitor,HAMDB plain Inhibitor (Autophagy in Pathway/Target)
CYT387 sulfate salt,HAMDB12,1056636-06-6,66576992.0,C1COCCN1C2=CC=C(C=C2)NC3=NC=CC(=N3)C4=CC=C(C=C4)C(=O)NCC#N.OS(=O)(=O)O.OS(=O)(=O)O,Inhibitor,Autophagy,JAK1; JAK2; JAK3,"CYT387 sulfate salt is an ATP-competitive inhibitor of JAK1/JAK2 with IC50 of 11 nM/18 nM, 10-fold selectivity versus JAK3 (IC50=155 nM).",inhibitor,HAMDB plain Inhibitor (Autophagy in Pathway/Target)
Quinacrine dihydrochloride,HAMDB13,1969-5-6,6239.0,CCN(CC)CCCC(C)NC1=C2C=C(C=CC2=NC3=C1C=CC(=C3)Cl)OC.Cl.Cl,Inhibitor,Autophagy,cholinergic receptor,"Quinacrine is a fluorescent probe for the conformational transitions of the cholinergic receptor protein. Quinacrine shows activity in the low ¦ÌM range with a mean IC50 of 2.30 ¦ÌM In the patient AML cells. IC50 value: 2.30 ¦ÌM (for AML cells) Target: in vitro: Quinacrine is a fluorescent probe for the conformational transitions of the cholinergic receptor protein in its membrane-bound state. In the patient AML samples, Quinacrine showed activity in the low ¦ÌM range with a mean IC50 of 2.30 ¦ÌM, statistically significantly lower than that of normal PBMCs; 3.54 ¦ÌM (P=0.0327; Student's t-test). Samples from patients with chronic lymphocytic, acute myeloid and lymphocytic leukemias as well as peripheral blood mononuclear cells (PBMC) were tested in response to 1266 compounds from the LOPAC1280 library. 25 compounds were defined as hits with activity in all leukemia subgroups (<50% cell survival compared with control) at 10 ¦ÌM drug concentration. Only Quinacrine showed concurrent high activity in all leukemia subgroups and low activity in normal PBMCs and was, therefore, selected for further preclinical evaluation. Quinacrine also induced early inhibition of both DNA and protein synthesis. Quinacrine have repositioning potential for treatment of acute myeloid leukemia by targeting of ribosomal biogenesis.",inhibitor,HAMDB plain Inhibitor (Autophagy in Pathway/Target)
Sitagliptin phosphate monohydrate,HAMDB14,654671-77-9,11591741.0,C1CN2C(=NN=C2C(F)(F)F)CN1C(=O)CC(CC3=CC(=C(C=C3F)F)F)N.O.OP(=O)(O)O,Inhibitor,Autophagy;  cAMP/PKA/Rac1,DPP4,Sitagliptin phosphate monohydrate is a potent inhibitor of DPP4 with IC50 of 19 nM in Caco-2 cell extracts,inhibitor,HAMDB plain Inhibitor (Autophagy in Pathway/Target)
Tenovin 6 Hydrochloride,HAMDB15,1011301-29-3,49871498.0,CC(C)(C)C1=CC=C(C=C1)C(=O)NC(=S)NC2=CC=C(C=C2)NC(=O)CCCCN(C)C.Cl,Inhibitor,Autophagy,SirT1; SirT2; HDAC8,"Tenovin-6 Hydrochloride is a water soluble inhibitor of SIRT1 and SIRT2, slightly inhibits HDAC8, and is also a potent activator of p53, with IC50s of 21 ¦ÌM, 10 ¦ÌM, 67 ¦ÌM and 90 ¦ÌM for SirT1 peptide deacetylase, SirT2, SirT3, and HDAC8, respectively.",inhibitor,HAMDB plain Inhibitor (Autophagy in Pathway/Target)
Chelerythrine Chloride,HAMDB16,3895-92-9,72311.0,C[N+]1=C2C(=C3C=CC(=C(C3=C1)OC)OC)C=CC4=CC5=C(C=C42)OCO5.[Cl-],Inhibitor,Autophagy; protein kinase C; MAPK,protein kinase C; MAPK,"Chelerythrine Chloride is a potent, cell-permeable inhibitor of protein kinase C and mitogen-activated protein kinase (MAPK), with IC50 of 660 nM for PKC, competitive with respect to the phosphate acceptor and non-competitive with respect to ATP.",inhibitor,HAMDB plain Inhibitor (Autophagy in Pathway/Target)
Purmorphamine,HAMDB17,483367-10-8,5284329.0,C1CCC(CC1)N2C=NC3=C2N=C(N=C3NC4=CC=C(C=C4)N5CCOCC5)OC6=CC=CC7=CC=CC=C76,Inhibitor,Autophagy,Smoothened;,"Purmorphamine is an activator of Smoothened, and blocks BODIPY-cyclopamine binding to Smo with IC50 of appr 1.5 ¦ÌM and also is an inducer of osteoblast differentiation with EC50 of 1 ¦ÌM.",inhibitor,HAMDB plain Inhibitor (Autophagy in Pathway/Target)
Dorsomorphin dihydrochloride,HAMDB18,1219168-18-9,49761481.0,C1CCN(CC1)CCOC2=CC=C(C=C2)C3=CN4C(=C(C=N4)C5=CC=NC=C5)N=C3.Cl.Cl,Inhibitor,Autophagy; AMPK,Autophagy,"Dorsomorphin dihydrochloride is a potent and selective AMPK inhibitor, that is competitive with ATP, with Ki of 109¡À16 nM in the absence of AMP.",inhibitor,HAMDB plain Inhibitor (Autophagy in Pathway/Target)
TPEN,HAMDB19,16858-02-9,5519.0,C1=CC=NC(=C1)CN(CCN(CC2=CC=CC=N2)CC3=CC=CC=N3)CC4=CC=CC=N4,Inhibitor,Autophagy,Autophagy,"TPEN is a specific cell-permeable heavy metal chelator.
Target:
InVitro: Heavy metal chelator TPEN attenuates fura-2 fluorescence changes induced by cadmium, mercury and methylmercury.",inhibitor,HAMDB plain Inhibitor (Autophagy in Pathway/Target)
Tempol,HAMDB20,2226-96-2,137994.0,CC1(CC(CC(N1[O])(C)C)O)C,Inhibitor,Autophagy,Autophagy,"Tempol is a general superoxide dismutase (SOD)-mimetic drug that efficiently neutralizes reactive oxygen species (ROS).
Target: ROS<sup>[1]</sup>
InVitro: Tempol significantly attenuates H<sub>2</sub>O<sub>2</sub>-mediated decrease in mitochondrial respiration and increase in LDH release from rat PT cells, indicating a reduction in cell injury and death.",inhibitor,HAMDB plain Inhibitor (Autophagy in Pathway/Target)
AS1842856,HAMDB21,836620-48-5,72193864.0,CCN1C=C(C(=O)C2=C(C(=C(C=C21)NC3CCCCC3)F)N)C(=O)O,Inhibitor,Autophagy,Autophagy,"AS1842856 is a potent and cell-permeable <b>Foxo1</b> inhibitor with an <b>IC<sub>50</sub></b> of 30 nM.
IC50&Target: 30 nM (Foxo1)<sup>[1]</sup>
InVitro: AS1842856 potently inhibits human Foxo1 transactivation and reduces glucose production through the inhibition of glucose-6 phosphatase and phosphoenolpyruvate carboxykinase mRNA levels in a rat hepatic cell line<sup>[1]</sup>.
InVivo: Oral administration of AS1842856 to diabetic <b>db/db</b> mice leads to a drastic decrease in fasting plasma glucose level via the inhibition of hepatic gluconeogenic genes, whereas administration to normal mice has no effect on the fasting plasma glucose level.",inhibitor,HAMDB plain Inhibitor (Autophagy in Pathway/Target)
LY294002,HAMDB22,154447-36-6,3973.0,C1COCCN1C2=CC(=O)C3=C(O2)C(=CC=C3)C4=CC=CC=C4,Inhibitor,Autophagy; Stem Cells/Wnt; Cell Cycle/DNA Damage; PI3K/Akt/mTOR;,Autophagy; Casein Kinase; Casein Kinase; PI3K;,"LY294002 is the first synthetic molecule known to inhibit PI3K¦Á/¦Ä/¦Â with IC50 of 0.5 ¦ÌM/0.57 ¦ÌM/0.97 ¦ÌM, respectively.
IC50 value:  0.5 ¦ÌM/0.57 ¦ÌM/0.97 ¦ÌM (PI3K¦Á/¦Ä/¦Â)
Target: PI3K¦Á/¦Ä/¦Â
LY294002 inactivates Akt/PKB, consequently inhibiting cell proliferation and inducing apoptosis.",inhibitor,HAMDB plain Inhibitor (Autophagy in Pathway/Target)
17-AAG,HAMDB23,75747-14-7,6505803.0,CC1CC(C(C(C=C(C(C(C=CC=C(C(=O)NC2=CC(=O)C(=C(C1)C2=O)NCC=C)C)OC)OC(=O)N)C)C)O)OC,Inhibitor,Autophagy; Metabolic Enzyme/Protease; Cell Cycle/DNA Damage;,Autophagy; HSP; HSP;,"17-AAG(NSC 330507; CP 127374) is a potent HSP90 inhibitor with IC50 of 5 nM, having a 100-fold higher binding affinity for HSP90 derived from tumour cells than HSP90 from normal cells.
IC50 Value: 5 nM
Target: HSP90
in vitro: 17-AAG, an analog of geldanamycin, exhibits greater than 100 times higher binding affinity for Hsp90 derived from HER-2-overexpressing cancer cells (BT474, N87, SKOV3 and SKBR3) or BT474 breast carcinoma cells with IC50 values of 5-6 nM.",inhibitor,HAMDB plain Inhibitor (Autophagy in Pathway/Target)
PX-478,HAMDB24,685898-44-6,11234794.0,C1=CC(=CC=C1CC(C(=O)O)N)[N+](CCCl)(CCCl)[O-].Cl.Cl,Inhibitor,Autophagy; Metabolic Enzyme/Protease;,Autophagy; HIF/HIF Prolyl-Hydroxylase;,"PX-478 is an inhibitor of HIF-1a with an IC50 of 20-30¦ÌM enhances radiosensitivity of prostate carcinoma cells.
IC50 value: 20-30 ¦ÌM [1]
Target: HIF-1a
in vitro: PX-478 enhances the radiosensitivity of prostate carcinoma cells irradiated under normoxia.",inhibitor,HAMDB plain Inhibitor (Autophagy in Pathway/Target)
Losmapimod,HAMDB25,585543-15-3,11552706.0,CC1=C(C=C(C=C1C2=NC=C(C=C2)C(=O)NCC(C)(C)C)C(=O)NC3CC3)F,Inhibitor,Autophagy; MAPK/ERK Pathway;,Autophagy; p38 MAPK;,"Losmapimod (GW856553X; SB856553; GSK-AHAB) is a selective, potent, and orally active p38 MAPK inhibitor with pKi of 8.1 and 7.6 for p38¦Á and p38¦Â, respectively.
IC50 value: 8.1/7.6 (pKi,  p38¦Á/p38¦Â) [1]
Target: p38 MAPK
in vitro: In SHR-SPs receiving a salt-fat diet (SFD), chronic treatment with GSK-AHAB significantly and dose-dependently improved survival, endothelial-dependent and -independent vascular relaxation, and indices of renal function, and it attenuated dyslipidemia, hypertension, cardiac remodeling, plasma renin activity (PRA), aldosterone, and interleukin-1beta (IL-1beta) [1].",inhibitor,HAMDB plain Inhibitor (Autophagy in Pathway/Target)
TWS119,HAMDB26,601514-19-6,9549289.0,C1=CC(=CC(=C1)N)C2=CC3=C(N2)N=CN=C3OC4=CC=CC(=C4)O,Inhibitor,Autophagy; Stem Cells/Wnt; PI3K/Akt/mTOR;,Autophagy; GSK-3; GSK-3;,TWS119 is an inhibitor of glycogen synthase kinase-3¦Â (IC50 = 30 nM).,inhibitor,HAMDB plain Inhibitor (Autophagy in Pathway/Target)
URB-597,HAMDB27,546141-08-6,1383884.0,C1CCC(CC1)NC(=O)OC2=CC=CC(=C2)C3=CC(=CC=C3)C(=O)N,Inhibitor,Autophagy; Metabolic Enzyme/Protease; Neuronal Signaling;,Autophagy; FAAH; FAAH;,"URB597 is a potent, orally bioavailable FAAH inhibitor with IC50 of 4.6 nM, with no activity on other cannabinoid-related targets.
IC50 value: 4.6 nM [1]
Target: FAAH 
in vitro: URB597 binds in the hydrophobic pocket and catalytic core of FAAH that connects the active site residues to the membrane surface of FAAH [1].",inhibitor,HAMDB plain Inhibitor (Autophagy in Pathway/Target)
Clotrimazole,HAMDB28,23593-75-1,2812.0,C1=CC=C(C=C1)C(C2=CC=CC=C2)(C3=CC=CC=C3Cl)N4C=CN=C4,Inhibitor,Autophagy; Anti-infection;,Autophagy; Antifungal;,"Clotrimazole is an imidazole derivative, an antifungal compound and is a CYP (cytochrome P450) inhibitor.
Target: Antifungal; CYP
Clotrimazole (brand name Canesten or Lotrimin) is an antifungal medication commonly used in the treatment of fungal infections (of both humans and other animals) such as vaginal yeast infections, oral thrush, and ringworm.",inhibitor,HAMDB plain Inhibitor (Autophagy in Pathway/Target)
VER-155008,HAMDB29,1134156-31-2,25195348.0,C1=CC(=CC=C1COCC2C(C(C(O2)N3C4=C(C(=NC=N4)N)N=C3NCC5=CC(=C(C=C5)Cl)Cl)O)O)C#N,Inhibitor,Autophagy; Metabolic Enzyme/Protease; Cell Cycle/DNA Damage;,Autophagy; HSP; HSP;,"VER-155008 is a novel, small molecule inhibitor of Hsc70/Hsp70 with GI50 of 5.3-14.4 uM in human breast and colon cancer cell lines.
IC50 value: 5.3-14.4 uM(GI50); 80 nM(Kd) [1] [2]
Target: Hsp70 inhibitor
in vitro: VER-155008 inhibited the proliferation of human breast and colon cancer cell lines with GI(50)s in the range 5.3-14.4 microM, and induced Hsp90 client protein degradation in both HCT116 and BT474 cells.",inhibitor,HAMDB plain Inhibitor (Autophagy in Pathway/Target)
CYT387,HAMDB30,1056634-68-4,25062766.0,C1COCCN1C2=CC=C(C=C2)NC3=NC=CC(=N3)C4=CC=C(C=C4)C(=O)NCC#N,Inhibitor,Autophagy; Stem Cells/Wnt; Epigenetics; JAK/STAT Signaling;,Autophagy; JAK; JAK; JAK;,"CYT387(momelotinib) is an ATP-competitive inhibitor of JAK1/JAK2 with IC50 of 11 nM/18 nM, ~10-fold selectivity versus JAK3.",inhibitor,HAMDB plain Inhibitor (Autophagy in Pathway/Target)
PHA-665752,HAMDB31,477575-56-7,10461815.0,CC1=C(NC(=C1C(=O)N2CCCC2CN3CCCC3)C)C=C4C5=C(C=CC(=C5)S(=O)(=O)CC6=C(C=CC=C6Cl)Cl)NC4=O,Inhibitor,Autophagy; Protein Tyrosine Kinase/RTK;,Autophagy; c-Met/HGFR;,"PHA-665752 is a potent, selective and ATP-competitive c-Met inhibitor with IC50 of 9 nM, >50-fold selectivity for c-Met than RTKs or STKs.
IC50 value: 9 nM
Target: c-Met
in vitro: PHA-665752 significantly inhibits c-Met kinase activity with Ki of 4 nM, and exhibits >50-fold selectivity for c-Met compared with various tyrosine and serine-threonine kinases.",inhibitor,HAMDB plain Inhibitor (Autophagy in Pathway/Target)
TAK-242,HAMDB32,243984-11-4,11703255.0,CCOC(=O)C1=CCCCC1S(=O)(=O)NC2=C(C=C(C=C2)F)Cl,Inhibitor,Autophagy; Immunology/Inflammation;,Autophagy; Toll-like Receptor (TLR);,"TAK-242 (Resatorvid), a small-molecule-specific inhibitor of Toll-like receptor (TLR) 4 signaling, inhibits the production of lipopolysaccharide-induced inflammatory mediators by binding to the intracellular domain of TLR4.
IC50 value: 1.1-11 nM [1]
Target: TLR4
in vitro: In RAW264.7 cells and mouse peritoneal macrophages, TAK-242 suppressed lipopolysaccharide (LPS)-induced production of NO, tumor necrosis factor-alpha (TNF-alpha), and interleukin (IL)-6, with 50% inhibitory concentration (IC50) of 1.1 to 11 nM.",inhibitor,HAMDB plain Inhibitor (Autophagy in Pathway/Target)
KU-55933,HAMDB33,587871-26-9,5278396.0,C1COCCN1C2=CC(=O)C=C(O2)C3=C4C(=CC=C3)SC5=CC=CC=C5S4,Inhibitor,Autophagy; PI3K/Akt/mTOR; Cell Cycle/DNA Damage;,Autophagy; ATM/ATR; ATM/ATR;,"KU-55933 is a potent ATM inhibitor with an IC50 and Ki of 13 and 2.2 nM, respectively; highly selective for ATM as compared to DNA-PK, PI3K/PI4K, ATR and mTOR.
IC50 Value: 13 nM
Target: ATM
in vitro: KU-55933 inhibits DNA-PK and PI3K with IC50 of 2.5 ¦ÌM and 16.6 ¦ÌM, respectively.",inhibitor,HAMDB plain Inhibitor (Autophagy in Pathway/Target)
PD98059,HAMDB34,167869-21-8,4713.0,COC1=CC=CC(=C1N)C2=CC(=O)C3=CC=CC=C3O2,Inhibitor,Autophagy; MAPK/ERK Pathway;,Autophagy; MEK;,"PD98059 is a non-ATP competitive MEK inhibitor with IC50 of 2 ¦ÌM, specifically inhibits MEK-1-mediated activation of MAPK; does not directly inhibit ERK1 or ERK2.
IC50 value: 2 uM
Target: MEK
in vitro: PD98059 inhibits either basal MEK1 or a partially activated MEK produced by mutation of serine at residues 218 and 222 to glutamate (MEK-2E) with IC50 of 2 ¦ÌM.",inhibitor,HAMDB plain Inhibitor (Autophagy in Pathway/Target)
U0126,HAMDB35,1173097-76-1,16220066.0,CCO.C1=CC=C(C(=C1)N)SC(=C(C#N)C(=C(N)SC2=CC=CC=C2N)C#N)N,Inhibitor,Autophagy; MAPK/ERK Pathway;,Autophagy; MEK;,"U0126-EtOH(U-0126) is a highly selective inhibitor of MEK1/2 with IC50 of 0.07 ¦ÌM/0.06 ¦ÌM, 100-fold higher affinity for ¦¤N3-S218E/S222D MEK than PD098059.
IC50 value: 70/60 nM(MEK1/2) [1]
Target: MEK1/2
in vitro: U0126-EtOH functionally antagonizes AP- 1 transcriptional activity and blocks the production of a variety of cytokines and metalloproteinases involved in the inflammatory response.",inhibitor,HAMDB plain Inhibitor (Autophagy in Pathway/Target)
SP600125,HAMDB36,129-56-6,8515.0,C1=CC=C2C(=C1)C3=NNC4=CC=CC(=C43)C2=O,Inhibitor,Autophagy; MAPK/ERK Pathway;,Autophagy; JNK;,"SP600125 is a broad-spectrum <b>JNK</b> inhibitor for <b>JNK1</b>, <b>JNK2</b> and <b>JNK3</b> with <b>IC<sub>50</sub></b> of 40 nM, 40 nM and 90 nM, respectively.

IC50 & Target: IC50: 40/40/90 nM (JNK1/2/3)<sup>[1]</sup>


<i><b>In Vitro:</b></i> SP600125 is an ATP-competitive inhibitor of JNK2 with a K<sub>i</sub> value of 0.19¡À0.06 ¦ÌM.",inhibitor,HAMDB plain Inhibitor (Autophagy in Pathway/Target)
Hesperadin,HAMDB37,422513-13-1,10142586.0,CCS(=O)(=O)NC1=CC2=C(C=C1)NC(=O)C2=C(C3=CC=CC=C3)NC4=CC=C(C=C4)CN5CCCCC5,Inhibitor,Autophagy; Epigenetics; Cell Cycle/DNA Damage;,Autophagy; Aurora Kinase; Aurora Kinase;,"Hesperadin is a ATP-competitive inhibitor of Aurora B kinase with IC50 of  250 nM.
IC50 Value:  250 nM
Target: Aurora B
in vitro: Hesperadin prevents the phosphorylation of recombinant trypanosome histone H3 by the T.",inhibitor,HAMDB plain Inhibitor (Autophagy in Pathway/Target)
LY2109761,HAMDB38,700874-71-1,11655119.0,C1CC2=C(C(=NN2C1)C3=CC=CC=N3)C4=C5C=CC(=CC5=NC=C4)OCCN6CCOCC6,Inhibitor,Autophagy; TGF-beta/Smad;,Autophagy; TGF-¦Â Receptor;,"LY2109761 is a novel selective TGF-¦Â receptor type I/II (T¦ÂRI/II) dual inhibitor with Ki of 38 nM and 300 nM, respectively; shown to negatively affect the phosphorylation of Smad2.
IC50 value: 38 nM/300 nM(Ki, T¦ÂRI/II) [1]
Target: TGF-¦Â receptor type I/II
in vitro: LY2109761 treatment induces a dose-dependent low-anchorage growth inhibition of L3.6pl/GLT cells, leading to ~33% or 73% inhibition at 2 ¦ÌM and 20 ¦ÌM, respectively, which can be strongly enhanced when combined with gemcitabine in combination index value of 0.36581.",inhibitor,HAMDB plain Inhibitor (Autophagy in Pathway/Target)
DMH-1,HAMDB39,1206711-16-1,50997747.0,CC(C)OC1=CC=C(C=C1)C2=CN3C(=C(C=N3)C4=CC=NC5=CC=CC=C45)N=C2,Inhibitor,Autophagy; Protein Tyrosine Kinase/RTK;,Autophagy; ALK;,"DMH-1 is a potent and selective BMP inhibitor with IC50s of 27/107.9/<5 nM for ALK1/2/3 respectively; inactive on ALK5, BMPR2, AMPK and VEGFR2.
IC50 value: 27/107.9/<5 nM(ALK1/2/3) [1]
Target: ALK inhibitor
DMH-1 shows the most selectivity within these three compounds(LDN-193189, DMH-1 and dorsomorphin) [1].",inhibitor,HAMDB plain Inhibitor (Autophagy in Pathway/Target)
Cycloheximide,HAMDB40,66-81-9,6197.0,CC1CC(C(=O)C(C1)C(CC2CC(=O)NC(=O)C2)O)C,Inhibitor,Autophagy; Cell Cycle/DNA Damage; Anti-infection;,Autophagy; DNA/RNA Synthesis; Antifungal;,"Cycloheximide is an inhibitor of protein biosynthesis in eukaryotic organisms, with IC50 of 532.5 nM.
IC50 value: 532.5 nM
Target: Antifungal
Cycloheximide is a highly effective antibiotic with activity against mold, yeast, and phytopathogenic fungi, with lower activity against bacteria.",inhibitor,HAMDB plain Inhibitor (Autophagy in Pathway/Target)
Dantrolene (sodium hemiheptahydrate),HAMDB41,24868-20-0,6604100.0,C1C(=O)N=C(N1N=CC2=CC=C(O2)C3=CC=C(C=C3)[N+](=O)[O-])[O-].[Na+],Inhibitor,Autophagy; Membrane Transporter/Ion Channel;,Autophagy; Calcium Channel;,Dantrolene sodium hemiheptahydrate is a skeletal muscle relaxant which acts by blocking muscle contraction beyond the neuromuscular junction.,inhibitor,HAMDB plain Inhibitor (Autophagy in Pathway/Target)
FIPI,HAMDB42,939055-18-2,16739265.0,C1CN(CCC1N2C3=CC=CC=C3NC2=O)CCNC(=O)C4=CC5=C(N4)C=CC(=C5)F,Inhibitor,Autophagy; Metabolic Enzyme/Protease;,Autophagy; Phospholipase;,"FIPI is a derivative of halopemide which potently inhibits both PLD1 (IC50 = 25 nM) and PLD2 (IC50 = 20 nM); prevents PLD regulation of F-actin cytoskeleton reorganization, cell spreading, and chemotaxis.
IC50 value: 20 nM (PLD2)
Target: PLD2 inhibitor
in vitro: FIPI is a potent, concentration-dependent PLD2 inhibitor, and we show here that it inhibits PLD1 equally well under standard in vitro assay conditions.",inhibitor,HAMDB plain Inhibitor (Autophagy in Pathway/Target)
Spautin-1,HAMDB43,1262888-28-7,51037431.0,C1=CC(=CC=C1CNC2=NC=NC3=C2C=C(C=C3)F)F,Inhibitor,Autophagy;,Autophagy;,"Spautin-1 is a novel autophagy inhibitor, IM inhibited the growth of K562 cells with IC50 of 1.03 ¦ÌM.",inhibitor,HAMDB plain Inhibitor (Autophagy in Pathway/Target)
MRT67307,HAMDB44,1190378-57-4,44464263.0,C1CC(C1)C(=O)NCCCNC2=NC(=NC=C2C3CC3)NC4=CC=CC(=C4)CN5CCOCC5,Inhibitor,Autophagy; NF-¦ÊB;,Autophagy; IKK;,MRT67307 is a dual inhibitor of the IKKe and TBK-1.,inhibitor,HAMDB plain Inhibitor (Autophagy in Pathway/Target)
YM-201636,HAMDB45,371942-69-7,9956222.0,C1COCCN1C2=NC(=NC3=C2OC4=C3C=CC=N4)C5=CC(=CC=C5)NC(=O)C6=CN=C(C=C6)N,Inhibitor,Autophagy; PI3K/Akt/mTOR;,Autophagy; PIKfyve;,"YM201636 is a selective PIKfyve inhibitor with IC50 of 33 nM, less potent to p110¦Á.
IC50 value: 33 nM [1]
Target: PIKfyve
in vitro: YM201636 potently inhibits mammalian PIKfyve with an IC50 of 33 nM but not yeast orthologue Fab1 with an IC50 of >5 ¦ÌM, exhibiting around 100-fold selectivity for PtdIns3P p110¦Á with an IC50 of 3 ¦ÌM.",inhibitor,HAMDB plain Inhibitor (Autophagy in Pathway/Target)
WP1130,HAMDB46,856243-80-6,11222830.0,CCCC(C1=CC=CC=C1)NC(=O)C(=CC2=NC(=CC=C2)Br)C#N,Inhibitor,Autophagy; Cell Cycle/DNA Damage;,Autophagy; Deubiquitinase;,"WP1130(Degrasyn) is a novel selective small molecular deubiquitinase (USP5, UCH-L1, USP9x, USP14, and UCH37) inhibitor and a Bcr/Abl destruction pathway activator with an IC50 of 1.8 ¦ÌM for K562 cells.
IC50 value: 
Target: Deubiquitinase
in vitro: WP1130 acts as a partly selective DUB inhibitor, directly inhibiting DUB activity of USP9x, USP5, USP14, and UCH37, which are known to regulate survival protein stability and 26S proteasome function.",inhibitor,HAMDB plain Inhibitor (Autophagy in Pathway/Target)
AICAR,HAMDB47,2627-69-2,17513.0,C1=NC(=C(N1C2C(C(C(O2)CO)O)O)N)C(=O)N,Inhibitor,Autophagy; Epigenetics; PI3K/Akt/mTOR;,Autophagy; AMPK; AMPK;,"AICAR (Acadesine), is an AMP-activated protein kinase activator, which is used for the treatment of acute lymphoblastic leukemia and may have applications in treating other disorders such as diabetes.
Target: AMPK
AICAR, also known as 5-aminoimidazole-4-carboxamide-1-¦Â-D-ribofuranoside, AICA-riboside, and Acadesine, is an AMP-activated protein kinase activator, which is used for the treatment of acute lymphoblastic leukemia and may have applications in treating other disorders such as diabetes.",inhibitor,HAMDB plain Inhibitor (Autophagy in Pathway/Target)
Tenovin-1,HAMDB48,380315-80-0,1013376.0,CC(=O)NC1=CC=C(C=C1)NC(=S)NC(=O)C2=CC=C(C=C2)C(C)(C)C,Inhibitor,Autophagy; Epigenetics; Cell Cycle/DNA Damage;,Autophagy; Sirtuin; Sirtuin;,"Tenovin-1 is a inhibitor of SIRT1 and SIRT2; activator of p21 and p53.
IC50 Value:
Target: Sirtuin
Tenovin-1 is a compound that belongs to the class of Tenovins, and inhibits SIRT1 and SIRT2.",inhibitor,HAMDB plain Inhibitor (Autophagy in Pathway/Target)
Megestrol (Acetate),HAMDB49,595-33-5,11683.0,CC1=CC2C(CCC3(C2CCC3(C(=O)C)OC(=O)C)C)C4(C1=CC(=O)CC4)C,Inhibitor,Autophagy,Autophagy; Progesterone Receptor;,"Megestrol Acetate is a synthetic progesteronal agent with an IC50 of 260 ¦ÌM for the inhibition of HegG2.
Target: Progesterone Receptor
Megestrol acetate, also known as 17¦Á-acetoxy-6-dehydro-6-methylprogesterone, and sometimes abbreviated as MGA or MA, is a steroidal progestin and progesterone derivative (specifically, a 17-hydroxylated progesterone) with predominantly progestational and antigonadotropic effects.",inhibitor,HAMDB plain Inhibitor (Autophagy in Pathway/Target)
Sitagliptin,HAMDB50,486460-32-6,4369359.0,C1CN2C(=NN=C2C(F)(F)F)CN1C(=O)CC(CC3=CC(=C(C=C3F)F)F)N,Inhibitor,Autophagy; Metabolic Enzyme/Protease;,Autophagy; Dipeptidyl Peptidase;,"Sitagliptin(MK 0431) is a potent inhibitor of DPP4 with IC50 of 19 nM in Caco-2 cell extracts.
Target: DPP4
Sitagliptin exhibits a potent inhibitory effect on DPP-4 with IC50 of 19 nM from Caco-2 cell extracts [1].",inhibitor,HAMDB plain Inhibitor (Autophagy in Pathway/Target)
Ebselen,HAMDB51,60940-34-3,3194.0,C1=CC=C(C=C1)N2C(=O)C3=CC=CC=C3[Se]2,Inhibitor,Autophagy; Anti-infection;,Autophagy; HIV;,"Ebselen is a small-molecule capsid Inhibitor of HIV-1 replication.
Target:
Ebselen is an organoselenium compound, as an inhibitor of HIV-1 capsid CTD dimerization.",inhibitor,HAMDB plain Inhibitor (Autophagy in Pathway/Target)
Levosimendan,HAMDB52,141505-33-1,3033825.0,CC1CC(=O)NN=C1C2=CC=C(C=C2)NN=C(C#N)C#N,Inhibitor,Autophagy,Autophagy,"Levosimendan(OR1259) is a calcium sensitiser used in the management of acutely decompensated congestive heart failure.
Target: Others
Levosimendan is a calcium sensitiser used in the management of acutely decompensated congestive heart failure.",inhibitor,HAMDB plain Inhibitor (Autophagy in Pathway/Target)
Emodin,HAMDB53,518-82-1,3220.0,CC1=CC(=C2C(=C1)C(=O)C3=CC(=CC(=C3C2=O)O)O)O,Inhibitor,Autophagy; Stem Cells/Wnt; Cell Cycle/DNA Damage;,Autophagy; Casein Kinase; Casein Kinase;,"Emodin is a naturally occurring anthraquinone present in the roots and barks of numerous plants; exerts antiproliferative effects in cancer cells that are regulated by different signaling pathways.
IC50 Value: observed at 72 hr were as follows: 66.9 uM, Hep3B cells; 74.36 uM, HepG2 cells; and 101.5 uM, Huh7 cells [1].
Target:NF-kB signaling
in vitro: At 6h after emodin treatment, the levels of GDF15, CYP1A1, CYP1B1, and CYR61 were upregulated [1].",inhibitor,HAMDB plain Inhibitor (Autophagy in Pathway/Target)
MEK162,HAMDB54,606143-89-9,10288191.0,CN1C=NC2=C1C=C(C(=C2F)NC3=C(C=C(C=C3)Br)F)C(=O)NOCCO,Inhibitor,Autophagy; MAPK/ERK Pathway;,Autophagy; MEK;,"MEK162(ARRY-438162; ARRY-162) is a potent inhibitor of MEK1/2 with IC50 of 12 nM.
IC50 value: 12 nM [1]
Target: MEK1/2
in vitro: ARRY-438162 (625 nM) inhibits in vitro osteoclast differentiation with IC50 of 39 nM.",inhibitor,HAMDB plain Inhibitor (Autophagy in Pathway/Target)
E-64,HAMDB55,66701-25-5,123985.0,CC(C)CC(C(=O)NCCCCN=C(N)N)NC(=O)C1C(O1)C(=O)O,Inhibitor,Autophagy; Metabolic Enzyme/Protease;,Autophagy; Cathepsin;,"E-64 is a natural, potent, and irreversible inhibitor of cysteine proteases; IC50 values for inhibiting cathepsins K, S, and L, in vitro, are 1.4, 4.1, and 2.5 nM, respectively.
IC50 value: 1.4/4.1/2.5 nM(cathepsins K/S/L) 
Target: cathepsins inhibitor
in vitro: E-64 significantly reduced the level of ced-9 and activity of tyrosine phosphatases, cytochrome c oxidase.",inhibitor,HAMDB plain Inhibitor (Autophagy in Pathway/Target)
AZD5363,HAMDB56,1143532-39-1,25227436.0,C1CN(CCC1(C(=O)NC(CCO)C2=CC=C(C=C2)Cl)N)C3=NC=NC4=C3C=CN4,Inhibitor,Autophagy; Protein Tyrosine Kinase/RTK; Stem Cells/Wnt; MAPK/ERK Pathway; PI3K/Akt/mTOR;,Autophagy; PKA; PKA; Ribosomal S6 Kinase (RSK); Akt;,"AZD5363, a novel pyrrolopyrimidine-derived compound, inhibits all AKT isoforms (IC50 <10 nM).
IC50 Value: <10 nM(Akt1/2/3)
Target: pan-Akt
AZD5363 has potential to treat a range of solid and hematologic tumors as monotherapy or a combinatorial agent, and has potential for personalized medicine based on the genetic status of PIK3CA, PTEN, and RAS.
in vitro: AZD5363, a novel pyrrolopyrimidine-derived compound, inhibited all AKT isoforms with a potency of 10 nmol/L or less and inhibited phosphorylation of AKT substrates in cells with a potency of approximately 0.3 to 0.8 ¦Ìmol/L.",inhibitor,HAMDB plain Inhibitor (Autophagy in Pathway/Target)
Salubrinal,HAMDB57,405060-95-9,5717801.0,C1=CC=C(C=C1)C=CC(=O)NC(C(Cl)(Cl)Cl)NC(=S)NC2=CC=CC3=C2N=CC=C3,Inhibitor,Autophagy; Cell Cycle/DNA Damage;,Autophagy; PERK;,"Salubrinal is a selective inhibitor of eukaryotic translation initiation factor 2 subunit ¦Á (eIF2¦Á) dephosphorylation.
IC50 value: 
Target: eIF2¦Á
Salubrinal suppressed CdCl2-induced cellular damage and cell death.",inhibitor,HAMDB plain Inhibitor (Autophagy in Pathway/Target)
SR9009,HAMDB58,1379686-30-2,57394020.0,CCOC(=O)N1CCC(C1)CN(CC2=CC=C(C=C2)Cl)CC3=CC=C(S3)[N+](=O)[O-],Inhibitor,Autophagy,Autophagy,SR9009 is an agonist of  REV-ERB with IC50 = 670 nM for REV-ERB¦Á and IC50 = 800 nM for REV-ERB¦Â.,inhibitor,HAMDB plain Inhibitor (Autophagy in Pathway/Target)
Dexmedetomidine (hydrochloride),HAMDB59,145108-58-3,6918081.0,CC1=C(C(=CC=C1)C(C)C2=CN=CN2)C.Cl,Inhibitor,Autophagy; GPCR/G protein;,Autophagy; Adrenergic Receptor;,"Dexmedetomidine Hydrochloride is an agonist of adrenergic alpha-2 receptor, which is used in veterinary medicine for its analgesic and sedative properties.
Target: Adrenergic alpha-2 Receptor
Dexmedetomidine, acting at alpha(2A) adrenoceptors, must be present during the encoding process to decrease discrete cue fear memory; however, its ability to suppress contextual memory is likely the result of blocking the consolidation process [1].",inhibitor,HAMDB plain Inhibitor (Autophagy in Pathway/Target)
Vancomycin (hydrochloride),HAMDB60,1404-93-9,6420023.0,CC1C(C(CC(O1)OC2C(C(C(OC2OC3=C4C=C5C=C3OC6=C(C=C(C=C6)C(C(C(=O)NC(C(=O)NC5C(=O)NC7C8=CC(=C(C=C8)O)C9=C(C=C(C=C9C(NC(=O)C(C(C1=CC(=C(O4)C=C1)Cl)O)NC7=O)C(=O)O)O)O)CC(=O)N)NC(=O)C(CC(C)C)NC)O)Cl)CO)O)O)(C)N)O.Cl,Inhibitor,Autophagy; Anti-infection;,Autophagy; Antibacterial;,"Vancomycin hydrochloride is a hydrochloride of vancomycin that is a narrow-spectrum glycopeptide antibacterial agent.
IC50 Value: 
Target: Antibacterial
Vancomycin hydrochloride is a glycopeptide antibiotic that interferes with cell wall synthesis.",inhibitor,HAMDB plain Inhibitor (Autophagy in Pathway/Target)
Genipin,HAMDB61,6902-77-8,442424.0,COC(=O)C1=COC(C2C1CC=C2CO)O,Inhibitor,Autophagy,Autophagy,Genipin is a compound isolated from Gardenis jasminoides Ellis fruits which acts as a cell permeable inhibitor of uncoupling protein 2 (UCP2).,inhibitor,HAMDB plain Inhibitor (Autophagy in Pathway/Target)
Mefloquine (hydrochloride),HAMDB62,51773-92-3,65329.0,C1CCNC(C1)C(C2=CC(=NC3=C2C=CC=C3C(F)(F)F)C(F)(F)F)O.Cl,Inhibitor,Autophagy; Anti-infection;,Autophagy; Antiparasitic;,Mefloquine hydrochloride is a quinoline antimalarial drug that is structurally related to the antiarrhythmic agent quinidine.,inhibitor,HAMDB plain Inhibitor (Autophagy in Pathway/Target)
Azathramycin,HAMDB63,76801-85-9,45038801.0,CCC1C(C(C(NCC(CC(C(C(C(C(C(=O)O1)C)OC2CC(C(C(O2)C)O)(C)OC)C)OC3C(C(CC(O3)C)N(C)C)O)(C)O)C)C)O)(C)O,Inhibitor,Autophagy; Anti-infection;,Autophagy; Antibacterial;,"Azithromycin, derived from erythromycin, is a antibiotic.",inhibitor,HAMDB plain Inhibitor (Autophagy in Pathway/Target)
Azithromycin,HAMDB64,83905-01-5,6324605.0,CCC1C(C(C(N(CC(CC(C(C(C(C(C(=O)O1)C)OC2CC(C(C(O2)C)O)(C)OC)C)OC3C(C(CC(O3)C)N(C)C)O)(C)O)C)C)C)O)(C)O,Inhibitor,Autophagy; Anti-infection;,Autophagy; Antiparasitic;,"Azithromycin is an antibiotic for inhibition of parasite growth with IC50 of 8.4 ¦ÌM.
Target: Antiparasitic
Azithromycin is used to treat many different infections.",inhibitor,HAMDB plain Inhibitor (Autophagy in Pathway/Target)
Pantoprazole (sodium),HAMDB65,138786-67-1,15008962.0,COC1=C(C(=NC=C1)CS(=O)C2=NC3=C([N-]2)C=CC(=C3)OC(F)F)OC.[Na+],Inhibitor,Autophagy; Membrane Transporter/Ion Channel;,Autophagy; Proton Pump;,"Pantoprazole sodium salt(SKF96022; Protonix) is a proton pump inhibitor drug used for short-term treatment of erosion and ulceration of the esophagus caused by gastroesophageal reflux disease.
IC50 value:
Target: proton pump inhibitor",inhibitor,HAMDB plain Inhibitor (Autophagy in Pathway/Target)
Clarithromycin,HAMDB66,81103-11-9,84029.0,CCC1C(C(C(C(=O)C(CC(C(C(C(C(C(=O)O1)C)OC2CC(C(C(O2)C)O)(C)OC)C)OC3C(C(CC(O3)C)N(C)C)O)(C)OC)C)C)O)(C)O,Inhibitor,Autophagy; Metabolic Enzyme/Protease; Anti-infection;,Autophagy; Cytochrome P450; Antibacterial;,"Clarithromycin is a macrolide antibiotic and a CYP3A4 inhibitor.
Target: Antibacterial; CYP3A4
Clarithromycin is a macrolide antibiotic used to treat pharyngitis, tonsillitis, acute maxillary sinusitis, acute bacterial exacerbation of chronic bronchitis, pneumonia (especially atypical pneumonias associated with Chlamydophila pneumoniae), skin and skin structure infections.",inhibitor,HAMDB plain Inhibitor (Autophagy in Pathway/Target)
Heparin (sodium salt),HAMDB67,2608411,92044406.0,CC(=O)NC1C(C(C(OC1O)COS(=O)(=O)O)OC2C(C(C(C(O2)C(=O)O)OC3C(C(C(C(O3)CO)OC4C(C(C(C(O4)C(=O)O)O)O)OS(=O)(=O)O)OS(=O)(=O)O)NS(=O)(=O)O)O)OS(=O)(=O)O)O.[Na+],Inhibitor,Autophagy,Autophagy,"Heparin sodium salt(HY-17567A 150U/mg), a highly sulfated glycosaminoglycan, is widely used as an injectable anticoagulant, and has the highest negative charge density of any known biological molecule.",inhibitor,HAMDB plain Inhibitor (Autophagy in Pathway/Target)
Chloroquine (diphosphate),HAMDB68,50-63-5,64927.0,CCN(CC)CCCC(C)NC1=C2C=CC(=CC2=NC=C1)Cl.OP(=O)(O)O.OP(=O)(O)O,Inhibitor,Autophagy; Immunology/Inflammation;,Autophagy; Toll-like Receptor (TLR);,"Chloroquine diphosphate is an antimalarial drug and autophagy/lysosome inhibitor; inhibits Toll-like receptor (TLR) signalling in plasmacytoid dendritic cells (pDCs).
IC50 value:
Target: 
in vitro: CHQ-treated MoLC promoted IL-17A secretion by CD4(+) T cells and elevated RORC mRNA levels, whereas IFN-¦Ã release was reduced.",inhibitor,HAMDB plain Inhibitor (Autophagy in Pathway/Target)
3-Methyladenine,HAMDB69,5142-23-4,1673.0,CN1C=NC(=C2C1=NC=N2)N,Inhibitor,Autophagy; PI3K/Akt/mTOR;,Autophagy; PI3K;,3-Methyladenine (3-MA) is a selective PI3K inhibitor for Vps34 and PI3K¦Ã with IC50 of 25 ¦ÌM and 60 ¦ÌM.,inhibitor,HAMDB plain Inhibitor (Autophagy in Pathway/Target)
Melatonin,HAMDB70,73-31-4,896.0,CC(=O)NCCC1=CNC2=C1C=C(C=C2)OC,Inhibitor,Autophagy,Autophagy,Melatonin is a hormone produced in the brain by the pineal gland from the amino acid tryptophan.,inhibitor,HAMDB plain Inhibitor (Autophagy in Pathway/Target)
Verteporfin,HAMDB71,129497-78-5,5362420.0,CC1=C(C2=CC3=NC(=CC4=C(C(=C(N4)C=C5C6(C(C(=CC=C6C(=N5)C=C1N2)C(=O)OC)C(=O)OC)C)C)CCC(=O)OC)C(=C3C)CCC(=O)O)C=C,Inhibitor,Autophagy; Stem Cells/Wnt;,Autophagy; YAP;,"Verteporfin is a benzoporphyrin derivative monoacid ring A, a photosensitising drug for photodynamic therapy (PDT) activated by low-intensity, nonheat-generating light of 689 nm wavelength, and can inhibit <b>YAP</b> activity.
<i><b>In Vitro:</b></i> Verteporfin is specifically selected by PDX-cell screening.",inhibitor,HAMDB plain Inhibitor (Autophagy in Pathway/Target)
Erythromycin,HAMDB72,114-07-8,12560.0,CCC1C(C(C(C(=O)C(CC(C(C(C(C(C(=O)O1)C)OC2CC(C(C(O2)C)O)(C)OC)C)OC3C(C(CC(O3)C)N(C)C)O)(C)O)C)C)O)(C)O,Inhibitor,Autophagy; Anti-infection;,Autophagy; Antibacterial;,"Erythromycin, an oral macrolide antibiotic produced by Streptomyces erythreus, reversibly binds to the 50S ribosome of bacteria, and inhibits protein synthesis.
Target: Antibacterial
Erythromycin is a macrolide antibiotic that has an antimicrobial spectrum similar to or slightly wider than that of penicillin, and is often prescribed for people who have an allergy to penicillins.",inhibitor,HAMDB plain Inhibitor (Autophagy in Pathway/Target)
Meprednisone,HAMDB73,1247-42-3,5284587.0,CC1CC2C3CCC4=CC(=O)C=CC4(C3C(=O)CC2(C1(C(=O)CO)O)C)C,Inhibitor,Autophagy; GPCR/G protein;,Autophagy; Glucocorticoid Receptor;,"Meprednisone is a glucocorticoid and a methylated derivative of prednisone.
Target: Glucocorticoid Receptor
Meprednisone is a glucocorticoid and a methylated derivative of prednisone.",inhibitor,HAMDB plain Inhibitor (Autophagy in Pathway/Target)
Methylprednisolone,HAMDB74,83-43-2,6741.0,CC1CC2C3CCC(C3(CC(C2C4(C1=CC(=O)C=C4)C)O)C)(C(=O)CO)O,Inhibitor,Autophagy; GPCR/G protein;,Autophagy; Glucocorticoid Receptor;,"Methylprednisolone is a synthetic corticosteroid with anti-inflammatory and immunomodulating properties.
Target: Glucocorticoid Receptor
Methylprednisolone is typically used for its anti-inflammatory effects.",inhibitor,HAMDB plain Inhibitor (Autophagy in Pathway/Target)
Atropine (sulfate monohydrate),HAMDB75,5908-99-6,656678.0,CN1C2CCC1CC(C2)OC(=O)C(CO)C3=CC=CC=C3.CN1C2CCC1CC(C2)OC(=O)C(CO)C3=CC=CC=C3.O.OS(=O)(=O)O,Inhibitor,Autophagy; Neuronal Signaling; GPCR/G protein;,Autophagy; mAChR; mAChR;,"Atropine sulfate monohydrate is a competitive muscarinic acetylcholine receptor antagonist.
Target: mAChR
Atropine is a naturally occurring tropane alkaloid extracted from deadly nightshade (Atropa belladonna), Jimson weed (Datura stramonium), mandrake (Mandragora officinarum) and other plants of the family Solanaceae.",inhibitor,HAMDB plain Inhibitor (Autophagy in Pathway/Target)
Propranolol (hydrochloride),HAMDB76,318-98-9,62882.0,CC(C)NCC(COC1=CC=CC2=CC=CC=C21)O.Cl,Inhibitor,Autophagy; GPCR/G protein;,Autophagy; Adrenergic Receptor;,"Propranolol Hydrochloride is a widely used non-cardioselective beta-adrenergic antagonist.
Target: beta- Adrenergic Receptor
Propranolol is a sympatholytic non-selective beta blocker.",inhibitor,HAMDB plain Inhibitor (Autophagy in Pathway/Target)
Isosorbide mononitrate,HAMDB77,16051-77-7,27661.0,C1C(C2C(O1)C(CO2)O[N+](=O)[O-])O,Inhibitor,Autophagy,Autophagy,Isosorbide mononitrate(Isosorbide-5-mononitrate) is a nitrate-class compound used for angina pectoris; acts by dilating the blood vessels so as to reduce the blood pressure.,inhibitor,HAMDB plain Inhibitor (Autophagy in Pathway/Target)
MHY1485,HAMDB78,326914-06-1,2834965.0,C1COCCN1C2=NC(=NC(=N2)NC3=CC=C(C=C3)[N+](=O)[O-])N4CCOCC4,Inhibitor,Autophagy; PI3K/Akt/mTOR;,Autophagy; mTOR;,"MHY1485 is a mTOR activator; inhibits the autophagic process by inhibition of fusion between autophagosomes and lysosomes leading to the accumulation of LC3II protein and enlarged autophagosomes.
IC50 value:
Target: mTOR activator; Autophagy inhibitor
in vitro: Treatment with MHY1485 suppressed the basal autophagic flux, and this inhibitory effect was clearly confirmed in cells under starvation, a strong physiological inducer of autophagy.",inhibitor,HAMDB plain Inhibitor (Autophagy in Pathway/Target)
Lumefantrine,HAMDB79,82186-77-4,6437380.0,CCCCN(CCCC)CC(C1=C2C3=C(C=C(C=C3)Cl)C(=CC4=CC=C(C=C4)Cl)C2=CC(=C1)Cl)O,Inhibitor,Autophagy; Anti-infection;,Autophagy; Antiparasitic;,"Lumefantrine is an antimalarial drug, used in combination with Artemether.",inhibitor,HAMDB plain Inhibitor (Autophagy in Pathway/Target)
Theophylline,HAMDB80,58-55-9,2153.0,CN1C2=C(C(=O)N(C1=O)C)NC=N2,Inhibitor,Autophagy; Metabolic Enzyme/Protease; GPCR/G protein;,Autophagy; Phosphodiesterase (PDE); Adenosine Receptor;,Theophylline is a methylated xanthine derivative; competitive nonselective phosphodiesterase inhibitor and nonselective adenosine receptor antagonist.,inhibitor,HAMDB plain Inhibitor (Autophagy in Pathway/Target)
Erythromycin Ethylsuccinate,HAMDB81,1264-62-6,443953.0,CCC1C(C(C(C(=O)C(CC(C(C(C(C(C(=O)O1)C)OC2CC(C(C(O2)C)O)(C)OC)C)OC3C(C(CC(O3)C)N(C)C)OC(=O)CCC(=O)OCC)(C)O)C)C)O)(C)O,Inhibitor,Autophagy,Autophagy,"Erythromycin Ethylsuccinate is an antibiotic useful for the treatment of a number of bacterial infections, has an antimicrobial spectrum similar to or slightly wider than that of penicillin.",inhibitor,HAMDB plain Inhibitor (Autophagy in Pathway/Target)
Esmolol hydrochloride,HAMDB82,81161-17-3,104769.0,CC(C)NCC(COC1=CC=C(C=C1)CCC(=O)OC)O.Cl,Inhibitor,Autophagy; GPCR/G protein;,Autophagy; Adrenergic Receptor;,"Esmolol Hydrochloride is a beta adrenergic receptor blocker.
Target: Adrenergic receptor
Esmolol Hydrochloride is the hydrochloride salt form of Esmolol, a short and rapid-acting beta adrenergic antagonist belonging to the class II anti-arrhythmic drugs and devoid of intrinsic sympathomimetic activity.",inhibitor,HAMDB plain Inhibitor (Autophagy in Pathway/Target)
Emetine (dihydrochloride hydrate),HAMDB83,7083-71-8,201899.0,CCC1CN2CCC3=CC(=C(C=C3C2CC1CC4C5=CC(=C(C=C5CCN4)OC)OC)OC)OC.O.Cl.Cl,Inhibitor,Autophagy; Anti-infection;,Autophagy; Antiparasitic;,"Emetine (dihydrochloride hydrate) is an anti-protozoal drug previously used for intestinal and tissue amoebiasis.
IC50 value:
Target:
In vitro: Emetine dihydrochloride hydrate is reported to have an IC<sub>50</sub> value of 1 nM on the drug sensitive 3D7 P.",inhibitor,HAMDB plain Inhibitor (Autophagy in Pathway/Target)
Icariin,HAMDB84,489-32-7,5318997.0,CC1C(C(C(C(O1)OC2=C(OC3=C(C2=O)C(=CC(=C3CC=C(C)C)OC4C(C(C(C(O4)CO)O)O)O)O)C5=CC=C(C=C5)OC)O)O)O,Inhibitor,Autophagy,Autophagy,"Icariin(Ieariline) is a major constituent of flavonoids from the Chinese medicinal herb Epimedium brevicornum; exhibits multiple biological properties, including anti-inflammatory, neuroregulatory and neuroprotective activities.",inhibitor,HAMDB plain Inhibitor (Autophagy in Pathway/Target)
Bilobalide,HAMDB85,33570-04-6,73581.0,CC(C)(C)C1(CC2C3(C14C(C(=O)OC4OC3=O)O)CC(=O)O2)O,Inhibitor,Autophagy,Autophagy,Bilobalide is a biologically active terpenic trilactone present in Ginkgo biloba.,inhibitor,HAMDB plain Inhibitor (Autophagy in Pathway/Target)
Apocynin,HAMDB86,498-02-2,2214.0,CC(=O)C1=CC(=C(C=C1)O)OC,Inhibitor,Autophagy,Autophagy,"Apocynin is a selective NADPH-oxidase inhibitor with IC50 of 10 ¦ÌM.
apocynin is an intracellular inhibitor of the assembly of NADPH oxidase in neutrophils and eosinophils and that apocynin requires conversion by peroxidases to exert its inhibitory effec [1] 
Apocynin can decrease the production of superoxide (O(2)(-)) from activated neutrophils and macrophages.",inhibitor,HAMDB plain Inhibitor (Autophagy in Pathway/Target)
Rhein,HAMDB87,478-43-3,10168.0,C1=CC2=C(C(=C1)O)C(=O)C3=C(C=C(C=C3C2=O)C(=O)O)O,Inhibitor,Autophagy,Autophagy,"Rhein is a lipophilic anthraquinone extensively found in medicinal herbs, and has many pharmacological effects, including epatoprotective, nephroprotective, anti-inflammatory, antioxidant, anticancer, and antimicrobial activities.",inhibitor,HAMDB plain Inhibitor (Autophagy in Pathway/Target)
Danshensu (sodium salt),HAMDB88,67920-52-9,23711819.0,C1=CC(=C(C=C1CC(C(=O)[O-])O)O)O.[Na+],Inhibitor,Autophagy,Autophagy,Danshensu (sodium salt) is odium salt of danshensu from the widely used Chinese herb Danshen.,inhibitor,HAMDB plain Inhibitor (Autophagy in Pathway/Target)
Taxifolin,HAMDB89,480-18-2,439533.0,C1=CC(=C(C=C1C2C(C(=O)C3=C(C=C(C=C3O2)O)O)O)O)O,Inhibitor,Autophagy,Autophagy,"Taxifolin(Dihydroquercetin) is a flavanonol, a type of flavonoid; exhibits antitumor and antidiabetic properties.
IC50 value:
Target: 
in vitro: EGF receptor (EGFR), phosphoinositide 3-kinase (PI3K), and Src are potential targets for taxifolin.",inhibitor,HAMDB plain Inhibitor (Autophagy in Pathway/Target)
Ligustilide,HAMDB90,4431-01-0,5319022.0,CCCC=C1C2=C(C=CCC2)C(=O)O1,Inhibitor,Autophagy,Autophagy,"Ligustilide is an effective constituent extracted from Angelica sinensis.
IC50 value:
Target:
In vitro: To investigate the neuroprotective of ligustilide (LIG) against glutamate-induced apoptosis of PC12 cells, cell viability were examined by MTT assay.",inhibitor,HAMDB plain Inhibitor (Autophagy in Pathway/Target)
Leonurine,HAMDB91,24697-74-3,161464.0,COC1=CC(=CC(=C1O)OC)C(=O)OCCCCN=C(N)N,Inhibitor,Autophagy; Immunology/Inflammation;,Autophagy; Toll-like Receptor (TLR);,"Leonurine, a natural alkaloid extracted from <i>Herba leonuri</i>, has been proved to have anti-inflammatory effect.
IC50 & Target:      
In Vitro: Leonurine can obviously attenuate the spontaneous excitatory postsynaptic current amplitude and frequency on pyramidal neurons<sup>[1]</sup>.",inhibitor,HAMDB plain Inhibitor (Autophagy in Pathway/Target)
Leonurine (hydrochloride),HAMDB92,24735-18-0,46837042.0,COC1=CC(=CC(=C1O)OC)C(=O)OCCCCN=C(N)N.Cl,Inhibitor,Autophagy,Autophagy,"Leonurine (hydrochloride), a major alkaloid compound extracted from <i>Leonurus japonicas</i> Houtt.",inhibitor,HAMDB plain Inhibitor (Autophagy in Pathway/Target)
Danshensu,HAMDB93,76822-21-4,11600642.0,C1=CC(=C(C=C1CC(C(=O)O)O)O)O,Inhibitor,Autophagy,Autophagy,"Danshensu, an active ingredient of <i>Salvia miltiorrhiza</i>, shows wide cardiovascular benefit.
IC50:      
In Vitro: Danshensu (DSS) significantly decreases the level of the marker enzymes (creatine kinase and lactate dehydrogenase) from the coronary effluents and myocardial infarction size.",inhibitor,HAMDB plain Inhibitor (Autophagy in Pathway/Target)
Vandetanib trifluoroacetate,HAMDB94,338992-53-3,17973223.0,CN1CCC(CC1)COC2=C(C=C3C(=C2)N=CN=C3NC4=C(C=C(C=C4)Br)F)OC.C(=O)(C(F)(F)F)O,Activator,Autophagy; Protein Tyrosine Kinase/RTK,VEGFR; Autophagy,Vandetanib trifluoroacetate is a potent inhibitor of VEGFR2 with IC50 of 40 nM.,activator,HAMDB plain Activator (Autophagy in Pathway/Target)
Norepinephrine hydrochloride,HAMDB95,329-56-6,11672905.0,C1=CC(=C(C=C1C(CN)O)O)O.Cl,Activator,Autophagy; GPCR/G Protein,Adrenergic Receptor; Autophagy,Norepinephrine hydrochloride is a ¦Â1-selective adrenergic receptor agonist with EC50 of 5.37 ¦ÌM.,activator,HAMDB plain Activator (Autophagy in Pathway/Target)
Erlotinib mesylate,HAMDB96,248594-19-6,9913428.0,COCCOC1=C(C=C2C(=C1)C(=NC=N2)NC3=CC=CC(=C3)C#C)OCCOC.CS(=O)(=O)O,Activator,Autophagy; Protein Tyrosine Kinase/RTK; JAK/STAT Signaling,EGFR; Autophagy,Erlotinib mesylate inhibits purified EGFR kinase with an IC50 of 2 nM.,activator,HAMDB plain Activator (Autophagy in Pathway/Target)
H 89,HAMDB97,127243-85-0,449241.0,C1=CC2=C(C=CN=C2)C(=C1)S(=O)(=O)NCCNCC=CC3=CC=C(C=C3)Br,Activator,Autophagy; Stem Cell/Wnt; Protein Tyrosine Kinase/RTK,PKA; Autophagy,"H-89 is a potent inhibitor of cyclic AMP-dependent protein kinase (protein kinase A) with IC50 of 48 nM and has weak inhibition on PKG, PKC, Casein Kinase, and others kinases.",activator,HAMDB plain Activator (Autophagy in Pathway/Target)
Imiquimod maleate,HAMDB98,896106-16-4,11595577.0,CC(C)CN1C=NC2=C1C3=CC=CC=C3N=C2N.C(=CC(=O)O)C(=O)O,Activator,Autophagy; Immunology/Inflammation,Toll-like Receptor (TLR); Autophagy,Imiquimod maleate is an immune response modifier that acts as a toll-like receptor 7agonist,activator,HAMDB plain Activator (Autophagy in Pathway/Target)
Amsacrine hydrochloride,HAMDB99,54301-15-4,148673.0,COC1=C(C=CC(=C1)NS(=O)(=O)C)NC2=C3C=CC=CC3=NC4=CC=CC=C42.Cl,Activator,Autophagy; Cell Cycle/DNA Damage,Topoisomerase; Autophagy,"Amsacrine hydrochloride is a specific topoisomerase II inhibitor, acts as an antineoplastic agent which can intercalates into the DNA of tumor cells.",activator,HAMDB plain Activator (Autophagy in Pathway/Target)
Pemetrexed,HAMDB100,137281-23-3,446556.0,C1=CC(=CC=C1CCC2=CNC3=C2C(=O)N=C(N3)N)C(=O)NC(CCC(=O)O)C(=O)O,Activator,Autophagy; Cell Cycle/DNA Damage,Antifolate; Autophagy,"Pemetrexed is a novel antifolate, the Ki values of the pentaglutamate of LY231514 are 1.3, 7.2, and 65 nM for inhibits thymidylate synthase (TS), dihydrofolate reductase (DHFR), and glycinamide ribonucleotide formyltransferase (GARFT), respectively.",activator,HAMDB plain Activator (Autophagy in Pathway/Target)
Fluoxetine,HAMDB101,54910-89-3,3386.0,CNCCC(C1=CC=CC=C1)OC2=CC=C(C=C2)C(F)(F)F,Activator,Autophagy; Neuronal Signaling,Serotonin Transporter; Autophagy,Fluoxetine is a selective serotonin reuptake inhibitor (SSRI) class used for antidepressant research.,activator,HAMDB plain Activator (Autophagy in Pathway/Target)
Imiquimod hydrochloride,HAMDB102,99011-78-6,13982876.0,CC(C)CN1C=NC2=C1C3=CC=CC=C3N=C2N.Cl,Activator,Autophagy; Immunology/Inflammation,Toll-like Receptor (TLR); Autophagy,Imiquimod hydrochloride is an immune response modifier that acts as a toll-like receptor 7agonist.,activator,HAMDB plain Activator (Autophagy in Pathway/Target)
Oxyphenisatin acetate,HAMDB103,115-33-3,8269.0,CC(=O)OC1=CC=C(C=C1)C2(C3=CC=CC=C3NC2=O)C4=CC=C(C=C4)OC(=O)C,Activator,Autophagy,Autophagy,"Oxyphenisatin acetate, the pro-drug of oxyphenisatin, is used to be a laxative.",activator,HAMDB plain Activator (Autophagy in Pathway/Target)
Valproic acid,HAMDB104,99-66-1,3121.0,CCCC(CCC)C(=O)O,Activator,Autophagy; Epigenetics; Cell Cycle/DNA Damage,HDAC; Autophagy,"Valproic acid is an HDAC inhibitor by selectively inducing proteasomal degradation of HDAC2, used in the treatment of epilepsy, bipolar disorder and prevention of migraine headaches.",activator,HAMDB plain Activator (Autophagy in Pathway/Target)
PTC-209 hydrobromide,HAMDB105,1217022-63-3,76458124.0,CC1=C(N2C=CC=NC2=N1)C3=CSC(=N3)NC4=C(C=C(C=C4Br)OC)Br.Br,Activator,Autophagy,BMI-1,PTC-209 hydrobromide is a specific BMI-1 inhibitor with IC50 of 0.5 ¦ÌM in both GEMS reporter and ELISA assays.,activator,HAMDB plain Activator (Autophagy in Pathway/Target)
Vandetanib hydrochloride,HAMDB106,524722-52-9,23133323.0,CN1CCC(CC1)COC2=C(C=C3C(=C2)N=CN=C3NC4=C(C=C(C=C4)Br)F)OC.Cl,Activator,Autophagy; Protein Tyrosine Kinase/RTK,VEGFR;?Autophagy,Vandetanib hydrochloride is a potent inhibitor of VEGFR2 with IC50 of 40 nM.,activator,HAMDB plain Activator (Autophagy in Pathway/Target)
Cytarabine hydrochloride,HAMDB107,69-74-9,6252.0,C1=CN(C(=O)N=C1N)C2C(C(C(O2)CO)O)O.Cl,Activator,Autophagy; Cell Cycle/DNA Damage,Nucleoside Antimetabolite/Analog; Autophagy,Cytarabine hydrochloride is an antimetabolic agent and DNA synthesis inhibitor with IC50 of 16 nM.,activator,HAMDB plain Activator (Autophagy in Pathway/Target)
Paroxetine hydrochloride hemihydrate,HAMDB108,110429-35-1,5282487.0,C1CNCC(C1C2=CC=C(C=C2)F)COC3=CC4=C(C=C3)OCO4.C1CNCC(C1C2=CC=C(C=C2)F)COC3=CC4=C(C=C3)OCO4.O.Cl.Cl,Activator,Autophagy; Neuronal Signaling,Serotonin Transporter; Autophagy,"Paroxetine hydrochloride hemihydrate is a potent selective serotonin-reuptake inhibitor, commonly prescribed as an antidepressant and has GRK2 inhibitory ability with IC50 of 14?¦ÌM.",activator,HAMDB plain Activator (Autophagy in Pathway/Target)
Corynoxine B,HAMDB109,17391-18-3,10091424.0,CCC1CN2CCC3(C2CC1C(=COC)C(=O)OC)C4=CC=CC=C4NC3=O,Activator,Autophagy,Autophagy,Corynoxine B is an oxindole alkaloid isolated from Uncaria rhynchophylla (Miq.) Jacks (Gouteng in Chinese); a Beclin-1-dependent autophagy inducer. IC50 value: Target: Autophagy inducer.,activator,HAMDB plain Activator (Autophagy in Pathway/Target)
5-Aminolevulinic acid hydrochloride,HAMDB110,5451-09-2,123608.0,C(CC(=O)O)C(=O)CN.Cl,Activator,Autophagy,Autophagy,5-Aminolevulinic acid HCl is an intermediate in heme biosynthesis in the body and the universal precursor of tetrapyrroles. Target: Others 5-Aminolevulinic acid is a non-fluorescent prodrug that leads to intracellular accumulation of fluorescent porphyrins in malignant gliomas-a finding that is under investigation for intraoperative identification and resection of these tumours.,activator,HAMDB plain Activator (Autophagy in Pathway/Target)
Betulinic acid,HAMDB111,472-15-1,64971.0,CC(=C)C1CCC2(C1C3CCC4C5(CCC(C(C5CCC4(C3(CC2)C)C)(C)C)O)C)C(=O)O,Activator,Autophagy; Cell Cycle/DNA Damage; Apoptosis,Apoptosis; Topoisomerase; Autophagy,"Betulinic acid, a pentacyclic triterpene, selectively induces apoptosis in tumor cells, also is a inhibitor of HIV-1 with EC50 of 1.4 ¦Ì M. IC50 Value: 1.4 ¦ÌM (EC50, HIV1) Target: Apoptosis inducer; Topoisomerase",activator,HAMDB plain Activator (Autophagy in Pathway/Target)
Amiodarone hydrochloride,HAMDB112,19774-82-4,441325.0,CCCCC1=C(C2=CC=CC=C2O1)C(=O)C3=CC(=C(C(=C3)I)OCCN(CC)CC)I.Cl,Activator,Autophagy; Membrane Transporter/Ion Channel,Potassium Channel; Autophagy,"Amiodarone is an antiarrhythmic drug for inhibition of ATP-sensitive potassium channel with IC50 of 19.1 ¦ÌM. IC50 Value: 1.5 uM ( inhibit TBARS, LOOH and FPL formation).",activator,HAMDB plain Activator (Autophagy in Pathway/Target)
Isoliquiritigenin,HAMDB113,961-29-5,638278.0,C1=CC(=CC=C1C=CC(=O)C2=C(C=C(C=C2)O)O)O,Activator,Autophagy; Metabolic Enzyme/Protease,Aldose Reductase; Autophagy,"Isoliquiritigenin is an anti-tumor flavonoid from the root of Glycyrrhiza glabra, which inhibits aldose reductase with an IC50 of 320 nM.",activator,HAMDB plain Activator (Autophagy in Pathway/Target)
Tubastatin A Hydrochloride,HAMDB114,1310693-92-5,57336514.0,CN1CCC2=C(C1)C3=CC=CC=C3N2CC4=CC=C(C=C4)C(=O)NO.Cl,Activator,Autophagy; Epigenetics; Cell Cycle/DNA Damage,HDAC; Autophagy,"Tubastatin A (Hydrochloride) is a potent and selective HDAC6 inhibitor with IC50 of 15 nM in a cell-free assay, and is selective (1000-fold more) against all other isozymes except HDAC8 (57-fold more).",activator,HAMDB plain Activator (Autophagy in Pathway/Target)
Zebularine,HAMDB115,3690-10-6,100016.0,C1=CN(C(=O)N=C1)C2C(C(C(O2)CO)O)O,Activator,Autophagy; Epigenetics,DNA Methyltransferase; Autophagy,Zebularine (NSC309132; 4-Deoxyuridine) is a DNA methyltransferase inhibitor; also an inhibitor of cytidine deaminase with a Ki of 0.95 ¦ÌM.,activator,HAMDB plain Activator (Autophagy in Pathway/Target)
Cryptotanshinone,HAMDB116,35825-57-1,160254.0,CC1COC2=C1C(=O)C(=O)C3=C2C=CC4=C3CCCC4(C)C,Activator,Autophagy; Stem Cell/Wnt; JAK/STAT Signaling,STAT3,"Cryptotanshinone is a potent STAT3 inhibitor with IC50 of 4.6 ¦ÌM, and inhibits STAT3 Tyr705 phosphorylation in DU145 prostate cancer cells.",activator,HAMDB plain Activator (Autophagy in Pathway/Target)
Curcumin,HAMDB117,458-37-7,969516.0,COC1=C(C=CC(=C1)C=CC(=O)CC(=O)C=CC2=CC(=C(C=C2)O)OC)O,Activator,Autophagy,Nrf2,"Curcumin is a natural phenolic compound with impressive antioxidant properties, exerting chemopreventive effects partly through the activation of nuclear factor (erythroid-2 related) factor 2 (Nrf2).",activator,HAMDB plain Activator (Autophagy in Pathway/Target)
Quercetin,HAMDB118,117-39-5,5280343.0,C1=CC(=C(C=C1C2=C(C(=O)C3=C(C=C(C=C3O2)O)O)O)O)O,Activator,Autophagy; PI3K/Akt/mTOR,PI3K,"Quercetin, a natural flavonoid, is a stimulator of recombinant SIRT1 and also a PI3K inhibitor with IC50 of 2.4-5.4 ¦ÌM.",activator,HAMDB plain Activator (Autophagy in Pathway/Target)
Tacrolimus,HAMDB119,104987-11-3,445643.0,CC1CC(C2C(CC(C(O2)(C(=O)C(=O)N3CCCCC3C(=O)OC(C(C(CC(=O)C(C=C(C1)C)CC=C)O)C)C(=CC4CCC(C(C4)OC)O)C)O)C)OC)OC,Activator,Autophagy; mTOR,PP2B,Tacrolimus binds to FK506 binding protein (FKBP). This complex inhibits calcineurin phosphatase (PP2B). Tacrolimus is a mTOR-independent autophagy inducer.,activator,HAMDB plain Activator (Autophagy in Pathway/Target)
SKF-96365 (hydrochloride),HAMDB120,130495-35-1,104955.0,COC1=CC=C(C=C1)CCCOC(CN2C=CN=C2)C3=CC=C(C=C3)OC.Cl,Activator,Autophagy; Membrane Transporter/Ion Channel;,Autophagy; TRP Channel;,"SKF-96365 hydrochloride, an <b>SOCE</b> inhibitor, exhibits potent anti-neoplastic activity by inducing cell-cycle arrest and apoptosis in colorectal cancer cells.
InVitro: SKF-96365 exhibits potent anti-neoplastic activity by inducing cell-cycle arrest and apoptosis in colorectal cancer cells.",activator,HAMDB plain Activator (Autophagy in Pathway/Target)
Flavopiridol,HAMDB121,146426-40-6,5287969.0,CN1CCC(C(C1)O)C2=C(C=C(C3=C2OC(=CC3=O)C4=CC=CC=C4Cl)O)O,Activator,Autophagy; Cell Cycle/DNA Damage;,Autophagy; CDK;,"Flavopiridol competes with ATP to inhibit CDKs including CDK1, CDK2, CDK4 and CDK6 with IC50 of ~ 40 nM.",activator,HAMDB plain Activator (Autophagy in Pathway/Target)
Flavopiridol (Hydrochloride),HAMDB122,131740-09-5,9910986.0,CN1CCC(C(C1)O)C2=C(C=C(C3=C2OC(=CC3=O)C4=CC=CC=C4Cl)O)O.Cl,Activator,Autophagy; Cell Cycle/DNA Damage;,Autophagy; CDK;,"Flavopiridol hydrochloride competes with ATP to inhibit CDKs including CDK1, CDK2, CDK4 and CDK6 with IC50 of ~ 40 nM.",activator,HAMDB plain Activator (Autophagy in Pathway/Target)
Nutlin (3a),HAMDB123,675576-98-4,11433190.0,CC(C)OC1=C(C=CC(=C1)OC)C2=NC(C(N2C(=O)N3CCNC(=O)C3)C4=CC=C(C=C4)Cl)C5=CC=C(C=C5)Cl,Activator,Autophagy; Apoptosis;,"Autophagy; MDM-2, p53;",Nutlin-3 is MDM2 antagonist.,activator,HAMDB plain Activator (Autophagy in Pathway/Target)
TBHQ,HAMDB124,1948-33-0,16043.0,CC(C)(C)C1=C(C=CC(=C1)O)O,Activator,Autophagy,Autophagy,"TBHQ is a phenolic antioxidant, a selective inducer of Nrf2 in a preclinical model of ICH.( Intracerebral hemorrhage ).
In vivo :The administration of TBHQ enhanced the DNA-binding activity of Nrf2 in the brain and reduced oxidative brain damage in comparison to vehicle-treated ICH.",activator,HAMDB plain Activator (Autophagy in Pathway/Target)
JPH203,HAMDB125,1037592-40-7,24853505.0,C1=CC=C(C=C1)C2=NC3=C(O2)C(=CC(=C3)N)COC4=C(C=C(C=C4Cl)CC(C(=O)O)N)Cl,Activator,Autophagy,Autophagy,"JPH203 is a potent and selective L-type amino acid transporter 1 inhibitor (<b>LAT1</b>), used for cancer research.",activator,HAMDB plain Activator (Autophagy in Pathway/Target)
AS-605240,HAMDB126,648450-29-7,5289247.0,C1=CC2=NC=CN=C2C=C1C=C3C(=O)NC(=O)S3,Activator,Autophagy; PI3K/Akt/mTOR;,Autophagy; PI3K;,AS-605240 is a potent and selective inhibitor of PI 3-kinase ¦Ã (PI3K¦Ã) (IC50 = 8 nM).,activator,HAMDB plain Activator (Autophagy in Pathway/Target)
Veliparib,HAMDB127,912444-00-9,11960529.0,CC1(CCCN1)C2=NC3=C(C=CC=C3N2)C(=O)N,Activator,Autophagy; Epigenetics; Cell Cycle/DNA Damage;,Autophagy; PARP; PARP;,"Veliparib (ABT-888) is a potent inhibitor of PARP1 and PARP2 with Ki of 5.2 nM and 2.9 nM, respectively.
IC50 Value: 5.2 nM(Ki for PARP1); 2.9 nM(Ki for PARP2) [1]
Target: PARP1; PARP2
in vitro: ABT-888 is a potent inhibitor of both PARP-1 and PARP-2 with K(i)s of 5.2 and 2.9 nmol/L, respectively.",activator,HAMDB plain Activator (Autophagy in Pathway/Target)
Veliparib (dihydrochloride),HAMDB128,912445-05-7,45480520.0,CC1(CCCN1)C2=NC3=C(C=CC=C3N2)C(=O)N.Cl.Cl,Activator,Autophagy; Epigenetics; Cell Cycle/DNA Damage;,Autophagy; PARP; PARP;,"Veliparib (ABT-888) is a potent inhibitor of PARP1 and PARP2 with Ki of 5.2 nM and 2.9 nM, respectively.
IC50 Value: 5.2 nM(Ki for PARP1); 2.9 nM(Ki for PARP2) [1]
Target: PARP1; PARP2
in vitro: ABT-888 is a potent inhibitor of both PARP-1 and PARP-2 with K(i)s of 5.2 and 2.9 nmol/L, respectively.",activator,HAMDB plain Activator (Autophagy in Pathway/Target)
Nilotinib,HAMDB129,641571-10-0,644241.0,CC1=C(C=C(C=C1)C(=O)NC2=CC(=CC(=C2)N3C=C(N=C3)C)C(F)(F)F)NC4=NC=CC(=N4)C5=CN=CC=C5,Activator,Autophagy; Protein Tyrosine Kinase/RTK;,Autophagy; Bcr-Abl;,"Nilotinib (AMN-107) is a Bcr-Abl inhibitor with IC50 less than 30 nM.
IC50 value: < 30 nM [1]
Target: Bcr-Abl
in vitro: Nilotinib (AMN107) is significantly more potent against BCR-ABL than imatinib, and is active against many imatinib-resistant BCR-ABL mutants [1].",activator,HAMDB plain Activator (Autophagy in Pathway/Target)
Nilotinib (monohydrochloride monohydrate),HAMDB130,923288-90-8,16757572.0,CC1=C(C=C(C=C1)C(=O)NC2=CC(=CC(=C2)N3C=C(N=C3)C)C(F)(F)F)NC4=NC=CC(=N4)C5=CN=CC=C5.O.Cl,Activator,Autophagy; Protein Tyrosine Kinase/RTK;,Autophagy; Bcr-Abl;,"Nilotinib (AMN-107) is a Bcr-Abl inhibitor with IC50 less than 30 nM.
IC50 value: < 30 nM [1]
Target: Bcr-Abl
in vitro: Nilotinib (AMN107) is significantly more potent against BCR-ABL than imatinib, and is active against many imatinib-resistant BCR-ABL mutants [1].",activator,HAMDB plain Activator (Autophagy in Pathway/Target)
Tozasertib,HAMDB131,639089-54-6,5494449.0,CC1=CC(=NN1)NC2=NC(=NC(=C2)N3CCN(CC3)C)SC4=CC=C(C=C4)NC(=O)C5CC5,Activator,Autophagy; Epigenetics; Cell Cycle/DNA Damage;,Autophagy; Aurora Kinase; Aurora Kinase;,"Tozasertib (MK-0457; VX-680) is the inhibitor of Aurora-A, -B, -C kinases with Ki values of 0.6, 18, 4.6 nM respectively.
IC50 Value: 0.6 nM(Ki for Aurora A); 18 nM (Ki for Aurora B); 4.6 nM (Ki for Aurora C)
Target: Aurora Kinase
in vitro: VX-680 induces similar cytotoxicity with IC50 of approximately 300 nM and exhibits an AUR B-like inhibitory phenotype of G2/M arrest, endoreduplication and apoptosis in BaF3 cells transfected with ABL or FLT-3 (mutant and wild type) kinases.",activator,HAMDB plain Activator (Autophagy in Pathway/Target)
Olaparib,HAMDB132,763113-22-0,23725625.0,C1CC1C(=O)N2CCN(CC2)C(=O)C3=C(C=CC(=C3)CC4=NNC(=O)C5=CC=CC=C54)F,Activator,Autophagy; Epigenetics; Cell Cycle/DNA Damage;,Autophagy; PARP; PARP;,"Olaparib (AZD2281,  KU0059436) is a potent PARP inhibitor with IC50 of 5 and 1 nM for PARP-1and PARP-2, respectively.
IC50 Value: 5 nM(PARP-1); 1 nM(PARP-2)
Target:  PARP
in vitro: Olaparib would act against BRCA1 or BRCA2 mutations.",activator,HAMDB plain Activator (Autophagy in Pathway/Target)
Danusertib,HAMDB133,827318-97-8,11442891.0,CN1CCN(CC1)C2=CC=C(C=C2)C(=O)NC3=NNC4=C3CN(C4)C(=O)C(C5=CC=CC=C5)OC,Activator,Autophagy; Epigenetics; Cell Cycle/DNA Damage;,Autophagy; Aurora Kinase; Aurora Kinase;,"Danusertib (PHA-739358) is a pyrrolo-pyrazole and small molecule Aurora kinases inhibitor with IC50 of 13, 79, and 61 nM for Aurora A, B, and C, respectively.
IC50 Value: 13  nM(Aurora A); 79 nM(Aurora B); 61 nM(Aurora C)
Target: Aurora Kinase
in vitro: Danusertib inhibits the activities of other kinases such as FGFR1, Abl, Ret and Trka, with IC50 of 47 nM, 25 nM, 31 nM and 31 nM, respectively.",activator,HAMDB plain Activator (Autophagy in Pathway/Target)
Dasatinib,HAMDB134,302962-49-8,3062316.0,CC1=C(C(=CC=C1)Cl)NC(=O)C2=CN=C(S2)NC3=NC(=NC(=C3)N4CCN(CC4)CCO)C,Activator,Autophagy; Protein Tyrosine Kinase/RTK; Protein Tyrosine Kinase/RTK;,Autophagy; Bcr-Abl; Src;,"Dasatinib(BMS-354825) is a potent and dual Abl/ Src inhibitor IC50 of £¼1 nM/0.8 nM respectively; also inhibit c-Kit (WT)/c-Kit (D816V) with IC50 of 79 nM/37 nM.
IC50 value: £¼1 nM/0.8 nM(Abl/ Src); 79 nM/37 nM (c-Kit WT/c-Kit D816V) [1] [2]
Target: Abl; Src; c-Kit
in vitro: Dasatinib is more effective than imatinib in inhibiting the proliferation of Ba/F3 cells expressing wild-type Bcr-Abl and Bcr-Abl mutants, with the exception of T315I.",activator,HAMDB plain Activator (Autophagy in Pathway/Target)
Dasatinib (hydrochloride),HAMDB135,854001-07-3,11466607.0,CC1=C(C(=CC=C1)Cl)NC(=O)C2=CN=C(S2)NC3=NC(=NC(=C3)N4CCN(CC4)CCO)C.Cl,Activator,Autophagy; Protein Tyrosine Kinase/RTK; Protein Tyrosine Kinase/RTK;,Autophagy; Src; Bcr-Abl;,"Dasatinib hydrochloride is a potent and dual <b>Abl<sup>WT</sup></b>/<b>Src</b> inhibitor <b>IC<sub>50</sub></b> of 0.6 nM/0.8 nM respectively; also inhibits <b>c-Kit<sup>WT</sup></b>/<b>c-Kit<sup>D816V</sup></b> with <b>IC<sub>50</sub></b> of 79 nM/37 nM.
IC50 & Target: IC50: 0.6 nM/0.8 nM (Abl<sup>WT</sup>/Src)<sup>[1]</sup>
IC50: 79 nM/37 nM (c-Kit<sup>WT</sup>/c-Kit<sup>D816V</sup>)<sup>[2]</sup> <i><b>In Vitro:</b></i> Dasatinib potently inhibits wild-type Abl kinase and all mutants except T315I over a narrow range (IC<sub>50</sub>¡Ü1.7 nM).",activator,HAMDB plain Activator (Autophagy in Pathway/Target)
CHIR-99021,HAMDB136,252917-06-9,9956119.0,CC1=CN=C(N1)C2=CN=C(N=C2C3=C(C=C(C=C3)Cl)Cl)NCCNC4=NC=C(C=C4)C#N,Activator,Autophagy; Stem Cells/Wnt; PI3K/Akt/mTOR;,Autophagy; GSK-3; GSK-3;,"CHIR-99021 (CT99021) is a GSK-3¦Á/¦Â inhibitor with IC50 of 10 nM/6.7 nM; > 500-fold selectivity for GSK-3 versus its closest homologs CDC2 and ERK2, as well as other protein kinases.
IC50 value: 10 nM/6.7 nM for GSK-3¦Á/¦Â [1]
Target: GSK-3¦Á/¦Â
in vitro: CHIR-99021 shows greater than 500-fold selectivity for GSK-3 versus its closest homologs CDC2 and ERK2, as well as other protein kinases.",activator,HAMDB plain Activator (Autophagy in Pathway/Target)
YM-155,HAMDB137,781661-94-7,11178236.0,CC1=[N+](C2=C(N1CCOC)C(=O)C3=CC=CC=C3C2=O)CC4=NC=CN=C4.[Br-],Activator,Autophagy; Apoptosis;,Autophagy; Survivin;,"YM155 (Sepantronium bromide) is a novel small molecule survivin suppressant with an IC50 of 0.54 nM for the inhibition of survivin promoter activity.
IC50 Value: 0.54 nM
Target: Survivin
In vitro: YM155 is not sensitive to survivn gene promoter-driven luciferase reporter activity even at 30 ¦ÌM.",activator,HAMDB plain Activator (Autophagy in Pathway/Target)
Sorafenib,HAMDB138,284461-73-0,216239.0,CNC(=O)C1=NC=CC(=C1)OC2=CC=C(C=C2)NC(=O)NC3=CC(=C(C=C3)Cl)C(F)(F)F,Activator,Autophagy; Protein Tyrosine Kinase/RTK; Protein Tyrosine Kinase/RTK; Protein Tyrosine Kinase/RTK; Protein Tyrosine Kinase/RTK; MAPK/ERK Pathway;,Autophagy; c-Kit; FLT3; PDGFR; VEGFR; Raf;,"Sorafenib(BAY 43-9006) is a potent inhibitor of Raf-1 with IC50 values of 6 nM, 22 nM and 90 nM for Raf-1, B-Raf, and VEGFR2 respectively, BAY 43-9006 suppresses both wild-type and V599E mutant BRAF activity in vitro.
IC50 Value: 6 nM (Raf-1); 22 nM (B-Raf); 90 nM (VEGFR2) [1]
Target: Raf-1
Sorafenib is a drug approved for the treatment of primary kidney cancer (advanced renal cell carcinoma) and advanced primary liver cancer (hepatocellular carcinoma).",activator,HAMDB plain Activator (Autophagy in Pathway/Target)
Sorafenib (Tosylate),HAMDB139,475207-59-1,406563.0,CC1=CC=C(C=C1)S(=O)(=O)O.CNC(=O)C1=NC=CC(=C1)OC2=CC=C(C=C2)NC(=O)NC3=CC(=C(C=C3)Cl)C(F)(F)F,Activator,Autophagy; Protein Tyrosine Kinase/RTK; Protein Tyrosine Kinase/RTK; Protein Tyrosine Kinase/RTK; Protein Tyrosine Kinase/RTK; MAPK/ERK Pathway;,Autophagy; c-Kit; FLT3; PDGFR; VEGFR; Raf;,"Sorafenib tosylate (BAY 43-9006) is a potent inhibitor of Raf-1 with IC50 values of 6 nM, 22 nM and 90 nM for Raf-1, B-Raf, and VEGFR2 respectively, BAY 43-9006 suppresses both wild-type and V599E mutant BRAF activity in vitro.
IC50 Value: 6 nM (Raf-1); 22 nM (B-Raf); 90 nM (VEGFR2) [1]
Target: Raf-1
Sorafenib is a drug approved for the treatment of primary kidney cancer (advanced renal cell carcinoma) and advanced primary liver cancer (hepatocellular carcinoma).",activator,HAMDB plain Activator (Autophagy in Pathway/Target)
Cediranib,HAMDB140,288383-20-0,9933475.0,CC1=CC2=C(N1)C=CC(=C2F)OC3=NC=NC4=CC(=C(C=C43)OC)OCCCN5CCCC5,Activator,Autophagy; Protein Tyrosine Kinase/RTK;,Autophagy; VEGFR;,"Cediranib (AZD2171) is a highly potent VEGFR(KDR) inhibitor with IC50 of <1 nM, also inhibits Flt1/4 with IC50 of 5 nM/¡Ü3 nM, similar activity against c-Kit and PDGFR¦Â, 36-, 110-fold and >1000-fold selective more for VEGFR than PDGFR-¦Á, CSF-1R and Flt3.
IC50 value: 0.5 nM (VEGFR2); 5 nM/¡Ü3 nM(Flt1/4) [1]
Target: VEGFR2; Flt1/4
in vitro: Cediranib inhibits VEGF-stimulated proliferation with IC50 of 0.4 nM.",activator,HAMDB plain Activator (Autophagy in Pathway/Target)
Pazopanib,HAMDB141,444731-52-6,10113978.0,CC1=C(C=C(C=C1)NC2=NC=CC(=N2)N(C)C3=CC4=NN(C(=C4C=C3)C)C)S(=O)(=O)N,Activator,Autophagy; Protein Tyrosine Kinase/RTK; Protein Tyrosine Kinase/RTK; Protein Tyrosine Kinase/RTK;,Autophagy; c-Kit; VEGFR; PDGFR;,"Pazopanib(GW-786034) is a novel multi-target inhibitor of VEGFR1, VEGFR2, VEGFR3, PDGFR, FGFR, c-Kit and c-Fms with IC50 of 10 nM, 30 nM, 47 nM, 84 nM, 74 nM, 140 nM and 146 nM, respectively.
IC50 value: 10/30/47/84/74/140/146 nM (pan VEGFR1/2/3/PDGFR/FGFR/c-Kit/c-Fms) [1]
Target: VEGFR/PDGFR/VEGFR/CSF1R
in vitro: Pazopanib potently inhibits VEGF-induced phosphorylation of VEGFR2 in HUVEC cells with IC50 of 8 nM [1].",activator,HAMDB plain Activator (Autophagy in Pathway/Target)
BIIB021,HAMDB142,848695-25-0,16736529.0,CC1=CN=C(C(=C1OC)C)CN2C=NC3=C2N=C(N=C3Cl)N,Activator,Autophagy; Metabolic Enzyme/Protease; Cell Cycle/DNA Damage;,Autophagy; HSP; HSP;,"BIIB021(CNF2024) is an orally available, fully synthetic small-molecule inhibitor of HSP90 with Ki and EC50 of 1.7 nM and 38 nM, respectively.
IC50 Value: 1.7 nM(Ki)
Target: HSP
in vitro: BIIB021 binds in the ATP-binding pocket of Hsp90, interferes with Hsp90 chaperone function, and results in client protein degradation and tumor growth inhibition.",activator,HAMDB plain Activator (Autophagy in Pathway/Target)
NVP-AUY922,HAMDB143,747412-49-3,10096043.0,CCNC(=O)C1=C(C(=C2C=C(C(=CC2=O)O)C(C)C)ON1)C3=CC=C(C=C3)CN4CCOCC4,Activator,Autophagy; Metabolic Enzyme/Protease; Cell Cycle/DNA Damage;,Autophagy; HSP; HSP;,"AUY922 (NVP-AUY922) is a highly potent HSP90 inhibitor for HSP90¦Á/¦Â with IC50 of 13 nM /21 nM, weaker potency against the HSP90 family members GRP94 and TRAP-1.
IC50 Value: 13 nM(HSP90¦Á); 21 nM(HSP90¦Â)
Target: HSP90
in vitro: NVP-AUY922 inhibits proliferation of various human cancer cell lines in vitro, with an average GI50 of 9 nM.",activator,HAMDB plain Activator (Autophagy in Pathway/Target)
Vorinostat,HAMDB144,149647-78-9,5311.0,C1=CC=C(C=C1)NC(=O)CCCCCCC(=O)NO,Activator,Autophagy; Epigenetics; Cell Cycle/DNA Damage;,Autophagy; HDAC; HDAC;,"Vorinostat (SAHA) is an HDAC1/3 inhibitor with IC50 of ~10 nM.
IC50 Value:  ~10 nM
Target: HDACs
in vitro: Vorinostat inhibits the activities of HDAC1 and HDAC3 with IC50 of 10 nM and 20 nM, respectively.",activator,HAMDB plain Activator (Autophagy in Pathway/Target)
Panobinostat,HAMDB145,404950-80-7,6918837.0,CC1=C(C2=CC=CC=C2N1)CCNCC3=CC=C(C=C3)C=CC(=O)NO,Activator,Autophagy; Epigenetics; Cell Cycle/DNA Damage;,Autophagy; HDAC; HDAC;,"Panobinostat(LBH-589) is a broad-spectrum HDAC inhibitor; low nanomolar concentrations (IC50=5-20 nM) of LBH589 induced cell-cycle arrest, apoptosis, and histone (H3K9 and H4K8) hyperacetylation in MOLT-4 and Reh cell.
IC50 Value: ~5 nM(MOLT-4 cell); ~20 nM(Reh cell)
Target: HDAC
in vitro: LBH589 induces apoptosis among MOLT-4 and Reh cells in a time- and dose-dependent manner.",activator,HAMDB plain Activator (Autophagy in Pathway/Target)
Saracatinib,HAMDB146,379231-04-6,10302451.0,CN1CCN(CC1)CCOC2=CC(=C3C(=C2)N=CN=C3NC4=C(C=CC5=C4OCO5)Cl)OC6CCOCC6,Activator,Autophagy; Protein Tyrosine Kinase/RTK;,Autophagy; Src;,"Saracatinib (AZD0530) is a potent Src inhibitor with IC50 of 2.7 nM, and potent to c-Yes, Fyn, Lyn, Blk, Fgr and Lck; less active for Abl and EGFR (L858R and L861Q).
IC50 value: 2.7 nM(c-Src); 30 nM (v-Abl) [1]
Target: c-Src; v-Abl
in vitro: Saracatinib also potently inhibits other Src tyrosine kinase family members including c-Yes, Fyn, Lyn, Blk, Fgr, and Lck with IC50 from 4-10 nM.",activator,HAMDB plain Activator (Autophagy in Pathway/Target)
GSK-690693,HAMDB147,937174-76-0,16725726.0,CCN1C2=C(C(=NC=C2OCC3CCCNC3)C#CC(C)(C)O)N=C1C4=NON=C4N,Activator,Autophagy; PI3K/Akt/mTOR;,Autophagy; Akt;,"GSK690693 is a pan-Akt inhibitor targeting Akt1/2/3 with IC50 of 2 nM/13 nM/9 nM, also sensitive to the AGC kinase family: PKA, PrkX and PKC isozymes.",activator,HAMDB plain Activator (Autophagy in Pathway/Target)
PD0325901,HAMDB148,391210-10-9,9826528.0,C1=CC(=C(C=C1I)F)NC2=C(C=CC(=C2F)F)C(=O)NOCC(CO)O,Activator,Autophagy; MAPK/ERK Pathway;,Autophagy; MEK;,"PD0325901 (PD325901) is selective and non ATP-competitive MEK inhibitor with IC50 of 0.33 nM.
IC50 value:
Target: MEK
PD0325901 is a selective MEK1 and MEK2 inhibitor.",activator,HAMDB plain Activator (Autophagy in Pathway/Target)
Sunitinib,HAMDB149,557795-19-4,5329102.0,CCN(CC)CCNC(=O)C1=C(NC(=C1C)C=C2C3=C(C=CC(=C3)F)NC2=O)C,Activator,Autophagy; Protein Tyrosine Kinase/RTK; Protein Tyrosine Kinase/RTK;,Autophagy; VEGFR; PDGFR;,"Sunitinib is a potent tyrosine kinase inhibitor targeting <b>VEGFR2</b> and <b>PDGFR¦Â</b> with <b>IC<sub>50</sub></b> of 80 nM and 2 nM, respectively.
IC50 & Target: IC50: 2 nM (PDGFR¦Â), 80 nM (VEGFR2)<sup>[1]</sup><i><b>In Vitro:</b></i> Sunitinib Malate is also a good inhibitor of KIT and FLT-3<sup>[1]</sup>.",activator,HAMDB plain Activator (Autophagy in Pathway/Target)
SB 203580,HAMDB150,152121-47-6,176155.0,CS(=O)C1=CC=C(C=C1)C2=NC(=C(N2)C3=CC=NC=C3)C4=CC=C(C=C4)F,Activator,Autophagy; PI3K/Akt/mTOR; MAPK/ERK Pathway;,Autophagy; Akt; p38 MAPK;,SB203580(RWJ 64809) is a p38 MAPK inhibitor with IC50 of 0.3-0.5 uM.,activator,HAMDB plain Activator (Autophagy in Pathway/Target)
SB 203580 (hydrochloride),HAMDB151,869185-85-3,16760644.0,CS(=O)C1=CC=C(C=C1)C2=NC(=C(N2)C3=CC=NC=C3)C4=CC=C(C=C4)F.Cl,Activator,Autophagy; PI3K/Akt/mTOR; MAPK/ERK Pathway;,Autophagy; Akt; p38 MAPK;,SB203580(RWJ 64809) hydrochloride is a p38 MAPK inhibitor with IC50 of 0.3-0.5 uM.,activator,HAMDB plain Activator (Autophagy in Pathway/Target)
Vandetanib,HAMDB152,443913-73-3,3081361.0,CN1CCC(CC1)COC2=C(C=C3C(=C2)N=CN=C3NC4=C(C=C(C=C4)Br)F)OC,Activator,Autophagy; Protein Tyrosine Kinase/RTK;,Autophagy; VEGFR;,"Vandetanib (ZD6474) is a potent inhibitor of VEGFR2 with IC50 of 40 nM.
IC50 Value: 40 nM (VEGFR2) [1]
Target: VEGFR2
Vandetanib is an anti-cancer drug that is used for the treatment of certain tumours of thethyroid gland.",activator,HAMDB plain Activator (Autophagy in Pathway/Target)
Afatinib,HAMDB153,850140-72-6,10184653.0,CN(C)CC=CC(=O)NC1=C(C=C2C(=C1)C(=NC=N2)NC3=CC(=C(C=C3)F)Cl)OC4CCOC4,Activator,Autophagy; Protein Tyrosine Kinase/RTK; JAK/STAT Signaling;,Autophagy; EGFR; EGFR;,"Afatinib is an irreversible, dual <b>EGFR</b>/<b>HER2</b> inhibitor, shows potent activity against wild-type and mutant forms of EGFR and HER2, with <b>IC<sub>50</sub></b> of 0.5 nM, 0.4 nM, 10 nM and 14 nM for EGFR<sup>wt</sup>, EGFR<sup>L858R</sup>, EGFR<sup>L858R/T790M</sup> and HER2, respectively.
IC50 & Target: IC50: 0.5 nM (EGFR<sup>wt</sup>), 0.4 nM (EGFR<sup>L858R</sup>), 10 nM (EGFR<sup>L858R/T790M</sup>), 14 nM (HER2)<sup>[1]</sup>
<i><b>In Vitro:</b></i> In cell-free in vitro kinase assays, Afatinib (BIBW2992) dimaleate shows potent activity against wild-type and mutant forms of EGFR and HER2, similar to Gefitinib in potency for L858R EGFR, but about 100-fold more active against the Gefitinib-resistant L858R-T790M EGFR double mutant, with an IC<sub>50</sub> of 10 nM.",activator,HAMDB plain Activator (Autophagy in Pathway/Target)
Afatinib (dimaleate),HAMDB154,850140-73-7,15606394.0,CN(C)CC=CC(=O)NC1=C(C=C2C(=C1)C(=NC=N2)NC3=CC(=C(C=C3)F)Cl)OC4CCOC4.C(=CC(=O)O)C(=O)O.C(=CC(=O)O)C(=O)O,Activator,Autophagy; Protein Tyrosine Kinase/RTK; JAK/STAT Signaling;,Autophagy; EGFR; EGFR;,"Afatinib (BIBW2992) irreversibly inhibits EGFR/HER2 including EGFR(wt), EGFR(L858R), EGFR(L858R/T790M) and HER2 with IC50 of 0.5 nM, 0.4 nM, 10 nM and 14 nM, respectively; 100-fold more active against Gefitinib-resistant L858R-T790M EGFR mutant.
IC50 value: 0.5 nM/0.4 nM/10 nM/14 nM (EGFR(wt)/EGFR(L858R)/EGFR(L858R/T790M) /HER2) [1]
Target: EGFR;EGFR mutant forms; HER2
in vitro: BIBW2992 shows potent activity against both wild-type and mutant forms of EGFR and HER2.",activator,HAMDB plain Activator (Autophagy in Pathway/Target)
SB 202190,HAMDB155,152121-30-7,5353940.0,C1=CC(=O)C=CC1=C2NC(=C(N2)C3=CC=NC=C3)C4=CC=C(C=C4)F,Activator,Autophagy; MAPK/ERK Pathway;,Autophagy; p38 MAPK;,SB 202190 inhibits <b>p38</b> and <b>p38¦Â2</b> with <b>IC<sub>50</sub></b> values of 50 nM and 100 nM.,activator,HAMDB plain Activator (Autophagy in Pathway/Target)
D4476,HAMDB156,301836-43-1,6419753.0,C1COC2=C(O1)C=CC(=C2)C3=C(NC(=N3)C4=CC=C(C=C4)C(=O)N)C5=CC=CC=N5,Activator,Autophagy; Cell Cycle/DNA Damage; Stem Cells/Wnt;,Autophagy; Casein Kinase; Casein Kinase;,"D4476 is a cell-permeant inhibitor of CK1¦Ä (IC90 <10 uM), suppresses the site-specific phosphorylation and nuclear exclusion of FOXO1, D4476 is originally identified as an inhibitor of activin receptor-like kinase ALK5.
IC50 value: 10 uM (IC90 for CK1¦Ä) [1]
Target: CK1 
in vitro: At a concentration of 10 ¦ÌM, D4476 inhibited CK1¦Ä by more than 90%, but had almost no effect on the other protein kinases tested, apart from SAPK2a/p38 and ALK5.CK1¦Ä assayed at 0.1 mM ATP using a phosphorylated peptide TFRPRTSpSNASTIS (where pS is phosphoserine) corresponding to residues 312¨C325 of FOXO1a was inhibited with an IC50 value of 0.3 ¦ÌM.",activator,HAMDB plain Activator (Autophagy in Pathway/Target)
Regorafenib,HAMDB157,755037-03-7,11167602.0,CNC(=O)C1=NC=CC(=C1)OC2=CC(=C(C=C2)NC(=O)NC3=CC(=C(C=C3)Cl)C(F)(F)F)F,Activator,Autophagy; Protein Tyrosine Kinase/RTK;,Autophagy; VEGFR;,"Regorafenib (BAY 73-4506) is a multi-target inhibitor for VEGFR1, VEGFR2, VEGFR3, PDGFR¦Â, Kit, RET and Raf-1 with IC50 of 13 nM/4.2 nM/46 nM, 22 nM, 7 nM, 1.5 nM and 2.5 nM, respectively.
IC50 value:
Target: VEGFR; Raf; PDGFR¦Â
in vitro: Regorafenib strongly prevents VEGFR2 autophosphorylation in NIH-3T3/VEGFR2 cells with IC50 of 3 nM.",activator,HAMDB plain Activator (Autophagy in Pathway/Target)
Regorafenib (monohydrate),HAMDB158,1019206-88-2,24768591.0,CNC(=O)C1=NC=CC(=C1)OC2=CC(=C(C=C2)NC(=O)NC3=CC(=C(C=C3)Cl)C(F)(F)F)F.O,Activator,Autophagy; Protein Tyrosine Kinase/RTK;,Autophagy; VEGFR;,"Regorafenib (BAY 73-4506) is a multi-target inhibitor for VEGFR1, VEGFR2, VEGFR3, PDGFR¦Â, Kit, RET and Raf-1 with IC50 of 13 nM/4.2 nM/46 nM, 22 nM, 7 nM, 1.5 nM and 2.5 nM, respectively.
IC50 value:
Target: VEGFR; Raf; PDGFR¦Â
in vitro: Regorafenib strongly prevents VEGFR2 autophosphorylation in NIH-3T3/VEGFR2 cells with IC50 of 3 nM.",activator,HAMDB plain Activator (Autophagy in Pathway/Target)
Brivanib,HAMDB159,649735-46-6,11234052.0,CC1=CC2=C(N1)C=CC(=C2F)OC3=NC=NN4C3=C(C(=C4)OCC(C)O)C,Activator,Autophagy; Protein Tyrosine Kinase/RTK;,Autophagy; VEGFR;,"Brivanib(BMS540215) is an ATP-competitive inhibitor against VEGFR2 with IC50 of 25 nM, moderate potency against VEGFR-1 and FGFR-1, but >240-fold against PDGFR-¦Â.
IC50 value: 25 nM
Target: VEGFR2
in vitro: Brivanib also inhibits VEGFR1 and FGFR-1 with IC50 of 0.38 ¦ÌM and 0.148 ¦ÌM.",activator,HAMDB plain Activator (Autophagy in Pathway/Target)
Fasudil (Hydrochloride),HAMDB160,105628-07-7,163751.0,C1CNCCN(C1)S(=O)(=O)C2=CC=CC3=C2C=CN=C3.Cl,Activator,Autophagy; Epigenetics; TGF-beta/Smad; Cell Cycle/DNA Damage; Stem Cells/Wnt; TGF-beta/Smad;,Autophagy; PKC; PKC; ROCK; ROCK; ROCK;,"Fasudil Hcl(HA-1077; AT-877) is a potent inhibitor of ROCK-II, PKA, PKG, PKC, and MLCK with Ki of 0.33 ¦ÌM, 1.6 ¦ÌM, 1.6 ¦ÌM, 3.3 ¦ÌM and 36 ¦ÌM, respectively.",activator,HAMDB plain Activator (Autophagy in Pathway/Target)
Enzastaurin,HAMDB161,170364-57-5,176167.0,CN1C=C(C2=CC=CC=C21)C3=C(C(=O)NC3=O)C4=CN(C5=CC=CC=C54)C6CCN(CC6)CC7=CC=CC=N7,Activator,Autophagy; Epigenetics; TGF-beta/Smad;,Autophagy; PKC; PKC;,"Enzastaurin (LY317615) is a potent PKC¦Â selective inhibitor with IC50 of 6 nM, 6- to 20-fold selectivity against PKC¦Á, PKC¦Ã and PKC¦Å.
IC50 value: 6 nM [1]
Target: PKC¦Â
in vitro: investigated, including MM.1S, MM.1R, RPMI 8226 (RPMI), RPMI-Dox40 (Dox40), NCI-H929, KMS-11, OPM-2, and U266, with IC50 from 0.6-1.6 ¦ÌM.",activator,HAMDB plain Activator (Autophagy in Pathway/Target)
AZD 6482,HAMDB162,1173900-33-8,44137675.0,CC1=CN2C(=O)C=C(N=C2C(=C1)C(C)NC3=CC=CC=C3C(=O)O)N4CCOCC4,Activator,Autophagy; PI3K/Akt/mTOR;,Autophagy; PI3K;,"AZD6482 is a PI3K¦Â inhibitor with IC50 of 10 nM, 8-, 87- and 109-fold more selective to PI3K¦Â than PI3K¦Ä, PI3K¦Á and PI3K¦Ã.
IC50 value: 10 nM
Target: PI3K¦Â
AZD6482 is a PI3K¦Â inhibitor (IC50=0.021¦ÌM) used in antithrombotic therapy.",activator,HAMDB plain Activator (Autophagy in Pathway/Target)
MK 2206 (dihydrochloride),HAMDB163,1032350-13-2,46930998.0,C1CC(C1)(C2=CC=C(C=C2)C3=C(C=C4C(=N3)C=CN5C4=NNC5=O)C6=CC=CC=C6)N.Cl.Cl,Activator,Autophagy; PI3K/Akt/mTOR;,Autophagy; Akt;,"MK-2206 2Hcl is a highly selective inhibitor of Akt1/2/3 with IC50 of 8 nM/12 nM/65 nM, respectively; no inhibitory activities against 250 other protein kinases observed.
IC50 value: 8 nM/12 nM/65 nM(Akt1/2/3) [1]
Target: Akt1/2/3
in vitro: MK-2206 is an allosteric inhibitor and is activated by the pleckstrin homology domain.",activator,HAMDB plain Activator (Autophagy in Pathway/Target)
TG101209,HAMDB164,936091-14-4,16722832.0,CC1=CN=C(N=C1NC2=CC(=CC=C2)S(=O)(=O)NC(C)(C)C)NC3=CC=C(C=C3)N4CCN(CC4)C,Activator,Autophagy; Stem Cells/Wnt; Epigenetics; Epigenetics; JAK/STAT Signaling;,Autophagy; JAK; JAK; Epigenetic Reader Domain; JAK;,"TG101209 is a selective JAK2 inhibitor with IC50 of 6 nM, less potent to Flt3 and RET with IC50 of 25 nM and 17 nM, ~30-fold selective for JAK2 than JAK3, sensitive to JAK2V617F and MPLW515L/K mutations; TG101209 inhibit BRD4 activity with IC50 of 130 nM.
IC50 value: 6 nM (JAK2); 130 nM(BRD4)[1][2]
Target: JAK2; BRD4
in vitro: TG101209 is an orally bioavailable, small molecule, ATP-competitive inhibitor towards several tyrosine kinases.",activator,HAMDB plain Activator (Autophagy in Pathway/Target)
AZD-8055,HAMDB165,1009298-09-2,25262965.0,CC1COCCN1C2=NC(=NC3=C2C=CC(=N3)C4=CC(=C(C=C4)OC)CO)N5CCOCC5C,Activator,Autophagy; PI3K/Akt/mTOR;,Autophagy; mTOR;,"AZD8055 is a novel ATP-competitive mTOR inhibitor with IC50 of 0.8 nM with excellent selectivity (¡«1,000-fold) against PI3K isoforms and ATM/DNA-PK.",activator,HAMDB plain Activator (Autophagy in Pathway/Target)
OSI-027,HAMDB166,936890-98-1,44224160.0,COC1=CC=CC2=CC(=C3C4=C(N=CNN4C(=N3)C5CCC(CC5)C(=O)O)N)N=C21,Activator,Autophagy; PI3K/Akt/mTOR;,Autophagy; mTOR;,"OSI-027 is a selective and potent dual inhibitor of mTORC1 and mTORC2 with IC50 of 22 nM and 65 nM, and more than 100-fold selectivity observed for mTOR than PI3K¦Á, PI3K¦Â, PI3K¦Ã or DNA-PK.
IC50 value: 22/65 nM (mTORC1/2) [1]
Target: mTORC1/mTORC2
in vitro: OSI-027 shows the selective and ATP competitive inhibition activities against mTORC1 and mTORC2 with IC50 of 22 nM and 65 nM, respectively.",activator,HAMDB plain Activator (Autophagy in Pathway/Target)
PHA-848125,HAMDB167,802539-81-7,16718576.0,CC1(CC2=CN=C(N=C2C3=C1C(=NN3C)C(=O)NC)NC4=CC=C(C=C4)N5CCN(CC5)C)C,Activator,Autophagy; Cell Cycle/DNA Damage;,Autophagy; CDK;,"PHA-848125(Milciclib) is a potent, ATP-competitive CDK inhibitor for CDK2 with IC50 of 45 nM; >3-fold more selective for CDK2 than CDK1, 2, 4, 5, and 7.
IC50 Value: 45 nM
Target: CDK2
in vitro: PHA-848125 inhibits, although with lower potency, the activities of cyclin H/CDK7, cyclin D1/CDK4, p35/CDK5, as well as cyclin E/CDK2 and cyclin B/CDK1 with IC50 values of 0.15, 0.16, 0.265, 0.363, 0.398 ¦ÌM, respectively.",activator,HAMDB plain Activator (Autophagy in Pathway/Target)
XCT790,HAMDB168,725247-18-7,6918788.0,COC1=C(C=CC(=C1)C=C(C#N)C(=O)NC2=NN=C(S2)C(F)(F)F)OCC3=C(C=C(C=C3)C(F)(F)F)C(F)(F)F,Activator,Autophagy,Autophagy; Estrogen Receptor/ERR;,"XCT-790 is a potent, selective and inverse agonist of estrogen-related receptor alpha(ERR¦Á); induces cell death in chemotherapeutic resistant cancer cells.
IC50 value:
Target: ERR¦Á
ERRalpha inverse agonist XCT-790 induced cell death in HepG2 hepatocarcinoma and its multi-drug resistance (MDR) sub-line R-HepG2.",activator,HAMDB plain Activator (Autophagy in Pathway/Target)
Vismodegib,HAMDB169,879085-55-9,24776445.0,CS(=O)(=O)C1=CC(=C(C=C1)C(=O)NC2=CC(=C(C=C2)Cl)C3=CC=CC=N3)Cl,Activator,Autophagy; Stem Cells/Wnt;,Autophagy; Hedgehog;,"Vismodegib (GDC-0449) is a more potent novel and specific synthetic oral hedgehog pathway inhibitor with an IC50 of 3 nM; also inhibits P-gp with IC50 of 3.0 ¦ÌM.
IC50 value: 3 nM (hedgehog); 3.0 uM (P-gp) [1]
Target: hedgehog
in vitro: GDC-0449 targets the Hedgehog signaling pathway, blocking the activities of the Hedgehog-ligand cell surface receptors PTCH and/or SMO and suppressing Hedgehog signaling.",activator,HAMDB plain Activator (Autophagy in Pathway/Target)
Capsaicin,HAMDB170,404-86-4,1548943.0,CC(C)C=CCCCCC(=O)NCC1=CC(=C(C=C1)O)OC,Activator,Autophagy; Membrane Transporter/Ion Channel;,Autophagy; TRP Channel;,"Capsaicin, the active component of chili peppers, is a member of the vanilloid family, binds to a receptor called the vanilloid receptor subtype 1 (VR1).",activator,HAMDB plain Activator (Autophagy in Pathway/Target)
MLN9708,HAMDB171,1239908-20-3,56844015.0,B1(OC(=O)C(O1)(CC(=O)O)CC(=O)O)C(CC(C)C)NC(=O)CNC(=O)C2=C(C=CC(=C2)Cl)Cl,Activator,Autophagy; Metabolic Enzyme/Protease;,Autophagy; Proteasome;,"MLN9708 immediately hydrolyzed to MLN2238, which is an N-capped dipeptidyl leucine boronic acid and preferentially bound to and inhibited the 20S proteasome with an IC50 value of 3.4 nM (Ki = 0.93 nM).
IC50 Value: 3.4 nM (MLN2238) [1]
Target: 20S Proteasome
in vitro: In studies where a solution of MLN9708 was added directly into rat, dog, or human plasma and immediately extracted and analyzed by high-performance liquid chromatography, only MLN2238 could be identified.",activator,HAMDB plain Activator (Autophagy in Pathway/Target)
MLN2238,HAMDB172,1072833-77-2,25183872.0,B(C(CC(C)C)NC(=O)CNC(=O)C1=C(C=CC(=C1)Cl)Cl)(O)O,Activator,Autophagy; Metabolic Enzyme/Protease;,Autophagy; Proteasome;,"MLN2238(Ixazomib) inhibits the chymotrypsin-like proteolytic (¦Â5) site of the 20S proteasome with IC50 and Ki of 3.4 nM and 0.93 nM, respectively.
IC50 Value: 3.4 nM (20S proteasome ) [1]
Target: 20S proteasome
MLN2238 also inhibits the caspase-like (¦Â1) and trypsin-like (¦Â2) proteolytic sites, with IC50 of 31 and 3500 nM.",activator,HAMDB plain Activator (Autophagy in Pathway/Target)
Carfilzomib,HAMDB173,868540-17-4,72944553.0,CC(C)CC(C(=O)C1(CO1)C)NC(=O)C(CC2=CC=CC=C2)NC(=O)C(CC(C)C)NC(=O)C(CCC3=CC=CC=C3)NC(=O)CN4CCOCC4,Activator,Autophagy; Metabolic Enzyme/Protease;,Autophagy; Proteasome;,"Carfilzomib (PR-171) is an irreversible proteasome inhibitor with IC50 of <5 nM.
IC50: < 5 nM [1]
Carfilzomib, an irreversible proteasome inhibitor, has a favorable safety profile and significant anti-tumor activity in patients with relapsed and refractory multiple myeloma (MM).",activator,HAMDB plain Activator (Autophagy in Pathway/Target)
PP 242,HAMDB174,1092351-67-1,24905147.0,CC(C)N1C2=C(C(=C3C=C4C=C(C=CC4=N3)O)N1)C(=NC=N2)N,Activator,Autophagy; PI3K/Akt/mTOR;,Autophagy; mTOR;,"PP242 is a selective mTOR inhibitor with IC50 of 8 nM; targets both mTOR complexes with >10- and 100-fold selectivity for mTOR than PI3K¦Ä or PI3K¦Á/¦Â/¦Ã, respectively; also showed slightly weaker activity against BRD4 (Kd= 1.7 uM).
IC50 value: 8 nM 
Target: mTOR
in vitro: PP242 exhibits potent selectivity for mTOR over other PI3K family kinases such as p110¦Á, p110¦Â, p110¦Ã, p110¦Ä, and DNA-PK with IC50 of 1.96 ¦ÌM, 2.2 ¦ÌM, 1.27 ¦ÌM, 0.102 ¦ÌM, and 0.408 ¦ÌM, respectively.",activator,HAMDB plain Activator (Autophagy in Pathway/Target)
AM580,HAMDB175,102121-60-8,2126.0,CC1(CCC(C2=C1C=CC(=C2)C(=O)NC3=CC=C(C=C3)C(=O)O)(C)C)C,Activator,Autophagy; Metabolic Enzyme/Protease;,Autophagy; RAR/RXR;,"AM580(Am-580; Ro 40-6055; NSC608001; CD336) is a stable retinobenzoic derivative originally synthesized as a RAR¦Á agonist.
IC50 value:
Target: RAR¦Á agonist
in vitro: AM580 is a powerful inducer of granulocytic maturation in NB4, an APL-derived cell line, and in freshly isolated APL blasts.",activator,HAMDB plain Activator (Autophagy in Pathway/Target)
BI-D1870,HAMDB176,501437-28-1,25023738.0,CC1C(=O)N(C2=CN=C(N=C2N1CCC(C)C)NC3=CC(=C(C(=C3)F)O)F)C,Activator,Autophagy; MAPK/ERK Pathway;,Autophagy; Ribosomal S6 Kinase (RSK);,"BI-D1870 is an ATP-competitive inhibitor of S6 ribosome for RSK1/2/3/4 with IC50 of 31 nM/24 nM/18 nM/15 nM, respectively; 10- to 100-fold selectivity for RSK than MST2, GSK-3¦Â, MARK3, CK1 and Aurora B.",activator,HAMDB plain Activator (Autophagy in Pathway/Target)
Efavirenz,HAMDB177,154598-52-4,64139.0,C1CC1C#CC2(C3=C(C=CC(=C3)Cl)NC(=O)O2)C(F)(F)F,Activator,Autophagy; Anti-infection; Anti-infection;,Autophagy; HIV; NNRTIs;,"Efavirenz is a non-nucleoside reverse transcriptase inhibitor (NNRTI).
IC50 Value: 60 nM [1]
Target: NNRTIs; HIV
in vitro: Efavirenz is a potent inhibitor of the wild-type HIV-1 RT (Ki = 2.93 nM) and exhibited a 95% inhibitory concentration of 1.5 nM for the inhibition of HIV-1 replicative spread in cell culture [2].",activator,HAMDB plain Activator (Autophagy in Pathway/Target)
PD 169316,HAMDB178,152121-53-4,4712.0,C1=CC(=CC=C1C2=NC(=C(N2)C3=CC=NC=C3)C4=CC=C(C=C4)F)[N+](=O)[O-],Activator,Autophagy; MAPK/ERK Pathway;,Autophagy; p38 MAPK;,"PD 169316 is a potent, cell-permeable and selective p38 MAP kinase inhibitor (IC50 = 89 nM).
IC50 Value: 89 nM
Target£ºp38 MAPK
in vitro: PD169316, a p38 MAPK inhibitor, abrogates signaling initiated by both TGFbeta and Activin A, but not bone morphogenetic protein (BMP) 4.",activator,HAMDB plain Activator (Autophagy in Pathway/Target)
Valproic acid (sodium salt),HAMDB179,1069-66-5,16760703.0,CCCC(CCC)C(=O)[O-].[Na+],Activator,Autophagy; Epigenetics; Cell Cycle/DNA Damage;,Autophagy; HDAC; HDAC;,"Valproic acid sodium salt is a histone deacetylase (HDAC) inhibitor (IC50=10 uM in Hela cell, 24h) has an anticancer effect.
IC50 Value: 10 uM (Hela, 24h) [1]
Target: HDAC
in vitro: Valproic acid had the effect on the growth and death of HeLa cervical cancer cells in relation to reactive oxygen species (ROS) and glutathione (GSH).",activator,HAMDB plain Activator (Autophagy in Pathway/Target)
5-Azacytidine,HAMDB180,320-67-2,9444.0,C1=NC(=NC(=O)N1C2C(C(C(O2)CO)O)O)N,Activator,Autophagy; Cell Cycle/DNA Damage;,Autophagy; Nucleoside antimetabolite/analog;,"5-Azacitidine(5-AzaC) is a nucleoside analogue of cytidine that specifically inhibits DNA methylation by trapping DNA methyltransferases.
IC50 Value: Azacitidine inhibits the L1210 cells growth with IC50 and of 0.019 ¦Ìg/mL.
Target: DNMT
in vitro: Azacitidine is widely used to demonstrate the correlation between loss of methylation in specifc gene regions and activation of the associated genes.",activator,HAMDB plain Activator (Autophagy in Pathway/Target)
BIX-01294,HAMDB181,935693-62-2,25150857.0,CN1CCCN(CC1)C2=NC3=CC(=C(C=C3C(=N2)NC4CCN(CC4)CC5=CC=CC=C5)OC)OC,Activator,Autophagy; Epigenetics;,Autophagy; Histone Methyltransferase;,"BIX01294 is an inhibitor of G9a histone methyltransferase with IC50 of 2.7 ¦ÌM.
IC50 Value: 2.7 ¦ÌM
Target: HMTase
BIX-01294, a diazepin-quinazolinamine derivative, is a selective inhibitor of G9a histone methyl transferase (G9a HMTase) that impairs G9a HMTase and generation of H3K9me2 in vitro.",activator,HAMDB plain Activator (Autophagy in Pathway/Target)
Pemetrexed (disodium),HAMDB182,150399-23-8,6918197.0,C1=CC(=CC=C1CCC2=CNC3=C2C(=O)N=C(N3)N)C(=O)NC(CCC(=O)[O-])C(=O)[O-].[Na+].[Na+],Activator,Autophagy; Cell Cycle/DNA Damage;,Autophagy; Antifolate;,"Pemetrexed disodium is a novel antifolate and antimetabolite for TS, DHFR and GARFT with Ki of 1.3 nM, 7.2 nM and 65 nM, respectively.
IC50 Value: 1.3nM(Ki for TS); 7.2nM(DHFR); 65nM(GARFT)
Target: Antifolate
in vitro: The Ki values of the pentaglutamate of LY231514 are 1.3, 7.2, and 65 nM for inhibition against TS, DHFR, and GARFT, respectively.",activator,HAMDB plain Activator (Autophagy in Pathway/Target)
GW 501516,HAMDB183,317318-70-0,9803963.0,CC1=C(C=CC(=C1)SCC2=C(N=C(S2)C3=CC=C(C=C3)C(F)(F)F)C)OCC(=O)O,Activator,Autophagy; NF-¦ÊB; Cell Cycle/DNA Damage;,Autophagy; PPAR; PPAR;,"GW501516(GSK-516; GW1516) is a potent and highly selective PPAR¦Â/¦Ä agonist, with EC50 of 1 nM, with 1000-fold selectivity over hPPAR¦Á and hPPAR¦Ã.
IC50 Value: 1 nM(EC50)
Target: PPAR¦Â/¦Ä
in vitro: GW501516 is demonstrated to be 1000-fold more selective in comparison to existing subtypes.",activator,HAMDB plain Activator (Autophagy in Pathway/Target)
DMXAA,HAMDB184,117570-53-3,123964.0,CC1=C(C2=C(C=C1)C(=O)C3=C(O2)C(=CC=C3)CC(=O)O)C,Activator,Autophagy,Autophagy,"DMXAA is a competitive inhibitor of the enzyme DT-diaphorase (NAD(P)H:Quinone oxidoreductase EC 1.6.99.2) with respect to NADH, with Ki values of 20 ¦ÌM.",activator,HAMDB plain Activator (Autophagy in Pathway/Target)
Obatoclax,HAMDB185,803712-79-0,16681698.0,CC1=CC(=C(N1)C=C2C(=CC(=C3C=C4C=CC=CC4=N3)N2)OC)C.CS(=O)(=O)O,Activator,Autophagy; Apoptosis;,Autophagy; Bcl-2 Family;,"Obatoclax  (GX15-070) is Bcl-2 homology domain-3 (BH3) mimetic, antagonize all antiapoptotic Bcl-2 family proteins (average IC50, 3 umol/L), including Mcl-1 (IC50, 2.9 umol/L) and Bfl-1 (IC50, 5 umol/L)
IC50 Value: 3 uM
Target: Bcl-2
in vitro: Obatoclax is a BH3 mimetic which binds to a broad spectrum of Bcl-2 family members, including Bcl-2, Bcl-xL, and Mcl-1.",activator,HAMDB plain Activator (Autophagy in Pathway/Target)
Alisertib,HAMDB186,1028486-01-2,24771867.0,COC1=C(C(=CC=C1)F)C2=NCC3=CN=C(N=C3C4=C2C=C(C=C4)Cl)NC5=CC(=C(C=C5)C(=O)O)OC,Activator,Autophagy; Epigenetics; Cell Cycle/DNA Damage;,Autophagy; Aurora Kinase; Aurora Kinase;,"Alisertib (MLN8237) is a selective Aurora A inhibitor with IC50 of 1.2 nM; has >200-fold higher selectivity for Aurora A than Aurora B.
IC50 Value: 1.2 nM (Aurora A)
Target: Aurora A
in vitro: MLN8237 (0.5 ¦ÌM) treatment inhibits the phosphorylation of Aurora A in MM1.S and OPM1 cells, without affecting the Aurora B mediated histone H3 phosphorylation.",activator,HAMDB plain Activator (Autophagy in Pathway/Target)
CGI-1746,HAMDB187,910232-84-7,24857323.0,CC1=C(C=CC=C1NC(=O)C2=CC=C(C=C2)C(C)(C)C)C3=CN(C(=O)C(=N3)NC4=CC=C(C=C4)C(=O)N5CCOCC5)C,Activator,Autophagy; Protein Tyrosine Kinase/RTK;,Autophagy; Btk;,"CGI-1746 is a small-molecule Bruton's tyrosine kinase (Btk) inhibitor.
IC50 value: 
Target: Btk
CGI-1746 has exquisite selectivity for Btk and inhibits both auto- and transphosphorylation steps necessary for enzyme activation.",activator,HAMDB plain Activator (Autophagy in Pathway/Target)
AG-490,HAMDB188,133550-30-8,5328779.0,C1=CC=C(C=C1)CNC(=O)C(=CC2=CC(=C(C=C2)O)O)C#N,Activator,Autophagy; Stem Cells/Wnt; JAK/STAT Signaling; Protein Tyrosine Kinase/RTK; JAK/STAT Signaling;,Autophagy; STAT; STAT; EGFR; EGFR;,"AG-490 (Tyrphostin AG 490) is an inhibitor of EGFR with IC50 of 0.1 ¦ÌM, 135-fold more selective for EGFR versus ErbB2, also inhibits JAK2 with no activity to Lck, Lyn, Btk, Syk and Src.
IC50 value: 0.1 uM (EGFR)[1]; 10 uM (JAK2) [2]
Target: EGFR
in vitro: Corresponding to the specific dose-dependent inhibition of constitutively activated JAK2 in pre-B acute leukemia (ALL) cells, AG-490 (5 ¦ÌM) almost completely blocks the growth of all ALL cells by inducing programmed cell death, with no deleterious effect on normal hematopoiesis.",activator,HAMDB plain Activator (Autophagy in Pathway/Target)
Erlotinib (Hydrochloride),HAMDB189,183319-69-9,176871.0,COCCOC1=C(C=C2C(=C1)C(=NC=N2)NC3=CC=CC(=C3)C#C)OCCOC.Cl,Activator,Autophagy; Protein Tyrosine Kinase/RTK; JAK/STAT Signaling;,Autophagy; EGFR; EGFR;,"Erlotinib Hcl(NSC 718781; OSI-774; CP-358774) is  directly acting inhibitor of human EGFR tyrosine kinase with an IC50 of 2 nM.
IC50 Value: 2 nM [1]
in vitro: CP-358,774 inhibits the proliferation of DiFi human colon tumor cells at submicromolar concentrations in cell culture and blocks cell cycle progression at the G1 phase.",activator,HAMDB plain Activator (Autophagy in Pathway/Target)
Pazopanib (Hydrochloride),HAMDB190,635702-64-6,11525740.0,CC1=C(C=C(C=C1)NC2=NC=CC(=N2)N(C)C3=CC4=NN(C(=C4C=C3)C)C)S(=O)(=O)N.Cl,Activator,Autophagy; Protein Tyrosine Kinase/RTK; Protein Tyrosine Kinase/RTK;,Autophagy; PDGFR; VEGFR;,"Pazopanib Hcl (GW-786034) is a novel multi-target inhibitor of VEGFR1, VEGFR2, VEGFR3, PDGFR, FGFR, c-Kit and c-Fms with IC50 of 10 nM, 30 nM, 47 nM, 84 nM, 74 nM, 140 nM and 146 nM, respectively.
IC50 value: 10/30/47/84/74/140/146 nM (pan VEGFR1/2/3/PDGFR/FGFR/c-Kit/c-Fms) [1]
Target: VEGFR/PDGFR/VEGFR/CSF1R
in vitro: Pazopanib potently inhibits VEGF-induced phosphorylation of VEGFR2 in HUVEC cells with IC50 of 8 nM [1].",activator,HAMDB plain Activator (Autophagy in Pathway/Target)
SB 216763,HAMDB191,280744-09-4,176158.0,CN1C=C(C2=CC=CC=C21)C3=C(C(=O)NC3=O)C4=C(C=C(C=C4)Cl)Cl,Activator,Autophagy; Stem Cells/Wnt; PI3K/Akt/mTOR;,Autophagy; GSK-3; GSK-3;,"SB 216763 is potent and selective glycogen synthase kinase-3 (GSK-3) inhibitor (Ki = 9 nM); competes with ATP.
IC50 value: 9 nM (Ki)
Target: GSK-3¦Á
SB 216763 has minimal activity against 24 other protein kinases (IC50 > 10 ¦Ì M).",activator,HAMDB plain Activator (Autophagy in Pathway/Target)
SU11274,HAMDB192,658084-23-2,9549297.0,CC1=C(NC(=C1C(=O)N2CCN(CC2)C)C)C=C3C4=C(C=CC(=C4)S(=O)(=O)N(C)C5=CC(=CC=C5)Cl)NC3=O,Activator,Autophagy; Protein Tyrosine Kinase/RTK;,Autophagy; c-Met/HGFR;,"SU11274(PKI-SU11274) is a selective Met inhibitor with IC50 of 10 nM, no effects on PGDFR¦Â, EGFR or Tie2.
IC50 value: 10 nM [1]
Target: Met
in vitro: SU11274 exhibits greater than 50-fold selectivity for Met versus Flk and more than 500 times selectivity versus other tyrosine kinases such as FGFR-1, c-src, PDGFbR, and EGFR.",activator,HAMDB plain Activator (Autophagy in Pathway/Target)
2-Methoxyestradiol,HAMDB193,362-07-2,66414.0,CC12CCC3C(C1CCC2O)CCC4=CC(=C(C=C34)OC)O,Activator,Autophagy; Cytoskeleton; Cell Cycle/DNA Damage; Metabolic Enzyme/Protease;,Autophagy; Microtubule/Tubulin; Microtubule/Tubulin; HIF/HIF Prolyl-Hydroxylase;,"2-methoxyestradiol (2ME2; NSC-659853) is a natural metabolite of estrogen that is known to inhibit HIF-1 alpha with an IC50 of 0.71 ¡À 0.11 ¦ÌM for the inhibition of BPAEC migration.
IC50 value:0.71 uM
Target: HIF-1¦Á
in vitro: 2-Methoxyestradiol exhibits the inhibitory activity of cellular proliferation in a breast carcinoma cell line MDA-MB-435 and an ovarian carcinoma cell line SK-OV-3 with IC50 of 1.38 ¦ÌM and 1.79 ¦ÌM, respectively.",activator,HAMDB plain Activator (Autophagy in Pathway/Target)
Ponatinib,HAMDB194,943319-70-8,24826799.0,CC1=C(C=C(C=C1)C(=O)NC2=CC(=C(C=C2)CN3CCN(CC3)C)C(F)(F)F)C#CC4=CN=C5N4N=CC=C5,Activator,Autophagy; Protein Tyrosine Kinase/RTK; Protein Tyrosine Kinase/RTK; Protein Tyrosine Kinase/RTK; Protein Tyrosine Kinase/RTK; Protein Tyrosine Kinase/RTK;,Autophagy; Src; VEGFR; Bcr-Abl; PDGFR; FGFR;,"Ponatinib (AP24534) is a novel, potent multi-target inhibitor of Abl, PDGFR¦Á, VEGFR2, FGFR1 and Src with IC50 of 0.37 nM, 1.1 nM, 1.5 nM, 2.2 nM and 5.4 nM, respectively.
IC50 value: 0.37 nM/1.1 nM/1.5 nM/2.2 nM/5.4 nM (Abl/PDGFR¦Á/VEGFR2/FGFR1/Src) [1]
Target: Abl; multikinase
in vitro: AP24534 potently inhibits native Abl, AblT315I, and other clinically important Abl kinase domain mutants with IC50 of 0.30 nM¨C2 nM.",activator,HAMDB plain Activator (Autophagy in Pathway/Target)
Vinorelbine (ditartrate),HAMDB195,125317-39-7,11607738.0,CCC1=CC2CC(C3=C(CN(C2)C1)C4=CC=CC=C4N3)(C5=C(C=C6C(=C5)C78CCN9C7C(C=CC9)(C(C(C8N6C)(C(=O)OC)O)OC(=O)C)CC)OC)C(=O)OC.C(C(C(=O)O)O)(C(=O)O)O.C(C(C(=O)O)O)(C(=O)O)O,Activator,Autophagy,Autophagy,"Vinorelbine(KW-2307 base) is an anti-mitotic agent which inhibits the proliferation of Hela cells with IC50 of 1.25 nM.
IC50 value:
Target: Anti-mitotic
Vinorelbine (Navelbine) is the first 5¡äNOR semi-synthetic vinca alkaloid and exerts its activity through the MAPK (p38) pathway with median IC90 and IC50 of 15.5 and 2.3 ¦ÌM.",activator,HAMDB plain Activator (Autophagy in Pathway/Target)
Vemurafenib,HAMDB196,918504-65-1,42611257.0,CCCS(=O)(=O)NC1=C(C(=C(C=C1)F)C(=O)C2=CNC3=NC=C(C=C23)C4=CC=C(C=C4)Cl)F,Activator,Autophagy; MAPK/ERK Pathway;,Autophagy; Raf;,"Vemurafenib (PLX4032, RG7204; RO5185426) is a novel and potent inhibitor of B-RafV600E with IC50 of 31 nM.
IC50 value: 31 nM(B-RafV600E); 48 nM (c-Raf )[1]
Target: B-RafV600E
Target: PLX4032 inhibits B-RAFV600E, C-RAF, as well as wildtype B-RAF, with IC50 of 31 nM, 48 nM and 100 nM, respectively.",activator,HAMDB plain Activator (Autophagy in Pathway/Target)
Oprozomib,HAMDB197,935888-69-0,25067547.0,CC1=NC=C(S1)C(=O)NC(COC)C(=O)NC(COC)C(=O)NC(CC2=CC=CC=C2)C(=O)C3(CO3)C,Activator,Autophagy; Metabolic Enzyme/Protease;,Autophagy; Proteasome;,"Oprozomib (ONX 0912; PR047) is an orally bioavailable inhibitor for CT-L activity of 20S proteasome ¦Â5/LMP7 with IC50 of 36 nM/82 nM.
IC50 value: 36 nM/82 nM(20S proteasome ¦Â5/LMP7) [1]
Target: 20S proteasome
The anti-MM activity of Oprozomib is associated with activation of caspase-8, caspase-9, caspase-3, and PARP, as well as inhibition of migration of MM cells and angiogenesis.",activator,HAMDB plain Activator (Autophagy in Pathway/Target)
Entinostat,HAMDB198,209783-80-2,4261.0,C1=CC=C(C(=C1)N)NC(=O)C2=CC=C(C=C2)CNC(=O)OCC3=CN=CC=C3,Activator,Autophagy; Epigenetics; Cell Cycle/DNA Damage;,Autophagy; HDAC; HDAC;,"Entinostat (MS-275; SNDX 275) strongly inhibits HDAC1 and HDAC3 with IC50 of 0.51 ¦ÌM and 1.7 ¦ÌM.
IC50 Value: 0.51 ¦ÌM(HDAC1); 1.7 ¦ÌM(HDAC3)
Target: HDAC1/3
in vitro: MS-275 shows inhibitory to HDACs by 2'-amino group.",activator,HAMDB plain Activator (Autophagy in Pathway/Target)
Mocetinostat,HAMDB199,726169-73-9,9865515.0,C1=CC=C(C(=C1)N)NC(=O)C2=CC=C(C=C2)CNC3=NC=CC(=N3)C4=CN=CC=C4,Activator,Autophagy; Epigenetics; Cell Cycle/DNA Damage;,Autophagy; HDAC; HDAC;,"MGCD0103 (Mocetinostat) is a potent HDAC inhibitor with IC50 of 0.15, 0.29 and 1.66 ¦ÌM for HDAC 1, HDAC 2 and HDAC 3, respectively.",activator,HAMDB plain Activator (Autophagy in Pathway/Target)
Aliskiren (hemifumarate),HAMDB200,173334-58-2,6918427.0,CC(C)C(CC1=CC(=C(C=C1)OC)OCCCOC)CC(C(CC(C(C)C)C(=O)NCC(C)(C)C(=O)N)O)N.CC(C)C(CC1=CC(=C(C=C1)OC)OCCCOC)CC(C(CC(C(C)C)C(=O)NCC(C)(C)C(=O)N)O)N.C(=CC(=O)O)C(=O)O,Activator,Autophagy; Metabolic Enzyme/Protease;,Autophagy; Renin;,"Aliskiren hemifumarate(CGP 60536) is a direct renin inhibitor with IC50 of 1.5 nM.
IC50 value: 1.5 nM [1]
Target: renin
in vitro: Aliskiren hemifumarate appears to bind to both the hydrophobic S1/S3-binding pocket and to a large, distinct subpocket that extends from the S3-binding site towards the hydrophobic core of renin.",activator,HAMDB plain Activator (Autophagy in Pathway/Target)
CB-839,HAMDB201,1439399-58-2,71577426.0,C1=CC=NC(=C1)CC(=O)NC2=NN=C(S2)CCCCC3=NN=C(C=C3)NC(=O)CC4=CC(=CC=C4)OC(F)(F)F,Activator,Autophagy,Autophagy,"CB-839 is a potent, selective, and orally bioavailable inhibitor of both splice variants of glutaminase (KGA and GAC); inhibits recombinant GAC with an IC50 of <15 nM.
IC50 value: <15 nM(GAC) [1]
Target: glutaminase inhibitor
CB-839 had antiproliferative activity in a triple-negative breast cancer (TNBC) cell line, HCC-1806, that was associated with a marked decrease in glutamine consumption, glutamate production, oxygen consumption, and the steady-state levels of glutathione and several tricarboxylic acid cycle intermediates.",activator,HAMDB plain Activator (Autophagy in Pathway/Target)
Nicardipine (Hydrochloride),HAMDB202,54527-84-3,41114.0,CC1=C(C(C(=C(N1)C)C(=O)OCCN(C)CC2=CC=CC=C2)C3=CC(=CC=C3)[N+](=O)[O-])C(=O)OC.Cl,Activator,Autophagy; Membrane Transporter/Ion Channel;,Autophagy; Calcium Channel;,"Nicardipine Hcl(YC-93) is a calcium channel blocker that has been widely used to control blood pressure in severe hypertension following events such as ischemic stroke, traumatic brain injury, and intracerebral hemorrhage.",activator,HAMDB plain Activator (Autophagy in Pathway/Target)
LY3009120,HAMDB203,1454682-72-4,71721540.0,CC1=CC(=C(C=C1C2=C(N=C3C(=C2)C=NC(=N3)NC)C)NC(=O)NCCC(C)(C)C)F,Activator,Autophagy; MAPK/ERK Pathway;,Autophagy; Raf;,"LY3009120 is a small molecule that has been shown in vitro to be a pan-RAF inhibitor of all isoforms, blocking proliferation in both BRAF and RAS mutant cells.",activator,HAMDB plain Activator (Autophagy in Pathway/Target)
Thiamet G,HAMDB204,1009816-48-1,24808478.0,CCNC1=NC2C(C(C(OC2S1)CO)O)O,Activator,Autophagy,Autophagy,"Thiamet G is a potent and selective inhibitor of O-GlcNAcase that demonstrates a Ki value of 21 nM.
IC50 value: 21 nM [1]
Target: O-GlcNAcase inhibitor
Thiamet G increases cellular O-GlcNAc-modified protein levels (EC50 = 30 nM) and blocks phosphorylation of tau protein both in cultured PC-12 cells and in rats (200 mg/kg/day).",activator,HAMDB plain Activator (Autophagy in Pathway/Target)
URMC-099,HAMDB205,1229582-33-5,54764565.0,CN1CCN(CC1)CC2=CC=C(C=C2)C3=CN=C4C(=C3)C(=CN4)C5=CC6=C(C=C5)NC=C6,Activator,Autophagy; MAPK/ERK Pathway;,Autophagy; Mixed Lineage Kinase;,"URMC-099 is an orally bioavailable, brain penetrant inhibitor of Mixed Lineage Kinase 3(MLK3) with IC50 of 14 nM; inhibits LPS-induced TNF¦Á release in microglial cells, HIV-1 Tat-induced release of cytokines in human monocytes, and up-regulation of phospho-JNK in Tat-injected brains of mice.
IC50 value: 14 nM [1]
Target: MLK3 inhibitor
in vitro: URMC-099 shows excellent brain exposure in mouse PK models and minimal interference with key human CYP450 enzymes or hERG channels.",activator,HAMDB plain Activator (Autophagy in Pathway/Target)
Entrectinib,HAMDB206,1108743-60-7,25141092.0,CN1CCN(CC1)C2=CC(=C(C=C2)C(=O)NC3=NNC4=C3C=C(C=C4)CC5=CC(=CC(=C5)F)F)NC6CCOCC6,Activator,Autophagy; Protein Tyrosine Kinase/RTK; Protein Tyrosine Kinase/RTK; Protein Tyrosine Kinase/RTK;,Autophagy; Ros1; Trk Receptor; ALK;,"Entrectinib (RXDX-101) is an oral pan-Trk, ROS1, and ALK inhibitor, with IC50 of 1.7/0.1/0.1 nM, 0.2 nM, and 1.6 nM for Trk A/B/C, ROS1, and ALK, respectively.",activator,HAMDB plain Activator (Autophagy in Pathway/Target)
Quizartinib,HAMDB207,950769-58-1,24889392.0,CC(C)(C)C1=CC(=NO1)NC(=O)NC2=CC=C(C=C2)C3=CN4C5=C(C=C(C=C5)OCCN6CCOCC6)SC4=N3,Activator,Autophagy; Protein Tyrosine Kinase/RTK;,Autophagy; FLT3;,"Quizartinib (AC220) is a second-generation FLT3 inhibitor for Flt3(ITD/WT) with IC50 of 1.1 nM/4.2 nM, 10-fold more selective for Flt3 than KIT, PDGFR¦Á, PDGFR¦Â, RET, and CSF-1R.",activator,HAMDB plain Activator (Autophagy in Pathway/Target)
Torin 2,HAMDB208,1223001-51-1,51358113.0,C1=CC(=CC(=C1)N2C(=O)C=CC3=CN=C4C=CC(=CC4=C32)C5=CN=C(C=C5)N)C(F)(F)F,Activator,Autophagy; PI3K/Akt/mTOR;,Autophagy; mTOR;,"Torin 2 is a potent and selective mTOR inhibitor with IC50 of 0.25 nM; 800-fold greater selectivity for mTOR than PI3K and improved pharmacokinetic properties; inhibition of ATM/ATR/DNA-PK with EC50 of 28 nM/35 nM/118 nM, respectively.
IC50 value: 0.25 nM [1]
Target: mTOR
in vitro: Torin 2 has the same binding mode as PI3K¦Ã, V882 serves as a hinge binding point and in the inner hydrophobic pocket Y867, D841 and D964 provide three more hydrogen bonds with aminopyridine side chain analogous to Y2225, D2195 and D2357 of mTOR [1].",activator,HAMDB plain Activator (Autophagy in Pathway/Target)
Torin 1,HAMDB209,1222998-36-8,49836027.0,CCC(=O)N1CCN(CC1)C2=C(C=C(C=C2)N3C(=O)C=CC4=CN=C5C=CC(=CC5=C43)C6=CC7=CC=CC=C7N=C6)C(F)(F)F,Activator,Autophagy; PI3K/Akt/mTOR;,Autophagy; mTOR;,Torin 1 is a potent inhibitor of mTORC1/2 with IC50 of 2 nM/10 nM; exhibits 1000-fold selectivity for mTOR than PI3K.,activator,HAMDB plain Activator (Autophagy in Pathway/Target)
CAL-101,HAMDB210,870281-82-6,11625818.0,CCC(C1=NC2=C(C(=CC=C2)F)C(=O)N1C3=CC=CC=C3)NC4=NC=NC5=C4NC=N5,Activator,Autophagy; PI3K/Akt/mTOR;,Autophagy; PI3K;,"CAL-101 (Idelalisib, GS-1101) is a selective p110¦Ä inhibitor with IC50 of 2.5 nM; shown to have 40- to 300-fold greater selectivity for p110¦Ä than p110¦Á/¦Â/¦Ã, and 400- to 4000-fold more selectivity to p110¦Ä than C2¦Â, hVPS34, DNA-PK and mTOR.
IC50 value: 2.5 nM [1]
Target: p110¦Ä
in vitro: CAL-101 is not sensitive to other PI3K class I subunits including p110¦Á, p110¦Â, and p110¦Ã.",activator,HAMDB plain Activator (Autophagy in Pathway/Target)
DAPT,HAMDB211,208255-80-5,5311272.0,CC(C(=O)NC(C1=CC=CC=C1)C(=O)OC(C)(C)C)NC(=O)CC2=CC(=CC(=C2)F)F,Activator,Autophagy; Stem Cells/Wnt; Neuronal Signaling;,Autophagy; ¦Ã-secretase; ¦Ã-secretase;,"DAPT(GSI-IX) is an inhibitor of ¦Ã-secretase; DAPT causes a reduction in A¦Â40 and A¦Â42 levels in human primary neuronal cultures (IC50 values are 115 and 200 nM for total A¦Â and A¦Â42 respectively) and in brain extract, cerebrospinal fluid and plasma in vivo.",activator,HAMDB plain Activator (Autophagy in Pathway/Target)
(+)-JQ-1,HAMDB212,1268524-70-4,46907787.0,CC1=C(SC2=C1C(=NC(C3=NN=C(N32)C)CC(=O)OC(C)(C)C)C4=CC=C(C=C4)Cl)C,Activator,Autophagy; Epigenetics;,Autophagy; Epigenetic Reader Domain;,"(+)-JQ1 is a BET bromodomain inhibitor, with IC50 of 77 nM/33 nM for BRD4(1/2).
IC50 Value: 77 nM(for BRD4(1)); 33 nM( for BRD4(2))
Target: BRD4
in vitro: (+)-JQ1 enantiomer binds directly into the Kac binding site of BET bromodomains.",activator,HAMDB plain Activator (Autophagy in Pathway/Target)
Daunorubicin (Hydrochloride),HAMDB213,23541-50-6,62770.0,CC1C(C(CC(O1)OC2CC(CC3=C(C4=C(C(=C23)O)C(=O)C5=C(C4=O)C=CC=C5OC)O)(C(=O)C)O)N)O.Cl,Activator,Autophagy; Antibody-drug conjugates/ADCs Related; Cell Cycle/DNA Damage;,Autophagy; ADCs cytotoxin; Topoisomerase;,Daunorubicin Hcl inhibits both DNA and RNA synthesis and inhibits DNA synthesis with Ki of 0.02 ¦ÌM.,activator,HAMDB plain Activator (Autophagy in Pathway/Target)
Celastrol,HAMDB214,34157-83-0,122724.0,CC1=C(C(=O)C=C2C1=CC=C3C2(CCC4(C3(CCC5(C4CC(CC5)(C)C(=O)O)C)C)C)C)O,Activator,Autophagy; Metabolic Enzyme/Protease;,Autophagy; Proteasome;,Celastrol(Tripterin) is a potent antioxidant and anti-inflammatory agent; It is a novel HSP90 inhibitor.,activator,HAMDB plain Activator (Autophagy in Pathway/Target)
Crenolanib,HAMDB215,670220-88-9,10366136.0,CC1(COC1)COC2=CC3=C(C=C2)N(C=N3)C4=NC5=C(C=CC=C5N6CCC(CC6)N)C=C4,Activator,Autophagy; Protein Tyrosine Kinase/RTK;,Autophagy; PDGFR;,"Crenolanib (CP-868596) is a potent and selective inhibitor of PDGFR¦Á/¦Â with Kd of 2.1 nM/3.2 nM, also potently inhibits FLT3, sensitive to D842V mutation not V561D mutation, >100-fold more selective for PDGFR than c-Kit, VEGFR-2, TIE-2, FGFR-2, EGFR, erbB2, and Src.
IC50 value: 2.1 nM/3.2 nM(PDGFR¦Á/¦Â) [1]
Target: PDGFR¦Á/¦Â 
in vitro: Crenolanib is significantly more potent than imatinib in inhibiting the kinase activity of imatinib-resistant PDGFR¦Á kinases (D842I, D842V, D842Y, D1842-843IM, and deletion I843).",activator,HAMDB plain Activator (Autophagy in Pathway/Target)
CCT128930,HAMDB216,885499-61-6,17751819.0,C1CN(CCC1(CC2=CC=C(C=C2)Cl)N)C3=NC=NC4=C3C=CN4,Activator,Autophagy; PI3K/Akt/mTOR;,Autophagy; Akt;,"CCT128930 is a novel potent ATP-competitive, selective Akt2 inhibitor with an IC50 of 6 nM; >28-fold selectivity for Akt2 than the closely related PKA kinase.
IC50 value: 0.6 nM
Target: Akt2
CCT128930 prevents AKT activity in vitro and in vivo and induces marked antitumor responses.",activator,HAMDB plain Activator (Autophagy in Pathway/Target)
ABT-751,HAMDB217,141430-65-1,3035714.0,COC1=CC=C(C=C1)S(=O)(=O)NC2=C(N=CC=C2)NC3=CC=C(C=C3)O,Activator,Autophagy; Cytoskeleton; Cell Cycle/DNA Damage;,Autophagy; Microtubule/Tubulin; Microtubule/Tubulin;,"ABT-751(E 7010) is a novel bioavailable tubulin-binding and antimitotic sulfonamide agent with IC50 of about 1.5 and 3.4 ¦ÌM in neuroblastoma and non-neuroblastoma cell lines, respectively.
IC50 Value: 1.5 ¦ÌM(neuroblastoma); 3.4 ¦ÌM(non-neuroblastoma)
Target: Microtubule/Tubulin
in vitro: ABT-751 shows the selective cytotoxicity with IC50 of 0.6¨C2.6 ¦ÌM in neuroblastoma and 0.7¨C4.6 ¦ÌM in other solid tumor cell lines.",activator,HAMDB plain Activator (Autophagy in Pathway/Target)
Tubastatin-A,HAMDB218,1252003-15-8,49850262.0,CN1CCC2=C(C1)C3=CC=CC=C3N2CC4=CC=C(C=C4)C(=O)NO,Activator,Autophagy; Epigenetics; Cell Cycle/DNA Damage;,Autophagy; HDAC; HDAC;,"Tubastatin A is a potent and selective HDAC6 inhibitor with IC50 of 15 nM; is selective (1000-fold more) against all other isozymes except HDAC8 (57-fold more).
IC50 Value: 15 nM
Target: HDAC6
in vitro: Tubastatin A is selective at all isozymes except HDAC8 and maintains over 1000-fold selectivity against all isoforms excluding HDAC8, where it has approximately 57-fold selectivity.",activator,HAMDB plain Activator (Autophagy in Pathway/Target)
SGI-1776,HAMDB219,1025065-69-3,24795070.0,CN1CCC(CC1)CNC2=NN3C(=NC=C3C4=CC(=CC=C4)OC(F)(F)F)C=C2,Activator,Autophagy; JAK/STAT Signaling;,Autophagy; Pim;,"SGI-1776 is a novel ATP competitive inhibitor of Pim1 with IC50 of 7 nM; 50- and 10-fold selective versus Pim2 and Pim3, also potent to Flt3 and haspin.",activator,HAMDB plain Activator (Autophagy in Pathway/Target)
SR-3677,HAMDB220,1072959-67-1,25093235.0,CN(C)CCOC1=C(C=CC(=C1)C2=CNN=C2)NC(=O)C3COC4=CC=CC=C4O3,Activator,Autophagy; Stem Cells/Wnt; TGF-beta/Smad; Cell Cycle/DNA Damage;,Autophagy; ROCK; ROCK; ROCK;,SR-3677 is a new potent and selective ROCK-II inhibitor with an IC50 of ~3 nM in enzyme and cell based assays; IC50 for ROCK-I is 56 ¡À 12 nM.,activator,HAMDB plain Activator (Autophagy in Pathway/Target)
Regorafenib (Hydrochloride),HAMDB221,835621-07-3,66577009.0,CNC(=O)C1=NC=CC(=C1)OC2=CC(=C(C=C2)NC(=O)NC3=CC(=C(C=C3)Cl)C(F)(F)F)F.Cl,Activator,Autophagy; Protein Tyrosine Kinase/RTK;,Autophagy; VEGFR;,"Regorafenib (BAY 73-4506) is a multi-target inhibitor for VEGFR1, VEGFR2, VEGFR3, PDGFR¦Â, Kit, RET and Raf-1 with IC50 of 13 nM/4.2 nM/46 nM, 22 nM, 7 nM, 1.5 nM and 2.5 nM, respectively.",activator,HAMDB plain Activator (Autophagy in Pathway/Target)
Montelukast (sodium),HAMDB222,151767-02-1,23663996.0,CC(C)(C1=CC=CC=C1CCC(C2=CC=CC(=C2)C=CC3=NC4=C(C=CC(=C4)Cl)C=C3)SCC5(CC5)CC(=O)[O-])O.[Na+],Activator,Autophagy; GPCR/G protein;,Autophagy; Leukotriene Receptor;,"Montelukast Sodium(Singulair) is a potent, selective, anti-inflammatory CysLT1 receptor antagonist (IC50 < 5nM) with no appreciable affect on the CysLT2 receptor.",activator,HAMDB plain Activator (Autophagy in Pathway/Target)
Mitomycin C,HAMDB223,50-07-7,5746.0,CC1=C(C(=O)C2=C(C1=O)N3CC4C(C3(C2COC(=O)N)OC)N4)N,Activator,Autophagy; Cell Cycle/DNA Damage; Antibody-drug Conjugate/ADC Related;,Autophagy; DNA Alkylator/Crosslinker; ADC Cytotoxin;,"Mitomycin C is a DNA crosslinking agent that inhibits DNA synthesis and induces apoptosis in a variety of cells.
IC50 Value: 0.14 ¦ÌM (EC50, Cytotoxicity against PC3 cells )
Target: DNA alkylator; ADCs toxin
Mitomycin C is part of a family of azidine natural products.",activator,HAMDB plain Activator (Autophagy in Pathway/Target)
Bardoxolone (methyl),HAMDB224,218600-53-4,400769.0,CC1(CCC2(CCC3(C(C2C1)C(=O)C=C4C3(CCC5C4(C=C(C(=O)C5(C)C)C#N)C)C)C)C(=O)OC)C,Activator,Autophagy; NF-¦ÊB;,Autophagy; Keap1-Nrf2,Bardoxolone methyl(RTA 402; NSC 713200) is the lead molecule in Reata's portfolio of Antioxidant Inflammation Modulators (AIMs).,activator,HAMDB plain Activator (Autophagy in Pathway/Target)
INK-128,HAMDB225,1224844-38-5,45375953.0,CC(C)N1C2=C(C(=N1)C3=CC4=C(C=C3)OC(=N4)N)C(=NC=N2)N,Activator,Autophagy; PI3K/Akt/mTOR; PI3K/Akt/mTOR;,Autophagy; mTOR; PI3K;,"INK 128 is a potent and selective mTOR inhibitor with IC50 of 1 nM; >200-fold less potent to class I PI3K isoforms.
IC50 value: 1 nM [1]
Target: mTOR
in vitro: INK 128 exhibits an enzymatic inhibition activity against mTOR and more than 100-fold selectivity to PI3K kinases [1].",activator,HAMDB plain Activator (Autophagy in Pathway/Target)
Apatinib,HAMDB226,1218779-75-9,45139106.0,CS(=O)(=O)O.C1CCC(C1)(C#N)C2=CC=C(C=C2)NC(=O)C3=C(N=CC=C3)NCC4=CC=NC=C4,Activator,Autophagy; Protein Tyrosine Kinase/RTK;,Autophagy; VEGFR;,"Apatinib(YN-968D1) is an orally bioavailable, selective VEGFR2 inhibitor with IC50 of 1 nM.
IC50 value: 1 nM
Target: VEGFR2
Apatinib, also known as YN968D1, is a tyrosine kinase inhibitor that selectively inhibits the vascular endothelial growth factor receptor-2 (VEGFR2, also known as KDR).",activator,HAMDB plain Activator (Autophagy in Pathway/Target)
RITA,HAMDB227,213261-59-7,374536.0,C1=C(SC(=C1)C2=CC=C(O2)C3=CC=C(S3)CO)CO,Activator,Autophagy; Cell Cycle/DNA Damage; Apoptosis;,"Autophagy; DNA alkylator/crosslinker; MDM-2, p53;",RITA(NSC 652287) induced both DNA-protein and DNA-DNA cross-links with no detectable DNA single-strand breaks.,activator,HAMDB plain Activator (Autophagy in Pathway/Target)
BAY 11-7082,HAMDB228,19542-67-7,5353431.0,CC1=CC=C(C=C1)S(=O)(=O)C=CC#N,Activator,Autophagy; Cell Cycle/DNA Damage; NF-¦ÊB;,Autophagy; Deubiquitinase; NF-¦ÊB;,"BAY 11-7082 is an irreversible inhibitor of IKK¦Á and phosphorylation of cytokine-inducible I¦ÊB¦Á (nuclear factor of kappa light polypeptide gene enhancer in B-cells inhibitor-¦Á, NFKBIA; IC50=10 ¦ÌM).
IC50 value: 10 ¦ÌM
Target: I¦ÊBa phosphorylation
in vitro: Bay 11-7082 inhibits transcription factor NF-¦ÊB and induces apoptosis of HTLV-I-infected T-cell lines and primary adult T-cell leukemia cells.",activator,HAMDB plain Activator (Autophagy in Pathway/Target)
GSK343,HAMDB229,1346704-33-3,71268957.0,CCCC1=C(C(=O)NC(=C1)C)CNC(=O)C2=C3C=NN(C3=CC(=C2)C4=CC(=NC=C4)N5CCN(CC5)C)C(C)C,Activator,Autophagy; Epigenetics; Epigenetics;,Autophagy; Histone Methyltransferase; Epigenetic Reader Domain;,"GSK343 is a potent and selective EZH2 inhibitor with IC50 of 4 nM, showing 60 fold selectivity against EZH1, and >1000 fold selectivity against other histone methyltransferases.
IC50 Value: 4 nM [1]
Target: EZH2
in vitro: GSK343 exhibited limited effects on the growth of EOC cells in conventional two-dimensional (2D) culture.",activator,HAMDB plain Activator (Autophagy in Pathway/Target)
Sirtinol,HAMDB230,410536-97-9,5717148.0,CC(C1=CC=CC=C1)NC(=O)C2=CC=CC=C2NC=C3C(=O)C=CC4=CC=CC=C43,Activator,Autophagy; Epigenetics; Epigenetics; Cell Cycle/DNA Damage; Cell Cycle/DNA Damage;,Autophagy; Sirtuin; HDAC; Sirtuin; HDAC;,"Sirtinol is a class III HDAC inhibitor, induces apoptotic and autophagic cell death in MCF-7 human breast cancer cells.",activator,HAMDB plain Activator (Autophagy in Pathway/Target)
Piceatannol,HAMDB231,10083-24-6,667639.0,C1=CC(=C(C=C1C=CC2=CC(=CC(=C2)O)O)O)O,Activator,Autophagy; Protein Tyrosine Kinase/RTK;,Autophagy; Syk;,Piceatannol is a selective inhibitor of protein tyrosine kinase Syk.,activator,HAMDB plain Activator (Autophagy in Pathway/Target)
Nocodazole,HAMDB232,31430-18-9,4122.0,COC(=O)NC1=NC2=C(N1)C=C(C=C2)C(=O)C3=CC=CS3,Activator,Autophagy; Cell Cycle/DNA Damage; Cytoskeleton; Cell Cycle/DNA Damage; Protein Tyrosine Kinase/RTK;,Autophagy; CRISPR/Cas9; Microtubule/Tubulin; Microtubule/Tubulin; Bcr-Abl;,"Nocodazole is a rapidly-reversible inhibitor of microtubule polymerization, also inhibits Abl, Abl(E255K) and Abl(T315I) with IC50 of 0.21 ¦ÌM, 0.53 ¦ÌM and 0.64 ¦ÌM, respectively.",activator,HAMDB plain Activator (Autophagy in Pathway/Target)
PAC-1,HAMDB233,315183-21-2,6753378.0,C=CCC1=CC=CC(=CNNC(=O)CN2CCN(CC2)CC3=CC=CC=C3)C1=O,Activator,Autophagy; Apoptosis;,Autophagy; Caspase;,"PAC-1(Procaspase-activating compound-1) is the first direct caspase-activating compound with EC50 of 0.22 uM; enhances the activity of procaspase-3 in vitro and induces apoptotic death in cancer cells in culture and in mouse xenograft models.
IC50 value: 0.22 uM (EC50) [1]
Target: Procaspase activator
in vitro: PAC-1 activates procaspase-7 in a less efficient manner with EC50 of 4.5 ¦ÌM.",activator,HAMDB plain Activator (Autophagy in Pathway/Target)
AG-1478,HAMDB234,153436-53-4,2051.0,COC1=C(C=C2C(=C1)C(=NC=N2)NC3=CC(=CC=C3)Cl)OC,Activator,Autophagy; Protein Tyrosine Kinase/RTK; JAK/STAT Signaling;,Autophagy; EGFR; EGFR;,"AG-1478 (NSC 693255) is a selective EGFR inhibitor with IC50 of 3 nM; almost no activity on HER2-Neu, PDGFR, Trk, Bcr-Abl and InsR.
IC50 Value: 3 nM [1]
Target: EGFR
in vitro: AG1478 inhibited EGFR phosphorylation in CNE2 cells without reduced expression of EGFR protein.",activator,HAMDB plain Activator (Autophagy in Pathway/Target)
Amsacrine,HAMDB235,51264-14-3,2179.0,COC1=C(C=CC(=C1)NS(=O)(=O)C)NC2=C3C=CC=CC3=NC4=CC=CC=C42,Activator,Autophagy; Cell Cycle/DNA Damage;,Autophagy; Topoisomerase;,Amsacrine (mAMSA) an antineoplastic agent which can intercalate into the DNA of tumor cells.,activator,HAMDB plain Activator (Autophagy in Pathway/Target)
Cytarabine,HAMDB236,147-94-4,6253.0,C1=CN(C(=O)N=C1N)C2C(C(C(O2)CO)O)O,Activator,Autophagy; Cell Cycle/DNA Damage;,Autophagy; Nucleoside antimetabolite/analog;,"Cytarabine (AraC) is an antimetabolic agent and DNA synthesis inhibitor.
Target: DNA/RNA Synthesis
Cytarabine (AraC) is phosphorylated into a triphosphate form (Ara-CTP) involving deoxycytidine kinase (dCK), which competes with dCTP for incorporation into DNA, and then blocks DNA synthesis by inhibiting the function of DNA and RNA polymerases.",activator,HAMDB plain Activator (Autophagy in Pathway/Target)
Dacinostat,HAMDB237,404951-53-7,6445533.0,C1=CC=C2C(=C1)C(=CN2)CCN(CCO)CC3=CC=C(C=C3)C=CC(=O)NO,Activator,Autophagy; Epigenetics; Cell Cycle/DNA Damage;,Autophagy; HDAC; HDAC;,"Dacinostat (NVP-LAQ824, LAQ824) is a highly potent HDAC inhibitor with IC50 of  32 nM.
IC50 Value:  32 nM [1]
Target: HDAC
in vitro: LAQ824 activates the expression of the gene encoding the p21 cell cycle inhibitor by activating the p21 promoter with 50% of the maximal promoter activation (AC50) of 0.30 ¦ÌM.",activator,HAMDB plain Activator (Autophagy in Pathway/Target)
Etoposide,HAMDB238,33419-42-0,36462.0,CC1OCC2C(O1)C(C(C(O2)OC3C4COC(=O)C4C(C5=CC6=C(C=C35)OCO6)C7=CC(=C(C(=C7)OC)O)OC)O)O,Activator,Autophagy; Cell Cycle/DNA Damage;,Autophagy; Topoisomerase;,"Etoposide inhibits DNA synthesis by forming a complex with topoisomerase II and DNA.
Target: Topoisomerase
Approved: 1983
Etoposide inhibits the growth of murine angiosarcoma cell line (ISOS-1) in a 5 days-period with IC50 of 0.25 ¦Ìg/mL.",activator,HAMDB plain Activator (Autophagy in Pathway/Target)
Fulvestrant,HAMDB239,129453-61-8,104741.0,CC12CCC3C(C1CCC2O)C(CC4=C3C=CC(=C4)O)CCCCCCCCCS(=O)CCCC(C(F)(F)F)(F)F,Activator,Autophagy,Autophagy; Estrogen Receptor/ERR;,"Fulvestrant(ZM 182780; ICI 182780 ) is a representative pure antiestrogen and a Selective Estrogen Receptor Down-regulator (SERD).
IC50 Value: 9.4 nM
Target: Estrogen Receptor
In contrast to the Selective Estrogen Receptor Modulators (SERMs) such as 4-hydroxytamoxifen that bind to estrogen receptor ¦Á (ER¦Á) as antagonists or partial agonists, fulvestrant causes proteasomal degradation of ER¦Á protein, shutting down the estrogen signaling to induce proliferation arrest and apoptosis of estrogen-dependent breast cancer cells[1].",activator,HAMDB plain Activator (Autophagy in Pathway/Target)
(-)-Epigallocatechin Gallate,HAMDB240,989-51-5,65064.0,C1C(C(OC2=CC(=CC(=C21)O)O)C3=CC(=C(C(=C3)O)O)O)OC(=O)C4=CC(=C(C(=C4)O)O)O,Activator,Autophagy; Epigenetics; Cell Cycle/DNA Damage;,Autophagy; DNA Methyltransferase; Telomerase;,Epigallocatechol Gallate(EGCG) is an antioxidant polyphenol flavonoid that inhibits telomerase and DNA methyltransferase.,activator,HAMDB plain Activator (Autophagy in Pathway/Target)
Lomustine,HAMDB241,13010-47-4,3950.0,C1CCC(CC1)NC(=O)N(CCCl)N=O,Activator,Autophagy; Cell Cycle/DNA Damage;,Autophagy; DNA alkylator/crosslinker;,Lomustine (CCNU) is an alkylating nitrosourea compound used in chemotherapy.,activator,HAMDB plain Activator (Autophagy in Pathway/Target)
6-Mercaptopurine,HAMDB242,50-44-2,667490.0,C1=NC2=C(N1)C(=S)N=CN2,Activator,Autophagy; Cell Cycle/DNA Damage;,Autophagy; Nucleoside antimetabolite/analog;,"Mercaptopurine (6-mercaptopurine; 6-MP) is an immunosuppressive drug; is a thiopurine.
IC50 Value: 149.5¡À124.9 nM (PBMC blastogenesis) [1]
Target: Nucleoside antimetabolite
in vitro: Both AZ and 6-MP dose-dependently suppressed PBMC blastogenesis.",activator,HAMDB plain Activator (Autophagy in Pathway/Target)
Mifepristone,HAMDB243,84371-65-3,55245.0,CC#CC1(CCC2C1(CC(C3=C4CCC(=O)C=C4CCC23)C5=CC=C(C=C5)N(C)C)C)O,Activator,Autophagy; GPCR/G protein; Others;,Autophagy; Glucocorticoid Receptor; Progesterone Receptor;,"Mifepristone(RU-38486; RU486) is a progesterone receptor antagonist (IC50=0.2 nM) used as an abortifacient in the first months of pregnancy, and in smaller doses as an emergency contraceptive.
IC50 Value: 0.2 nM (Progesterone receptor); 2.6 nM (Glucocorticoid receptor)[1]
Target: Progesterone receptor
Mifepristone is a synthetic steroid compound used as a pharmaceutical.",activator,HAMDB plain Activator (Autophagy in Pathway/Target)
SN-38,HAMDB244,86639-52-3,104842.0,CCC1=C2C=C(C=CC2=NC3=C1CN4C3=CC5=C(C4=O)COC(=O)C5(CC)O)O,Activator,Autophagy; Cell Cycle/DNA Damage;,Autophagy; Topoisomerase;,"SN-38(NK-012) is an active metabolite of CPT-11, inhibits DNA topoisomerase I, DNA synthesis and causes frequent DNA single-strand breaks.
IC50 Value:
Target: topoisomerase I
in vitro: Among TIs, SN-38 had the highest cytotoxicity towards OSCC cell lines, with a tumor specificity index of 1321 compared to mesenchymal cells and 22 compared with epithelial cells.",activator,HAMDB plain Activator (Autophagy in Pathway/Target)
Norepinephrine (bitartrate monohydrate),HAMDB245,108341-18-0,3047796.0,C1=CC(=C(C=C1C(CN)O)O)O.C(C(C(=O)O)O)(C(=O)O)O.O,Activator,Autophagy; GPCR/G protein;,Autophagy; Adrenergic Receptor;,"Norepinephrine bitartrate monohydrate is a <b>¦Â<sub>1</sub></b>-selective <b>adrenergic receptor</b> agonist with <b>EC<sub>50</sub></b> of 5.37 ¦ÌM.


IC50 & Target: EC50: 5.37 ¦ÌM (¦Â<sub>1</sub>-selective adrenergic receptor)<sup>[1]</sup>
<i><b>In Vitro:</b></i> Norepinephrine(NE) bitartrate monohydrate is generally considered to be a ¦Â<sub>1</sub>-subtype selective adrenergic agonist.",activator,HAMDB plain Activator (Autophagy in Pathway/Target)
Noscapine,HAMDB246,128-62-1,275196.0,CN1CCC2=CC3=C(C(=C2C1C4C5=C(C(=C(C=C5)OC)OC)C(=O)O4)OC)OCO3,Activator,Autophagy; GPCR/G protein;,Autophagy; Sigma Receptor;,"Noscapine is an orally administrable drug used worldwide for cough suppression, primarily mediated by its ¦Ò-receptor agonist activity, and possess anticancer activity.
Target: ¦Ò-receptor
in vitro: Noscapine is a phthalideisoquinoline alkaloid from opium, is a recently discovered anticancer drug and is currently under investigation in phase-I/II clinical trials for the treatment of leukemia and lymphoma.",activator,HAMDB plain Activator (Autophagy in Pathway/Target)
Pirarubicin (Hydrochloride),HAMDB247,95343-20-7,3086415.0,CC1C(C(CC(O1)OC2CC(CC3=C(C4=C(C(=C23)O)C(=O)C5=C(C4=O)C=CC=C5OC)O)(C(=O)CO)O)N)OC6CCCCO6.Cl,Activator,Autophagy; Cell Cycle/DNA Damage;,Autophagy; Topoisomerase;,"Pirarubicin Hcl is an analogue of the anthracycline anti-neoplastic doxorubicin, which is an inhibitor of Topo II.
Target: Topoisomerase
Pirarubicin is an anthracycline drug.",activator,HAMDB plain Activator (Autophagy in Pathway/Target)
Raloxifene (hydrochloride),HAMDB248,82640-04-8,54900.0,C1CCN(CC1)CCOC2=CC=C(C=C2)C(=O)C3=C(SC4=C3C=CC(=C4)O)C5=CC=C(C=C5)O.Cl,Activator,Autophagy,Autophagy; Estrogen Receptor/ERR;,"RaloxifeneHcl(LY156758 Hcl) is a second generation selective estrogen receptor antagonist.
Target: Estrogen receptor
Approved: September 14, 2007
Raloxifene activates TGF beta 3 promoter as a full agonist at nanomolar concentrations, and raloxifene inhibits the estrogen response element-containing vitellogenin promoter expression as a pure estrogen antagonist in transient transfection assays [1].",activator,HAMDB plain Activator (Autophagy in Pathway/Target)
Tamoxifen (Citrate),HAMDB249,54965-24-1,2733525.0,CCC(=C(C1=CC=CC=C1)C2=CC=C(C=C2)OCCN(C)C)C3=CC=CC=C3.C(C(=O)O)C(CC(=O)O)(C(=O)O)O,Activator,Autophagy,Autophagy; Estrogen Receptor/ERR;,"Tamoxifen(ICI-46474) is an antagonist of the estrogen receptor in breast tissue via its active metabolite, hydroxytamoxifen.
IC50 Value:
Target: Estrogen receptor
in vitro: 4-hydroxytamoxifen, the active metabolite of tamoxifen, estradiol and 13 estradiol metabolites were tested in concentrations ranging from 3.1 to 100 microM.",activator,HAMDB plain Activator (Autophagy in Pathway/Target)
Tamoxifen,HAMDB250,10540-29-1,2733526.0,CCC(=C(C1=CC=CC=C1)C2=CC=C(C=C2)OCCN(C)C)C3=CC=CC=C3,Activator,Autophagy,Autophagy; Estrogen Receptor/ERR;,"Tamoxifen(ICI-46474) is an antagonist of the estrogen receptor in breast tissue via its active metabolite, hydroxytamoxifen.
Target: Estrogen receptor
Tamoxifen displays antitumor effect due to its antiestrogenic activity (ER).",activator,HAMDB plain Activator (Autophagy in Pathway/Target)
6-Thioguanine,HAMDB251,154-42-7,2723601.0,C1=NC2=C(N1)C(=S)N=C(N2)N,Activator,Autophagy; Cell Cycle/DNA Damage;,Autophagy; Nucleoside antimetabolite/analog;,"6-Thioguanine(6-TG) belongs to the thiopurine family of drugs that also include mercaptopurine and azathioprine, which are examples of antimetabolites; a purine analogue of the nucleobase guanine.
IC50 Value: 0.6 uM (ID50, 24 h exposure to HL-60 cell) [1]
Target: Nucleoside antimetabolite/analog
in vitro:  6-TG was toxic to HL-60 cells (ID50 = 0.6 microM; 24-h exposure) while IFN-alpha (up to 1000 IU/ml) had minimal cytotoxic activity [1].",activator,HAMDB plain Activator (Autophagy in Pathway/Target)
Topotecan (Hydrochloride),HAMDB252,119413-54-6,60699.0,CCC1(C2=C(COC1=O)C(=O)N3CC4=C(C3=C2)N=C5C=CC(=C(C5=C4)CN(C)C)O)O.Cl,Activator,Autophagy; Cell Cycle/DNA Damage;,Autophagy; Topoisomerase;,"Topotecan Hcl (SKF 104864A; NSC 609669) is the first topoisomerase I-directed cytotoxic agent to enter clinical trials in the United States.
IC50 Value: 37-280 uM (Human glioma cell lines) [1]
Target: Topoisomerase I
in vitro: Human glioma cell lines (U87, U138 and U373) displayed different sensitivities to topotecan (IC50range: 0.037 microM to 0.280 microM) in cell culture [1].",activator,HAMDB plain Activator (Autophagy in Pathway/Target)
Zoledronic acid (monohydrate),HAMDB253,165800-06-6,121586.0,C1=CN(C=N1)CC(O)(P(=O)(O)O)P(=O)(O)O.O,Activator,Autophagy; Epigenetics; TGF-beta/Smad;,Autophagy; PKC; PKC;,Zoledronic acid monohydrate(CGP 42446; ZOL 446) is an activator of protein kinase C with apoptotic effects on multiple myeloma cell lines.,activator,HAMDB plain Activator (Autophagy in Pathway/Target)
Vinblastine (sulfate),HAMDB254,143-67-9,5388983.0,CCC1(CC2CC(C3=C(CCN(C2)C1)C4=CC=CC=C4N3)(C5=C(C=C6C(=C5)C78CCN9C7C(C=CC9)(C(C(C8N6C)(C(=O)OC)O)OC(=O)C)CC)OC)C(=O)OC)O.OS(=O)(=O)O,Activator,Autophagy; Cytoskeleton; Cell Cycle/DNA Damage;,Autophagy; Microtubule/Tubulin; Microtubule/Tubulin;,"Vinblastine sulfate can inhibit the formation of microtubule, it also inhibit nAChR(IC50=8.9 uM).
IC50 Value: VIN showed EC50 values of 15 ug/ml, against P815 mastocytoma cells in-vitro[1].",activator,HAMDB plain Activator (Autophagy in Pathway/Target)
C646,HAMDB255,328968-36-1,1285940.0,CC1=C(C=C(C(=C1)C2=CC=C(O2)C=C3C(=NN(C3=O)C4=CC=C(C=C4)C(=O)O)C)[N+](=O)[O-])C,Activator,Autophagy; Epigenetics;,Autophagy; Histone Acetyltransferase;,"C646 is a selective competitive histone acetyltransferase p300 inhibitor with Ki of 400 nM; less potent for other acetyltransferases.
IC50 value: 400 nM(Ki) [1]
Target: p300 inhibitor
in vitro: C646 treatment reduces histone H3 and H4 acetylation levels and abrogates TSA-induced acetylation in cells.",activator,HAMDB plain Activator (Autophagy in Pathway/Target)
GANT 61,HAMDB256,500579-04-4,421610.0,CN(C)C1=CC=CC=C1CN2CCCN(C2C3=CC=NC=C3)CC4=CC=CC=C4N(C)C,Activator,Autophagy; Stem Cells/Wnt;,Autophagy; Gli;,"GANT 61(NSC 136476) is a small molecule inhibitor of Gli1 and Gli2.
IC50 Value: 5-15 uM (inhibited clonogenic survival of human colon carcinoma cell lines) [1]
Target: Gli1; Gli2
in vitro: GANT61 administration induced robust cytotoxicity in 5 of 6 cell lines and moderate cytotoxicity in the remaining 1 cell line.",activator,HAMDB plain Activator (Autophagy in Pathway/Target)
Telmisartan,HAMDB257,144701-48-4,65999.0,CCCC1=NC2=C(C=C(C=C2N1CC3=CC=C(C=C3)C4=CC=CC=C4C(=O)O)C5=NC6=CC=CC=C6N5C)C,Activator,Autophagy; GPCR/G protein;,Autophagy; Angiotensin Receptor;,"Telmisartan(BIBR 277) is an angiotensin II receptor antagonist (angiotensin receptor blocker, ARB) used in the management of hypertension.
IC50 Value: 9.2 nM [1]
Target: Angiotensin Receptor
in vitro: In intact RVSMC cells and in membrane preparations, telmisartan inhibits the binding of 125I-AngII to AT1 receptors in a concentrationdependent manner, with an IC50 of 9.2 ¡À0.8 nM.",activator,HAMDB plain Activator (Autophagy in Pathway/Target)
Rimonabant (Hydrochloride),HAMDB258,158681-13-1,104849.0,CC1=C(N(N=C1C(=O)NN2CCCCC2)C3=C(C=C(C=C3)Cl)Cl)C4=CC=C(C=C4)Cl.Cl,Activator,Autophagy; GPCR/G protein;,Autophagy; Cannabinoid Receptor;,"Rimonabant Hcl(SR141716A) is a selective central cannabinoid (CB1) receptor inverse agonist with Ki of 1.8 nM.
IC50 Value: 1.8 nM(Ki)
Target: CB1 Receptor
in vitro: Rimonabant dose-dependently reduces ACAT activity in Raw264.7macrophages with IC50 of 2.9 ¦ÌM and isolated peritoneal macrophages.",activator,HAMDB plain Activator (Autophagy in Pathway/Target)
Bexarotene,HAMDB259,153559-49-0,82146.0,CC1=CC2=C(C=C1C(=C)C3=CC=C(C=C3)C(=O)O)C(CCC2(C)C)(C)C,Activator,Autophagy; Metabolic Enzyme/Protease;,Autophagy; RAR/RXR;,"Bexarotene (Targretin) is a selective RXR agonist approved for the treatment of CTCL.
IC50 value:
Target: retinoid X receptor
Exposure of NSCLC cell lines to bexarotene as a single agent had modest growth inhibitory effects (at > 1 ¦ÌM).",activator,HAMDB plain Activator (Autophagy in Pathway/Target)
Letrozole,HAMDB260,112809-51-5,3902.0,C1=CC(=CC=C1C#N)C(C2=CC=C(C=C2)C#N)N3C=NC=N3,Activator,Autophagy,Autophagy; Aromatase;,"Letrozole(CGS-20267) is an oral non-steroidal aromatase inhibitor that has been introduced for the adjuvant.
Target: Aromatase
InVitro: Letrozole potently inhibits aromatase derived from a variety of different sources including human placental microsomes, particulate fractions of human breast cancer, rat ovarian microsomes, MCF-7 cells transfected with aromatase (MCF-7Ca), JEG-3 human choriocarcinoma cells, CHO cells, hamster ovarian tissue, and particulate fractions of human breast cancer with IC50 of 11, 2, 7, 0.07, 0.07, 1.4, 20 and 0.8 nM.",activator,HAMDB plain Activator (Autophagy in Pathway/Target)
Bicalutamide,HAMDB261,90357-06-5,2375.0,CC(CS(=O)(=O)C1=CC=C(C=C1)F)(C(=O)NC2=CC(=C(C=C2)C#N)C(F)(F)F)O,Activator,Autophagy,Autophagy; Androgen Receptor;,Bicalutamide(Casodex) is an oral non-steroidal anti-androgen for prostate cancer;  binds to the androgen receptor.,activator,HAMDB plain Activator (Autophagy in Pathway/Target)
Indomethacin,HAMDB262,53-86-1,3715.0,CC1=C(C2=C(N1C(=O)C3=CC=C(C=C3)Cl)C=CC(=C2)OC)CC(=O)O,Activator,Autophagy; Immunology/Inflammation;,Autophagy; COX;,"Indomethacin is a non-steroidal anti-inflammatory compound commonly used to reduce fever, pain, stiffness, and swelling.
Target: COX1; COX2
Indomethacin is a nonselective inhibitor of cyclooxygenase (COX) 1 and 2, enzymes that participate in prostaglandin synthesis from arachidonic acid.",activator,HAMDB plain Activator (Autophagy in Pathway/Target)
GSK4112,HAMDB263,1216744-19-2,50905018.0,CC(C)(C)OC(=O)CN(CC1=CC=C(C=C1)Cl)CC2=CC=C(S2)[N+](=O)[O-],Activator,Autophagy,Autophagy,"GSK4112 is a Rev-erb¦Á agonist with EC50 of 0.4 ¦ÌM, also is a small molecule chemical probe for the cell biology of the nuclear heme receptor Rev-erb¦Á.
IC50 value: 0.4 ¦ÌM (EC50)
Target: Rev-erb¦Á
in vitro: GSK4112 profiled as a Rev-erb agonist in cells to inhibit expression of the circadian target gene bmal1.",activator,HAMDB plain Activator (Autophagy in Pathway/Target)
Olanzapine,HAMDB264,132539-06-1,4585.0,CC1=CC2=C(NC3=CC=CC=C3N=C2S1)N4CCN(CC4)C,Activator,Autophagy; Neuronal Signaling; GPCR/G protein;,Autophagy; 5-HT Receptor; 5-HT Receptor;,"Olanzapine(LY170053) is a high affinity for 5-HT2 serotonin and D2 dopamine receptor antagonist.
IC50 Value:
Target: 5-HT Receptor
Olanzapine is a thienobenzodiazepine that blocks especially the serontonin (5-hydroxytryptamine [5-HT]) 5-HT2A and the dopamine D2 receptors (Ki values are 4 and 11 nM respectively) as well as muscarinic (M1), histamine (H1), 5-HT2C, 5-HT3 to 5-HT6, adrenergic (¦Á(l)), and D4 receptors.",activator,HAMDB plain Activator (Autophagy in Pathway/Target)
Sertindole,HAMDB265,106516-24-9,60149.0,C1CN(CCC1C2=CN(C3=C2C=C(C=C3)Cl)C4=CC=C(C=C4)F)CCN5CCNC5=O,Activator,Autophagy,Autophagy,"Sertindole, a neuroleptic, is one of the newer antipsychotic medications available.
Target: Multi-target
In vitro studies showed that sertindole exerts a potent antagonism at serotonin 5-HT2A, 5-HT2C, dopamine D2, and ¦Ál adrenergic receptors.",activator,HAMDB plain Activator (Autophagy in Pathway/Target)
Kaempferol,HAMDB266,520-18-3,5280863.0,C1=CC(=CC=C1C2=C(C(=O)C3=C(C=C(C=C3O2)O)O)O)O,Activator,Autophagy,Autophagy; Estrogen Receptor/ERR;,"Kaempferol(Kempferol) is a relatively common nontoxic, natural dietary compound which has been reported to reduce the risk of ovarian cancer.
IC50 value:  Kaempferol inhibits proliferation of ovarian cancer cells at 40¦ÌM or higher concentrations[2].
Target: Anticancer
Kaempferol (3,5,7-trihydroxy-2-(4-hydroxyphenyl)-4H-1-benzopyran-4-one) is a relatively common nontoxic, natural dietary compound which has been reported to reduce the risk of ovarian cancer[1].
in vitro: Kaempferol was found to inhibit estrogen receptor alpha expression in breast cancer cells and to induce apoptosis in glioblastoma cells and lung cancer cells by activation of MEK-MAPK.",activator,HAMDB plain Activator (Autophagy in Pathway/Target)
Genistein,HAMDB267,446-72-0,5280961.0,C1=CC(=CC=C1C2=COC3=CC(=CC(=C3C2=O)O)O)O,Activator,Autophagy; Protein Tyrosine Kinase/RTK; JAK/STAT Signaling;,Autophagy; EGFR; EGFR;,"Genistein(NPI 031L), a phytoestrogen found in soy products, is a highly specific inhibitor of protein tyrosine kinase (PTK) which blocks the mitogenic effect mediated by EGF on NIH-3T3 cells with IC50 of 12¦ÌM or by insulin with IC50 of 19 ¦ÌM.
IC50 Value:
It has been shown that genistein inhibits many type of cancers including prostate cancer (PCa) by regulating several cell signaling pathways and microRNAs (miRNAs).
in vitro: GEN effectively reversed estrogenicity of BPA by reversing mRNA and protein expressions of ER¦Á, IGF-1R, pIRS-1, and pAkt induced by BPA in cellular model and also significantly decreased tumor growth and in vivo expressions of ER¦Á, pIRS-1, and pAkt in xenografted mouse model [1].",activator,HAMDB plain Activator (Autophagy in Pathway/Target)
Rosiglitazone (maleate),HAMDB268,155141-29-0,5281055.0,CN(CCOC1=CC=C(C=C1)CC2C(=O)NC(=O)S2)C3=CC=CC=N3.C(=CC(=O)O)C(=O)O,Activator,Autophagy; NF-¦ÊB; Cell Cycle/DNA Damage;,Autophagy; PPAR; PPAR;,"Rosiglitazone maleate(BRL-49653C) is a high-affinity selective agonist of the peroxisome proliferator-activated receptor-¦Ã(PPAR¦Ã).
IC50 Value: 
Target: PPAR¦Ã
in vitro: In competition experiments, rosiglitazone (BRL-49653), a potent antihyperglycemic agent, binds with high affinity to sites in intact adipocytes (IC50 = 12, 4 and 9 nM for rat, 3T3-L1 and human adipocytes, respectively) [1].",activator,HAMDB plain Activator (Autophagy in Pathway/Target)
Rasagiline (mesylate),HAMDB269,161735-79-1,3052775.0,CS(=O)(=O)O.C#CCNC1CCC2=CC=CC=C12,Activator,Autophagy; Neuronal Signaling;,Autophagy; Monoamine Oxidase;,Rasagiline Mesylate is a new MAO-B inhibitor for the treatment of idiopathic Parkinson's disease.,activator,HAMDB plain Activator (Autophagy in Pathway/Target)
Dexamethasone,HAMDB270,50-02-2,5743.0,CC1CC2C3CCC4=CC(=O)C=CC4(C3(C(CC2(C1(C(=O)CO)O)C)O)F)C,Activator,Autophagy; GPCR/G protein;,Autophagy; Glucocorticoid Receptor;,"Dexamethasone(MK 125; NSC 34521; Prednisolone F) is a potent synthetic member of the glucocorticoid class of steroid drugs that has anti-inflammatory and immunosuppressant properties.
IC50 Value: 58 nM (HECM-induced eosinophil survival) [1]
Target: 
in vitro: DEX in concentrations from 1 to 100¦ÌM did not change LDH release but exposure to 10¦ÌM and 100¦ÌM DEX for 24, 48 and 72h caused a significant reduction in cell viability and proliferation as confirmed by MTT reduction and BrdU ELISA assays, respectively [2].",activator,HAMDB plain Activator (Autophagy in Pathway/Target)
Dexamethasone (acetate),HAMDB271,1177-87-3,236702.0,CC1CC2C3CCC4=CC(=O)C=CC4(C3(C(CC2(C1(C(=O)COC(=O)C)O)C)O)F)C,Activator,Autophagy; GPCR/G protein;,Autophagy; Glucocorticoid Receptor;,"Dexamethasone is a potent synthetic member of the glucocorticoid class of steroid drugs that has anti-inflammatory and immunosuppressant properties.
IC50 Value: 58 nM (HECM-induced eosinophil survival) [1]
Target: 
in vitro: DEX in concentrations from 1 to 100¦ÌM did not change LDH release but exposure to 10¦ÌM and 100¦ÌM DEX for 24, 48 and 72h caused a significant reduction in cell viability and proliferation as confirmed by MTT reduction and BrdU ELISA assays, respectively [2].",activator,HAMDB plain Activator (Autophagy in Pathway/Target)
Aspirin,HAMDB272,50-78-2,2244.0,CC(=O)OC1=CC=CC=C1C(=O)O,Activator,Autophagy; Immunology/Inflammation;,Autophagy; COX;,"Aspirin is a salicylate drug, often used as an analgesic to relieve minor aches and pains, as an anti-inflammatory compound that inhibits Cox-1.
Target: Cox-1
Aspirin (USAN), also known as acetylsalicylic acid , is a salicylate drug, often used as ananalgesic to relieve minor aches and pains, as an antipyretic to reduce fever, and as an anti-inflammatory medication.",activator,HAMDB plain Activator (Autophagy in Pathway/Target)
Sulfasalazine,HAMDB273,599-79-1,5359476.0,C1=CC=NC(=C1)NS(=O)(=O)C2=CC=C(C=C2)NN=C3C=CC(=O)C(=C3)C(=O)O,Activator,Autophagy,Autophagy,"Sulfasalazine, a sulfa agent and a derivative of mesalazine, is used primarily as an anti-inflammatory agent.
Target: Others
Sulfasalazine (Azulfidine), used to treat pain and swelling in arthritis, belongs to a class of drugs called sulfa drugs.",activator,HAMDB plain Activator (Autophagy in Pathway/Target)
Fluvastatin (sodium),HAMDB274,93957-55-2,23663976.0,CC(C)N1C2=CC=CC=C2C(=C1C=CC(CC(CC(=O)[O-])O)O)C3=CC=C(C=C3)F.[Na+],Activator,Autophagy; Metabolic Enzyme/Protease;,Autophagy; HMG-CoA Reductase (HMGCR);,"Fluvastatin sodium is a competitive inhibitor of hydroxymethylglutaryl-coenzyme A reductase (HMGCR), used to treat hypercholesterolemia and to prevent cardiovascular disease.
Target: HMGCR 
Fluvastatin is a competitive inhibitor of hydroxymethylglutaryl-coenzyme A reductase (HMGCR), the enzyme that catalyzes the conversion of HMG-CoA to mevalonic acid, the rate-limiting step in cholesterol biosynthesis.",activator,HAMDB plain Activator (Autophagy in Pathway/Target)
LY2603618,HAMDB275,911222-45-2,11955855.0,CC1=CC(=C(C=C1Br)NC(=O)NC2=NC=C(N=C2)C)OCC3CNCCO3,Activator,Autophagy; Cell Cycle/DNA Damage;,Autophagy; Checkpoint Kinase (Chk);,LY2603618 is a potent and selective inhibitor of <b>Chk1</b> protein kinase activity in vitro (IC<sub>50</sub>=7 nM).,activator,HAMDB plain Activator (Autophagy in Pathway/Target)
EMD-1214063,HAMDB276,1100598-32-0,25171648.0,CN1CCC(CC1)COC2=CN=C(N=C2)C3=CC(=CC=C3)CN4C(=O)C=CC(=N4)C5=CC=CC(=C5)C#N,Activator,Autophagy; Protein Tyrosine Kinase/RTK;,Autophagy; c-Met/HGFR;,"EMD 1214063 is a potent and selective c-Met inhibitor with IC50 of 4 nM, >200-fold selective for c-Met than IRAK4, TrkA, Axl, IRAK1, and Mer.",activator,HAMDB plain Activator (Autophagy in Pathway/Target)
Salirasib,HAMDB277,162520-00-5,5469318.0,CC(=CCCC(=CCCC(=CCSC1=CC=CC=C1C(=O)O)C)C)C,Activator,Autophagy; GPCR/G protein;,Autophagy; Ras;,"Salirasib(S-Farnesylthiosalicylic aci) is an S-farnesyl cysteine analog that interferes with docking of active GTP-bound ras at the cell membrane.
IC50 Value:
Target: Ras
Salirasib is a salicylic acid derivative with potential antineoplastic activity.",activator,HAMDB plain Activator (Autophagy in Pathway/Target)
Sildenafil (citrate),HAMDB278,171599-83-0,62853.0,CCCC1=NN(C2=C1NC(=NC2=O)C3=C(C=CC(=C3)S(=O)(=O)N4CCN(CC4)C)OCC)C.C(C(=O)O)C(CC(=O)O)(C(=O)O)O,Activator,Autophagy; Metabolic Enzyme/Protease;,Autophagy; Phosphodiesterase (PDE);,"Sildenafil citrate, one of the selective phosphodiesterase-5 (PDE5) inhibitors(IC50= 5.22 nM), is considered the best treatment for erectile dysfunction.
IC50 Value: 5.22 nM [1]
Target: PDE 5
in vitro:  Pretreatment with 1 umol/L sildenafil potentiated the phosphorylation of ERK1/ERK2, an increase in the percentage of cells in S phase and cell proliferation, compared with serotonin stimulation alone (P < 0.05) [2].",activator,HAMDB plain Activator (Autophagy in Pathway/Target)
Naproxen,HAMDB279,22204-53-1,156391.0,CC(C1=CC2=C(C=C1)C=C(C=C2)OC)C(=O)O,Activator,Autophagy; Immunology/Inflammation;,Autophagy; COX;,"Naproxen is a COX inhibitor for COX-1 and COX-2 with IC50 of 8.7 ¦ÌM and 5.2 ¦ÌM, respectively.
Target: COX
Naproxen is approximately equipotent inhibitor of COX-1 and COX-2 in intact cells with IC50 of 2.2 ¦Ìg/mL and 1.3 ¦Ìg/mL, respectively [1].",activator,HAMDB plain Activator (Autophagy in Pathway/Target)
Lonafarnib,HAMDB280,193275-84-2,148195.0,C1CN(CCC1CC(=O)N2CCC(CC2)C3C4=C(C=C(C=C4CCC5=CC(=CN=C35)Br)Cl)Br)C(=O)N,Activator,Autophagy; Metabolic Enzyme/Protease;,Autophagy; Farnesyl Transferase;,"Lonafarnib(Sch66336) is an orally bioavailable FPTase inhibitor for H-ras, K-ras-4B and N-ras with IC50 of 1.9 nM, 5.2 nM and 2.8 nM, respectively.
IC50 value:
Target: farnesyl transferase
Ras proteins participate in numerous signalling pathways (proliferation, cytoskeletal organization), and play an important role in oncogenesis.",activator,HAMDB plain Activator (Autophagy in Pathway/Target)
Doxorubicin (hydrochloride),HAMDB281,25316-40-9,443939.0,CC1C(C(CC(O1)OC2CC(CC3=C(C4=C(C(=C23)O)C(=O)C5=C(C4=O)C=CC=C5OC)O)(C(=O)CO)O)N)O.Cl,Activator,Autophagy; Antibody-drug conjugates/ADCs Related; Cell Cycle/DNA Damage;,Autophagy; ADCs cytotoxin; Topoisomerase;,"Doxorubicin Hcl(Adriamycin) is an antibiotic agent that inhibits DNA topoisomerase II and induces DNA damage and apoptosis.
IC50 Value:
Target: Topo II; ADCs Toxin
in vitro: Doxorubicin can block the synthesis of DNA by intercalating into the DNA strand, and inhibits DNA topoisomerase II (TOP2).",activator,HAMDB plain Activator (Autophagy in Pathway/Target)
SRT 1720 (Hydrochloride),HAMDB282,1001645-58-4,25232708.0,C1CN(CCN1)CC2=CSC3=NC(=CN23)C4=CC=CC=C4NC(=O)C5=NC6=CC=CC=C6N=C5.Cl,Activator,Autophagy; Epigenetics; Cell Cycle/DNA Damage;,Autophagy; Sirtuin; Sirtuin;,"SRT1720 hydrochloride is a selective activator of human SIRT1 (EC1.5 = 0.16 ¦ÌM) versus the closest sirtuin homologues, SIRT2 and SIRT3 (SIRT2: EC1.5 = 37 ¦ÌM; SIRT3: EC1.5 > 300 ¦ÌM).",activator,HAMDB plain Activator (Autophagy in Pathway/Target)
BEZ235 (Tosylate),HAMDB283,1028385-32-1,49803145.0,CC1=CC=C(C=C1)S(=O)(=O)O.CC(C)(C#N)C1=CC=C(C=C1)N2C3=C4C=C(C=CC4=NC=C3N(C2=O)C)C5=CC6=CC=CC=C6N=C5,Activator,Autophagy; PI3K/Akt/mTOR; PI3K/Akt/mTOR;,Autophagy; mTOR; PI3K;,"BEZ235 tosylate(NVP-BEZ235) is a dual ATP-competitive PI3K and mTOR inhibitor for p110¦Á/¦Ã/¦Ä/¦Â and mTOR(p70S6K) with IC50 of 4 nM/5 nM/7 nM/75 nM/6 nM, respectively; inhibits ATR with IC50 of 21 nM; shown to be poor inhibitory to Akt and PDK1.
IC50 value: 4 nM/5 nM/7 nM/75 nM/6 nM(p110¦Á/¦Ã/¦Ä/¦Â/mTOR) [1]
Target: PI3K/mTOR
in vitro: BEZ235 significantly reduces the phosphorylation levels of the mTOR activated kinase p70S6K.",activator,HAMDB plain Activator (Autophagy in Pathway/Target)
Glibenclamide,HAMDB284,10238-21-8,3488.0,COC1=C(C=C(C=C1)Cl)C(=O)NCCC2=CC=C(C=C2)S(=O)(=O)NC(=O)NC3CCCCC3,Activator,Autophagy; Membrane Transporter/Ion Channel;,Autophagy; Potassium Channel;,Glibenclamide(Glyburide) is a sulfonylurea compound that modulates insulin production.,activator,HAMDB plain Activator (Autophagy in Pathway/Target)
AZD2014,HAMDB285,1009298-59-2,25262792.0,CC1COCCN1C2=NC(=NC3=C2C=CC(=N3)C4=CC(=CC=C4)C(=O)NC)N5CCOCC5C,Activator,Autophagy; PI3K/Akt/mTOR;,Autophagy; mTOR;,AZD2014 is a novel mTOR inhibitor with IC50 of 2.8 nM; highly selective against multiple PI3K isoforms (¦Á/¦Â/¦Ã/¦Ä).,activator,HAMDB plain Activator (Autophagy in Pathway/Target)
UNC0638,HAMDB286,1255580-76-7,46224516.0,CC(C)N1CCC(CC1)NC2=NC(=NC3=CC(=C(C=C32)OC)OCCCN4CCCC4)C5CCCCC5,Activator,Autophagy; Epigenetics;,Autophagy; Histone Methyltransferase;,"UNC0638 is an inhibitor of protein lysine methyltransferases G9a(IC50<15 nM) and GLP(IC50=19 nM) with excellent potency and selectivity over a wide range of epigenetic and non-epigenetic targets.
IC50 value: <15 nM (G9a); 19¡À1 nM (GLP) [1]
Target: Protein lysine methyltransferases G9a/GLP
in vitro: UNC0638 was a potent G9a (IC50 < 15 nM (n = 4)) and GLP inhibitor (IC50 = 19 ¡À 1 nM (n = 2)) in these SAHH-coupled assays.",activator,HAMDB plain Activator (Autophagy in Pathway/Target)
Cabergoline,HAMDB287,81409-90-7,54746.0,CCNC(=O)N(CCCN(C)C)C(=O)C1CC2C(CC3=CNC4=CC=CC2=C34)N(C1)CC=C,Activator,Autophagy; Neuronal Signaling; GPCR/G protein;,Autophagy; Dopamine Receptor; Dopamine Receptor;,"Cabergoline, an ergot derivative, is a potent dopamine receptor agonist on D2 receptors.
Target: D2 Receptors
Cabergoline, an ergot derivative, is a potent dopamine receptor agonist on D2 receptors.",activator,HAMDB plain Activator (Autophagy in Pathway/Target)
Ivermectin,HAMDB288,70288-86-7,6321424.0,CCC(C)C1C(CCC2(O1)CC3CC(O2)CC=C(C(C(C=CC=C4COC5C4(C(C=C(C5O)C)C(=O)O3)O)C)OC6CC(C(C(O6)C)OC7CC(C(C(O7)C)O)OC)OC)C)C,Activator,Autophagy; Anti-infection;,Autophagy; Antiparasitic;,"Ivermectin is a broad-spectrum antiparasitic medication.
IC50 Value: N/A
Target: Antiparasitic
Ivermectin (22,23-dihydroavermectin B1a + 22,23-dihydroavermectin B1b) is a broad-spectrum antiparasitic avermectin medicine.",activator,HAMDB plain Activator (Autophagy in Pathway/Target)
Fenretinide,HAMDB289,65646-68-6,5288209.0,CC1=C(C(CCC1)(C)C)C=CC(=CC=CC(=CC(=O)NC2=CC=C(C=C2)O)C)C,Activator,Autophagy; Metabolic Enzyme/Protease;,Autophagy; RAR/RXR;,Fenretinide (4-HPR) is a synthetic retinoid deriverative.,activator,HAMDB plain Activator (Autophagy in Pathway/Target)
Cabazitaxel,HAMDB290,183133-96-2,9854073.0,CC1=C2C(C(=O)C3(C(CC4C(C3C(C(C2(C)C)(CC1OC(=O)C(C(C5=CC=CC=C5)NC(=O)OC(C)(C)C)O)O)OC(=O)C6=CC=CC=C6)(CO4)OC(=O)C)OC)C)OC,Activator,Autophagy; Cytoskeleton; Cell Cycle/DNA Damage;,Autophagy; Microtubule/Tubulin; Microtubule/Tubulin;,Cabazitaxel(XRP6258; RPR-116258A) is a semi-synthetic derivative of the natural taxoid 10-deacetylbaccatin III with potential antineoplastic activity.,activator,HAMDB plain Activator (Autophagy in Pathway/Target)
Imatinib,HAMDB291,152459-95-5,5291.0,CC1=C(C=C(C=C1)NC(=O)C2=CC=C(C=C2)CN3CCN(CC3)C)NC4=NC=CC(=N4)C5=CN=CC=C5,Activator,Autophagy; Protein Tyrosine Kinase/RTK; Protein Tyrosine Kinase/RTK; Protein Tyrosine Kinase/RTK;,Autophagy; Bcr-Abl; PDGFR; c-Kit;,"Imatinib(STI571) is a multi-target inhibitor of v-Abl, c-Kit and PDGFR with IC50 of 0.6 ¦ÌM, 0.1 ¦ÌM and 0.1 ¦ÌM, respectively.",activator,HAMDB plain Activator (Autophagy in Pathway/Target)
Hoechst 33342,HAMDB292,23491-52-3,1464.0,CCOC1=CC=C(C=C1)C2=NC3=C(N2)C=C(C=C3)C4=NC5=C(N4)C=C(C=C5)N6CCN(CC6)C,Activator,Autophagy; Cell Cycle/DNA Damage;,Autophagy; DNA Stain;,Hoechst stains are part of a family of blue fluorescent dyes used to stain DNA.,activator,HAMDB plain Activator (Autophagy in Pathway/Target)
A-317491,HAMDB293,475205-49-3,9829395.0,C1CC(C2=CC=CC=C2C1)N(CC3=CC(=CC=C3)OC4=CC=CC=C4)C(=O)C5=CC(=C(C=C5C(=O)O)C(=O)O)C(=O)O,Activator,Autophagy; Membrane Transporter/Ion Channel;,Autophagy; P2X Receptor;,"A-317491 is a non-nucleotide P2X3 and P2X2/3 receptor antagonist, which inhibits calcium flux mediated by the receptors.",activator,HAMDB plain Activator (Autophagy in Pathway/Target)
UNC1999,HAMDB294,1431612-23-5,72551585.0,CCCC1=C(C(=O)NC(=C1)C)CNC(=O)C2=C3C=NN(C3=CC(=C2)C4=CN=C(C=C4)N5CCN(CC5)C(C)C)C(C)C,Activator,Autophagy; Epigenetics; Epigenetics;,Autophagy; Histone Methyltransferase; Epigenetic Reader Domain;,"UNC1999 is a potent, orally bioavailable and selective inhibitor of EZH2 and EZH1 with IC50 of 2 nM and 45 nM, respectively.",activator,HAMDB plain Activator (Autophagy in Pathway/Target)
Necrostatin-1,HAMDB295,4311-88-0,2828334.0,CN1C(=O)C(NC1=S)CC2=CNC3=CC=CC=C32,Activator,Autophagy; NF-¦ÊB;,Autophagy; RIP kinase;,"Necrostatin-1 is a specific RIP1 inhibitor and inhibits TNF-¦Á-induced necroptosis with EC50 of 490 nM.
IC50 Value: 490 nM (EC50)
Target: TNF-alpha
Necrostatin-1 is an inhibitor of necroptosis, a mechanism of programmed cell death separate from apoptosis.",activator,HAMDB plain Activator (Autophagy in Pathway/Target)
PTC-209,HAMDB296,315704-66-6,1117196.0,CC1=C(N2C=CC=NC2=N1)C3=CSC(=N3)NC4=C(C=C(C=C4Br)OC)Br,Activator,Autophagy,Autophagy,PTC-209 is a specific inhibitor  for BMI-1 with IC50 of 0.5 uM in in both GEMS reporter and ELISA assays.,activator,HAMDB plain Activator (Autophagy in Pathway/Target)
H-89 (dihydrochloride),HAMDB297,130964-39-5,16078954.0,C1=CC2=C(C=CN=C2)C(=C1)S(=O)(=O)NCCNCC=CC3=CC=C(C=C3)Br.O.Cl.Cl,Activator,Autophagy; Stem Cells/Wnt; Protein Tyrosine Kinase/RTK;,Autophagy; PKA; PKA;,"H 89 is a potent and selective inhibitor of cyclic AMP-dependent protein kinase (protein kinase A) with IC50 of 48 nM;  weak inhibition on PKG, PKC, CK1, CK2 and others kinases.
IC50 value: 48 nM [1]
Target: PKA inhibitor
in vitro: H-89 inhibits protein kinase A, in competitive fashion against ATP.",activator,HAMDB plain Activator (Autophagy in Pathway/Target)
Cilengitide,HAMDB298,188968-51-6,176873.0,CC(C)C1C(=O)NC(C(=O)NCC(=O)NC(C(=O)NC(C(=O)N1C)CC2=CC=CC=C2)CC(=O)O)CCCN=C(N)N,Activator,Autophagy; Cytoskeleton;,Autophagy; Integrin;,"Cilengitide (EMD 121974; NSC 707544) is a potent integrin inhibitor for ¦Áv¦Â3 and ¦Áv¦Â5 integrin with IC50 of 4.1 nM and 79 nM, respectively; ~10-fold selectivity against gpIIbIIIa.",activator,HAMDB plain Activator (Autophagy in Pathway/Target)
UNBS5162,HAMDB299,956590-23-1,16048966.0,CN(C)CCN1C(=O)C2=CC=CC3=CC(=CC(=C32)C1=O)NC(=O)N,Activator,Autophagy; GPCR/G protein; Immunology/Inflammation;,Autophagy; CXCR; CXCR;,"UNBS5162 is a novel naphthalimide that decreases CXCL chemokine expression in experimental prostate cancers; the mean antiproliferative activity IC50 value is 17.9 uM for 9 cancer cell lines; hydrolysis product of UNBS3157.
IC50 value: 4.7-46.5 uMcancer cell line) [1]
Target: CXCL regulator
in vitro: The mean antiproliferative activity IC50 values determined against nine human cancer cell lines investigated (using the MTT colorimetric assay) were 19.8 and 17.9 ¦ÌM for UNBS3157 and UNBS5162, respectively [1].
in vivo: In the PC-3 model, UNBS3157 displayed appreciable activity against PC-3 prostate carcinoma when administered orally at 160 mg/kg (%T/C: 151%, P = .03) but not at the lower dose of 40 mg/kg (%T/C: 100%).",activator,HAMDB plain Activator (Autophagy in Pathway/Target)
Resveratrol,HAMDB300,501-36-0,445154.0,C1=CC(=CC=C1C=CC2=CC(=CC(=C2)O)O)O,Activator,Autophagy; NF-¦ÊB;,Autophagy; IKK;,"Resveratrol(trans-Resveratrol) is a phenolic phytoalexin found in grape skin and other plants; trans-Resveratrol is also a selective inhibitor of cyclooxygenase-1 (COX-1), is also a TRIF inhibitor
Target: COX-1£¬TRIF 
Resveratrol produced neurotrophic effects on cultured DA neurons.",activator,HAMDB plain Activator (Autophagy in Pathway/Target)
Irinotecan,HAMDB301,97682-44-5,60838.0,CCC1=C2C=C(C=CC2=NC3=C1CN4C3=CC5=C(C4=O)COC(=O)C5(CC)O)OC(=O)N6CCC(CC6)N7CCCCC7,Activator,Autophagy; Cell Cycle/DNA Damage;,Autophagy; Topoisomerase;,"Irinotecan(CPT-11) prevents DNA from unwinding by inhibition of topoisomerase 1.
IC50 Value: 15.8 ¦ÌM(LoVo cells); 5.17 ¦ÌM(HT-29 cells)
Target: Topoisomerase I
in vitro: Irinotecan is activated to SN-38 by carboxylesterases to become able to interact with its target, topoisomerase I.",activator,HAMDB plain Activator (Autophagy in Pathway/Target)
Irinotecan (hydrochloride),HAMDB302,100286-90-6,74990.0,CCC1=C2C=C(C=CC2=NC3=C1CN4C3=CC5=C(C4=O)COC(=O)C5(CC)O)OC(=O)N6CCC(CC6)N7CCCCC7.Cl,Activator,Autophagy; Cell Cycle/DNA Damage;,Autophagy; Topoisomerase;,"Irinotecan Hcl(CPT-11 Hcl) prevents DNA from unwinding by inhibition of topoisomerase 1.
Target: Topoisomerase I
Irinotecan is activated to SN-38 by carboxylesterases to become able to interact with its target, topoisomerase I.",activator,HAMDB plain Activator (Autophagy in Pathway/Target)
Irinotecan (hydrochloride trihydrate),HAMDB303,136572-09-3,60837.0,CCC1=C2C=C(C=CC2=NC3=C1CN4C3=CC5=C(C4=O)COC(=O)C5(CC)O)OC(=O)N6CCC(CC6)N7CCCCC7.O.O.O.Cl,Activator,Autophagy; Cell Cycle/DNA Damage;,Autophagy; Topoisomerase;,"Irinotecan Hcl-trihydrate prevents DNA from unwinding by inhibition of topoisomerase 1.
IC50 Value: 15.8 ¦ÌM(LoVo cells); 5.17 ¦ÌM(HT-29 cells)
Target: Topoisomerase I
in vitro: Irinotecan is activated to SN-38 by carboxylesterases to become able to interact with its target, topoisomerase I.",activator,HAMDB plain Activator (Autophagy in Pathway/Target)
Colchicine,HAMDB304,64-86-8,6167.0,CC(=O)NC1CCC2=CC(=C(C(=C2C3=CC=C(C(=O)C=C13)OC)OC)OC)OC,Activator,Autophagy; Cytoskeleton; Cell Cycle/DNA Damage;,Autophagy; Microtubule/Tubulin; Microtubule/Tubulin;,"Colchicine is a tubulin inhibitor, it blocks polymerization of microtubules by binding to tubulin (IC50 = 3.2 ¦ÌM).",activator,HAMDB plain Activator (Autophagy in Pathway/Target)
4-Hydroxytamoxifen,HAMDB305,68047-06-3,449459.0,CCC(=C(C1=CC=C(C=C1)O)C2=CC=C(C=C2)OCCN(C)C)C3=CC=CC=C3,Activator,Autophagy; Cell Cycle/DNA Damage;,Autophagy; CRISPR/Cas9;,"4-hydroxytamoxifen (OHT), an active metabolite of tamoxifen, is a selective estrogen receptor modulator, which increases CRISPR/Cas9-mediated editing frequency.
Target:
In vitro: Myocytes treated with 4-Hydroxytamoxifen responded similarly to Tam-treated cells with regard to both contractility and calcium handling, suggesting an estrogen-receptor independent mechanism is responsible for the effects.",activator,HAMDB plain Activator (Autophagy in Pathway/Target)
Tolvaptan,HAMDB306,150683-30-0,216237.0,CC1=CC=CC=C1C(=O)NC2=CC(=C(C=C2)C(=O)N3CCCC(C4=C3C=CC(=C4)Cl)O)C,Activator,Autophagy; GPCR/G protein;,Autophagy; Vasopressin Receptor;,"Tolvaptan is a selective, competitive arginine vasopressin receptor 2 antagonist with an IC50 of 1.28¦ÌM for the inhibition of AVP-induced platelet aggregation.
IC50 value: 1.28 uM (inhibition of AVP-induced platelet aggregation)
Target: vasopressin receptor 2
Tolvaptan (OPC-41061) is a selective, competitive arginine vasopressin receptor 2 antagonist with an IC50 of 1.28¦ÌM for the inhibition of AVP-induced platelet aggregation.",activator,HAMDB plain Activator (Autophagy in Pathway/Target)
Saquinavir (Mesylate),HAMDB307,149845-06-7,60934.0,CC(C)(C)NC(=O)C1CC2CCCCC2CN1CC(C(CC3=CC=CC=C3)NC(=O)C(CC(=O)N)NC(=O)C4=NC5=CC=CC=C5C=C4)O.CS(=O)(=O)O,Activator,Autophagy; Metabolic Enzyme/Protease; Anti-infection;,Autophagy; HIV Protease; HIV;,Saquinavir mesylate is an HIV Protease Inhibitor used in antiretroviral therapy.,activator,HAMDB plain Activator (Autophagy in Pathway/Target)
Gemcitabine,HAMDB308,95058-81-4,60750.0,C1=CN(C(=O)N=C1N)C2C(C(C(O2)CO)O)(F)F,Activator,Autophagy; Cell Cycle/DNA Damage; Cell Cycle/DNA Damage;,Autophagy; DNA/RNA Synthesis; Nucleoside antimetabolite/analog;,"Gemcitabine(LY-188011; NSC 613327) is a DNA synthesis inhibitor with IC50 of 50 nM, 40 nM, 18 nM and 12 nM in PANC1, MIAPaCa2, BxPC3 and Capan2 cells, respectively.
IC50 Value: 50 nM( PANC1); 40 nM(MIAPaCa2); 18 nM(BxPC3 ); 12 nM(Capan2)
Target: Nucleoside antimetabolite/analog
Gemcitabine is converted intracellularly to the active metabolites difluorodeoxycytidine di- and triphosphate (dFdCDP, dFdCTP).",activator,HAMDB plain Activator (Autophagy in Pathway/Target)
Fenofibrate,HAMDB309,49562-28-9,3339.0,CC(C)OC(=O)C(C)(C)OC1=CC=C(C=C1)C(=O)C2=CC=C(C=C2)Cl,Activator,Autophagy; Metabolic Enzyme/Protease; NF-¦ÊB; Cell Cycle/DNA Damage;,Autophagy; Cytochrome P450; PPAR; PPAR;,Fenofibrate is a relatively potent inhibitor of <b>CYP2C19</b> (<b>IC<sub>50</sub></b>=0.2 ¦ÌM) and <b>CYP2B6</b> (<b>IC<sub>50</sub></b>=0.7 ¦ÌM).,activator,HAMDB plain Activator (Autophagy in Pathway/Target)
Temozolomide,HAMDB310,85622-93-1,5394.0,CN1N=NC2=C(N=CN2C1=O)C(N)=O,Activator,Autophagy; Cell Cycle/DNA Damage;,Autophagy; DNA alkylator/crosslinker;,"Temozolomide, an alkylating agent, is a DNA damage inducer.
IC50 Value:
Target: DNA alkylator
Temozolomide is a DNA methylating, chemotherapeutic agent.",activator,HAMDB plain Activator (Autophagy in Pathway/Target)
Oxaliplatin,HAMDB311,61825-94-3,9887053.0,C1CCC(C(C1)[NH-])[NH-].C(=O)(C(=O)O)O.[Pt+2],Activator,Autophagy; Cell Cycle/DNA Damage;,Autophagy; DNA alkylator/crosslinker;,"Oxaliplatin inhibits DNA synthesis by conforming DNA adducts.
IC50 Value:
Target: DNA crosslinker
in vitro: The main mechanism of action of Oxaliplatin is mediated through the formation of DNA¨Cadducts.",activator,HAMDB plain Activator (Autophagy in Pathway/Target)
Ezetimibe,HAMDB312,163222-33-1,150311.0,C1=CC(=CC=C1C2C(C(=O)N2C3=CC=C(C=C3)F)CCC(C4=CC=C(C=C4)F)O)O,Activator,Autophagy; NF-¦ÊB;,Autophagy; Keap1-Nrf2;,"Ezetimibe, a cholesterol-absorption inhibitor, reduces levels of low-density lipoprotein (LDL) cholesterol when added to statin treatment.",activator,HAMDB plain Activator (Autophagy in Pathway/Target)
Atorvastatin (hemicalcium salt),HAMDB313,134523-03-8,15378998.0,CC(C)C1=C(C(=C(N1CCC(CC(CC(=O)[O-])O)O)C2=CC=C(C=C2)F)C3=CC=CC=C3)C(=O)NC4=CC=CC=C4.CC(C)C1=C(C(=C(N1CCC(CC(CC(=O)[O-])O)O)C2=CC=C(C=C2)F)C3=CC=CC=C3)C(=O)NC4=CC=CC=C4.[Ca+2],Activator,Autophagy; Metabolic Enzyme/Protease;,Autophagy; HMG-CoA Reductase (HMGCR);,Atorvastatin hemicalcium salt (Atorvastatin hemicalcium; Lipitor) is a potent HMG-CoA reductase inhibitor (IC50 = 8 nM).,activator,HAMDB plain Activator (Autophagy in Pathway/Target)
Idarubicin (hydrochloride),HAMDB314,57852-57-0,636362.0,CC1C(C(CC(O1)OC2CC(CC3=C(C4=C(C(=C23)O)C(=O)C5=CC=CC=C5C4=O)O)(C(=O)C)O)N)O.Cl,Activator,Autophagy; Cell Cycle/DNA Damage;,Autophagy; Topoisomerase;,Idarubicin Hcl is an anthracycline antibiotic and a DNA topoisomerase II (topo II) inhibitor.,activator,HAMDB plain Activator (Autophagy in Pathway/Target)
Rosiglitazone,HAMDB315,122320-73-4,77999.0,CN(CCOC1=CC=C(C=C1)CC2C(=O)NC(=O)S2)C3=CC=CC=N3,Activator,Autophagy; Membrane Transporter/Ion Channel; NF-¦ÊB; Cell Cycle/DNA Damage;,Autophagy; TRP Channel; PPAR; PPAR;,"Rosiglitazone(BRL-49653) is a high-affinity selective agonist of the peroxisome proliferator-activated receptor-¦Ã(PPAR¦Ã).
IC50 Value: 
Target: PPAR¦Ã
in vitro: In competition experiments, rosiglitazone (BRL-49653), a potent antihyperglycemic agent, binds with high affinity to sites in intact adipocytes (IC50 = 12, 4 and 9 nM for rat, 3T3-L1 and human adipocytes, respectively) [1].",activator,HAMDB plain Activator (Autophagy in Pathway/Target)
Carboplatin,HAMDB316,41575-94-4,38904.0,C1CC(C1)(C(=O)O)C(=O)O.N.N.[Pt],Activator,Autophagy; Cell Cycle/DNA Damage;,Autophagy; DNA alkylator/crosslinker;,"Carboplatin is a chemotherapy drug by binding to DNA and interfering with the cell's repair mechanism.
IC50 Value: 
Target: DNA crosslinker
in vitro: Carboplatin exhibits an inhibitory effect on cell proliferation in a human ovarian cancer cell line panel, including A2780, SKOV3, and IGROV-1 cells with IC50 of 6.1 ¦ÌM, 12.4 ¦ÌM and 2.2 ¦ÌM, respectively [1].",activator,HAMDB plain Activator (Autophagy in Pathway/Target)
Ranolazine (dihydrochloride),HAMDB317,95635-56-6,71279.0,CC1=C(C(=CC=C1)C)NC(=O)CN2CCN(CC2)CC(COC3=CC=CC=C3OC)O.Cl.Cl,Activator,Autophagy; Membrane Transporter/Ion Channel;,Autophagy; Calcium Channel;,"Ranolazine(RS-43285) is an antianginal agent with antiarrhythmic properties that achieves its effects via a novel mechanism of action (inhibition of the late phase of the inward sodium current), without affecting heart rate or blood pressure (BP).",activator,HAMDB plain Activator (Autophagy in Pathway/Target)
Mevastatin,HAMDB318,73573-88-3,64715.0,CCC(C)C(=O)OC1CCC=C2C1C(C(C=C2)C)CCC3CC(CC(=O)O3)O,Activator,Autophagy; Metabolic Enzyme/Protease;,Autophagy; HMG-CoA Reductase (HMGCR);,Mevastatin (Compactin; ML236B) inhibits HMGCR (HMG-CoA reductase) (Ki for acid form is 1 nM) which in turn inhibits isoprenoid biosynthesis and therefore blocks protein isoprenylation and reduces plasma cholesterol levels in humans.,activator,HAMDB plain Activator (Autophagy in Pathway/Target)
Cilostazol,HAMDB319,73963-72-1,2754.0,C1CCC(CC1)N2C(=NN=N2)CCCCOC3=CC4=C(C=C3)NC(=O)CC4,Activator,Autophagy; Metabolic Enzyme/Protease;,Autophagy; Phosphodiesterase (PDE);,"Cilostazol(OPC 13013; OPC 21) is a potent inhibitor of PDE3A, the isoform of PDE 3 in the cardiovascular system (IC50=0.2 uM).
IC50 Value: 0.2 uM [1]
Target: PDE3A
in vitro: Cilostazol caused a concentration-dependent increase in the cAMP level in rabbit and human platelets with similar potency.",activator,HAMDB plain Activator (Autophagy in Pathway/Target)
Metformin (hydrochloride),HAMDB320,1115-70-4,14219.0,CN(C)C(=N)N=C(N)N.Cl,Activator,Autophagy,Autophagy,"Metformin Hcl, a widely used anti-diabetic drug has potential efficacy as an anti-cancer drug.",activator,HAMDB plain Activator (Autophagy in Pathway/Target)
Simvastatin,HAMDB321,79902-63-9,54454.0,CCC(C)(C)C(=O)OC1CC(C=C2C1C(C(C=C2)C)CCC3CC(CC(=O)O3)O)C,Activator,Autophagy; Metabolic Enzyme/Protease;,Autophagy; HMG-CoA Reductase (HMGCR);,"Simvastatin is a competitive inhibitor of HMG-CoA reductase with Ki of 0.1-0.2 nM.
Target: HMG-CoA reductase
Simvastatin inhibits cholesterol synthesis in mouse L-M cell (fibroblast), rat H4II E cell (liver), and human Hep G2 cell (liver) with IC50 of 19.3 nM, 13.3 nM and 15.6 nM, respectively[1].",activator,HAMDB plain Activator (Autophagy in Pathway/Target)
Rosuvastatin (Calcium),HAMDB322,147098-20-2,5282455.0,CC(C)C1=NC(=NC(=C1C=CC(CC(CC(=O)[O-])O)O)C2=CC=C(C=C2)F)N(C)S(=O)(=O)C.CC(C)C1=NC(=NC(=C1C=CC(CC(CC(=O)[O-])O)O)C2=CC=C(C=C2)F)N(C)S(=O)(=O)C.[Ca+2],Activator,Autophagy; Metabolic Enzyme/Protease;,Autophagy; HMG-CoA Reductase (HMGCR);,Rosuvastatin Calcium is a competitive inhibitor of HMG-CoA reductase with IC50 of 11 nM.,activator,HAMDB plain Activator (Autophagy in Pathway/Target)
Itraconazole,HAMDB323,84625-61-6,55283.0,CCC(C)N1C(=O)N(C=N1)C2=CC=C(C=C2)N3CCN(CC3)C4=CC=C(C=C4)OCC5COC(O5)(CN6C=NC=N6)C7=C(C=C(C=C7)Cl)Cl,Activator,Autophagy; Anti-infection;,Autophagy; Antifungal;,"Itraconazole is a triazole antifungal agent.
IC50 Value: N/A
Target: antifungal
in vitro: Itraconazole is pharmacologically distinct from other azole antifungal agents in that it is the only inhibitor in this class that has been shown to inhibit both the hedgehog signaling pathway and angiogenesis[1, 2].",activator,HAMDB plain Activator (Autophagy in Pathway/Target)
Actinomycin D,HAMDB324,50-76-0,2019.0,CC1C(C(=O)NC(C(=O)N2CCCC2C(=O)N(CC(=O)N(C(C(=O)O1)C(C)C)C)C)C(C)C)NC(=O)C3=C4C(=C(C=C3)C)OC5=C(C(=O)C(=C(C5=N4)C(=O)NC6C(OC(=O)C(N(C(=O)CN(C(=O)C7CCCN7C(=O)C(NC6=O)C(C)C)C)C)C(C)C)C)N)C,Activator,Autophagy; Cell Cycle/DNA Damage;,Autophagy; DNA/RNA Synthesis;,"Dactinomycin D(Actinomycin D; Oncostatin K) is the most significant member of actinomycines, which are a class of polypeptide antibiotics isolated from soil bacteria of the genus Streptomyces.
IC50 value: 
Target: RNA polymerase; DNA/RNA synthesis
Actinomycin D was the first antibiotic shown to have anti-cancer activity.",activator,HAMDB plain Activator (Autophagy in Pathway/Target)
Berberine (chloride hydrate),HAMDB325,141433-60-5,155074.0,COC1=C(C2=C[N+]3=C(C=C2C=C1)C4=CC5=C(C=C4CC3)OCO5)OC.O.[Cl-],Activator,Autophagy,Autophagy,"Berberine has shown to be effective in inhibiting cell proliferation and promoting apoptosis in various cancerous cells; MAPK and Wnt/¦Â-catenin pathways affected by Berberine.
IC50 value:
Target: Anticancer agent
The plant-based alkaloid berberine has potential therapeutic applications for breast cancer, although a better understanding of the genes and cellular pathways regulated by this compound is needed to define the mechanism of its action in cancer treatment.",activator,HAMDB plain Activator (Autophagy in Pathway/Target)
STF-31,HAMDB326,724741-75-7,984333.0,CC(C)(C)C1=CC=C(C=C1)S(=O)(=O)NCC2=CC=C(C=C2)C(=O)NC3=CN=CC=C3,Activator,Autophagy,Autophagy,"STF-31 is an inhibitor of glucose transporter 1 (GLUT1, IC50 = 1 ¦ÌM).
IC50 value: 1 ¦ÌM
Target: GLUT1
in vitro: STF 31 is a glucose uptake inhibitor in RCC (renal cell carcinoma) 4 cells.",activator,HAMDB plain Activator (Autophagy in Pathway/Target)
GDC-0941,HAMDB327,957054-30-7,17755052.0,CS(=O)(=O)N1CCN(CC1)CC2=CC3=C(S2)C(=NC(=N3)C4=C5C=NNC5=CC=C4)N6CCOCC6,Activator,Autophagy; PI3K/Akt/mTOR;,Autophagy; PI3K;,"GDC-0941 is a potent inhibitor of PI3K¦Á/¦Ä with IC50 of 3 nM, with modest selectivity against p110¦Â (11-fold) and p110¦Ã (25-fold).
IC50 value: 3 nM
Target: PI3K¦Á/¦Ä
GDC-0941 is a potent, selective, orally bioavailable inhibitor of class I PI3 kinase for the treatment of cancer.",activator,HAMDB plain Activator (Autophagy in Pathway/Target)
AT9283,HAMDB328,896466-04-9,11696609.0,C1CC1NC(=O)NC2=CNNC2=C3N=C4C=CC(=CC4=N3)CN5CCOCC5,Activator,Autophagy; Stem Cells/Wnt; Epigenetics; Epigenetics; JAK/STAT Signaling; Cell Cycle/DNA Damage;,Autophagy; JAK; JAK; Aurora Kinase; JAK; Aurora Kinase;,"AT9283 is a multi-targeted inhibitor with IC50s of 4, 1.2, 1.1 and approximate 3 nM for Bcr-Abl(T3151), JAK2 and JAK3, Aurora A and Aurora B, respectively.
IC50 Value: 1.2 nM(Jak2); 1.1 nM(Jak3)
Target: Aurora A/B; JAK2/3
in vitro: AT9283 leads to a clear polyploid phenotype by inhibiting the activity of Aurora B kinase in HCT116 cells with IC50 of 30 nM.",activator,HAMDB plain Activator (Autophagy in Pathway/Target)
Linifanib,HAMDB329,796967-16-3,11485656.0,CC1=CC(=C(C=C1)F)NC(=O)NC2=CC=C(C=C2)C3=C4C(=CC=C3)NN=C4N,Activator,Autophagy; Protein Tyrosine Kinase/RTK; Protein Tyrosine Kinase/RTK;,Autophagy; VEGFR; PDGFR;,"Linifanib (ABT-869; AL-39324) is a novel, potent ATP-competitive VEGFR/PDGFR inhibitor for KDR, CSF-1R, Flt-1/3 and PDGFR¦Â with IC50 of 4 nM, 3 nM, 3 nM/4 nM and 66 nM respectively.
IC50 value:  4 nM/3 nM/3 nM/4 nM /66 nM(KDR/CSF-1R/Flt-1/Flt-3PDGFR¦Â) [1]
Target: VEGFR/PDGFR
in vitro: Linifanib shows inhibitory to Kit, PDGFR¦Â and Flt4 with IC50 of 14 nM, 66 nM and 190 nM in kinases assay.",activator,HAMDB plain Activator (Autophagy in Pathway/Target)
CX-4945,HAMDB330,1009820-21-6,24748573.0,C1=CC(=CC(=C1)Cl)NC2=C3C=CN=CC3=C4C=CC(=CC4=N2)C(=O)O,Activator,Autophagy; Cell Cycle/DNA Damage; Stem Cells/Wnt;,Autophagy; Casein Kinase; Casein Kinase;,"CX-4945 (Silmitasertib) is a potent and selective ATP-competitive small molecule protein kinase CK2 inhibitor with a Ki and an IC50 of 0.38 and 1 nM for recombinant human CK2¦Á, respectively.",activator,HAMDB plain Activator (Autophagy in Pathway/Target)
CX-4945 (sodium salt),HAMDB331,1309357-15-0,49788959.0,C1=CC(=CC(=C1)Cl)NC2=C3C=CN=CC3=C4C=CC(=CC4=N2)C(=O)[O-].[Na+],Activator,Autophagy; Cell Cycle/DNA Damage; Stem Cells/Wnt;,Autophagy; Casein Kinase; Casein Kinase;,"CX-4945 (Silmitasertib) sodium salt is a potent and selective ATP-competitive small molecule protein kinase CK2 inhibitor with a Ki and an IC50 of 0.38 and 1 nM for recombinant human CK2¦Á, respectively.",activator,HAMDB plain Activator (Autophagy in Pathway/Target)
Ruxolitinib,HAMDB332,941678-49-5,25126798.0,C1CCC(C1)C(CC#N)N2C=C(C=N2)C3=C4C=CNC4=NC=N3,Activator,Autophagy; Stem Cells/Wnt; Epigenetics; JAK/STAT Signaling;,Autophagy; JAK; JAK; JAK;,"Ruxolitinib(INCB018424) is the first potent, selective, JAK1/2 inhibitor to enter the clinic with IC50 of 3.3 nM/2.8 nM, >130-fold selectivity for JAK1/2 versus JAK3.",activator,HAMDB plain Activator (Autophagy in Pathway/Target)
Ruxolitinib (phosphate),HAMDB333,1092939-17-7,25127112.0,C1CCC(C1)C(CC#N)N2C=C(C=N2)C3=C4C=CNC4=NC=N3.OP(=O)(O)O,Activator,Autophagy; Stem Cells/Wnt; Epigenetics; JAK/STAT Signaling;,Autophagy; JAK; JAK; JAK;,"Ruxolitinib phosphate(INCB018424 phosphate) is the first potent, selective, JAK1/2 inhibitor to enter the clinic with IC50 of 3.3 nM/2.8 nM, >130-fold selectivity for JAK1/2 versus JAK3.",activator,HAMDB plain Activator (Autophagy in Pathway/Target)
Bafetinib,HAMDB334,859212-16-1,11387605.0,CC1=C(C=C(C=C1)NC(=O)C2=CC(=C(C=C2)CN3CCC(C3)N(C)C)C(F)(F)F)NC4=NC=CC(=N4)C5=CN=CN=C5,Activator,Autophagy; Protein Tyrosine Kinase/RTK;,Autophagy; Bcr-Abl;,"Bafetinib (INNO-406) is a potent and selective dual Bcr-Abl/Lyn inhibitor with IC50 of 5.8 nM/19 nM in cell-free assays.
IC50 value: 5.8 nM/19 nM [2]
Target: Bcr-Abl/Lyn
in vitro: Bafetinib (1-10 ¦ÌM) concentration dependently inhibits PAR2-TRPV4 coupling.",activator,HAMDB plain Activator (Autophagy in Pathway/Target)
FK866,HAMDB335,658084-64-1,6914657.0,C1CN(CCC1CCCCNC(=O)C=CC2=CN=CC=C2)C(=O)C3=CC=CC=C3,Activator,Autophagy; Metabolic Enzyme/Protease;,Autophagy; Nampt;,FK866(APO866;Daporinad) effectively inhibits nicotinamide phosphoribosyltransferase (NMPRTase) with IC50 of 0.09 nM.,activator,HAMDB plain Activator (Autophagy in Pathway/Target)
Crizotinib,HAMDB336,877399-52-5,11626560.0,CC(C1=C(C=CC(=C1Cl)F)Cl)OC2=C(N=CC(=C2)C3=CN(N=C3)C4CCNCC4)N,Activator,Autophagy; Protein Tyrosine Kinase/RTK; Protein Tyrosine Kinase/RTK;,Autophagy; ALK; c-Met/HGFR;,"Crizotinib (PF-2341066) is a potent inhibitor of c-Met and ALK with IC50 of 11 nM and 24 nM, respectivley.
IC50 value: 11 nM/24 nM (c-Met/ALK) [1]
Target: c-Met/ALK
in vitro: PF-2341066 displays similar potency against c-Met phosphorylation in mIMCD3 mouse or MDCK canine epithelial cells with IC50 of 5 nM and 20 nM, respectivly.",activator,HAMDB plain Activator (Autophagy in Pathway/Target)
Crizotinib (hydrochloride),HAMDB337,1415560-69-8,71576688.0,CC(C1=C(C=CC(=C1Cl)F)Cl)OC2=C(N=CC(=C2)C3=CN(N=C3)C4CCNCC4)N.Cl,Activator,Autophagy; Protein Tyrosine Kinase/RTK; Protein Tyrosine Kinase/RTK;,Autophagy; ALK; c-Met/HGFR;,"Crizotinib Hcl(PF-2341066) is a potent inhibitor of c-Met and ALK with IC50 of 11 nM and 24 nM, respectivley.
IC50 value: 11 nM/24 nM (c-Met/ALK) [1]
Target: c-Met/ALK
in vitro: PF-2341066 displays similar potency against c-Met phosphorylation in mIMCD3 mouse or MDCK canine epithelial cells with IC50 of 5 nM and 20 nM, respectivly.",activator,HAMDB plain Activator (Autophagy in Pathway/Target)
Gefitinib,HAMDB338,184475-35-2,123631.0,COC1=C(C=C2C(=C1)N=CN=C2NC3=CC(=C(C=C3)F)Cl)OCCCN4CCOCC4,Activator,Autophagy; Protein Tyrosine Kinase/RTK; JAK/STAT Signaling;,Autophagy; EGFR; EGFR;,"Gefitinib is an inhibitor that specifically binds and inhibits the <b>EGFR tyrosine kinase</b>, with the <b>IC<sub>50</sub></b> value of 2-37 nM in NR6wtEGFR cells.",activator,HAMDB plain Activator (Autophagy in Pathway/Target)
Erlotinib,HAMDB339,183321-74-6,176870.0,COCCOC1=C(C=C2C(=C1)C(=NC=N2)NC3=CC=CC(=C3)C#C)OCCOC,Activator,Autophagy; Protein Tyrosine Kinase/RTK; JAK/STAT Signaling;,Autophagy; EGFR; EGFR;,"Erlotinib (OSI-744; NSC 718781; R1415) is an EGFR inhibitor with IC50 of 2 nM, >1000-fold more sensitive for EGFR than human c-Src or v-Abl.
IC50 value: 2 nM [1]
Target: EGFR
in vitro: Erlotinib HCl potently inhibits EGFR activation in intact cells including HNS human head and neck tumor cells (IC50 20nM), DiFi humancolon cancer cells andMDA MB-468 human breast cancer cells.",activator,HAMDB plain Activator (Autophagy in Pathway/Target)
Lapatinib,HAMDB340,231277-92-2,208908.0,CS(=O)(=O)CCNCC1=CC=C(O1)C2=CC3=C(C=C2)N=CN=C3NC4=CC(=C(C=C4)OCC5=CC(=CC=C5)F)Cl,Activator,Autophagy; Protein Tyrosine Kinase/RTK; JAK/STAT Signaling;,Autophagy; EGFR; EGFR;,"Lapatinib(GW-572016) is a potent EGFR and ErbB2 inhibitor with IC50 of 10.8 and 9.2 nM, respectively.
IC50 Value: 10.8 nM (EGFR); 9.2 nM (ErbB2)
Target: EGFR/ErbB2
Lapatinib ditosylate is a selective and effective inhibitor of ErbB-2 and EGFR dual tyrosine kinases.",activator,HAMDB plain Activator (Autophagy in Pathway/Target)
Lapatinib (ditosylate),HAMDB341,388082-77-7,9941095.0,CC1=CC=C(C=C1)S(=O)(=O)O.CC1=CC=C(C=C1)S(=O)(=O)O.CS(=O)(=O)CCNCC1=CC=C(O1)C2=CC3=C(C=C2)N=CN=C3NC4=CC(=C(C=C4)OCC5=CC(=CC=C5)F)Cl,Activator,Autophagy; Protein Tyrosine Kinase/RTK; JAK/STAT Signaling;,Autophagy; EGFR; EGFR;,"Lapatinib ditosylate(GW-572016 ditosylate) is a potent EGFR and ErbB2 inhibitor with IC50 of 10.8 and 9.2 nM, respectively.
IC50 Value: 10.8 nM (EGFR); 9.2 nM (ErbB2)
Target: EGFR/ErbB2
Lapatinib ditosylate is a selective and effective inhibitor of ErbB-2 and EGFR dual tyrosine kinases.",activator,HAMDB plain Activator (Autophagy in Pathway/Target)
ABT-737,HAMDB342,852808-04-9,11228183.0,CN(C)CCC(CSC1=CC=CC=C1)NC2=C(C=C(C=C2)S(=O)(=O)NC(=O)C3=CC=C(C=C3)N4CCN(CC4)CC5=CC=CC=C5C6=CC=C(C=C6)Cl)[N+](=O)[O-],Activator,Autophagy; Apoptosis;,Autophagy; Bcl-2 Family;,"ABT-737 is a BH3 mimetic inhibitor of Bcl-xL, Bcl-2 and Bcl-w with EC50 of 78.7 nM, 30.3 nM and 197.8 nM, respectively; no inhibition observed against Mcl-1, Bcl-B or Bfl-1.
IC50 Value: 78.7 nM(Bcl-xL); 30.3 nM(Bcl-2);  197.8 nM(Bcl-w)
Target: Bcl-2 Family
in vitro: ABT-737 displaces Bim from Bcl2's BH3-binding pocket, allowing Bim to activate Bax, induce mitochondrial permeabilization, and rapidly commit the primary chronic lymphocytic leukemia (CLL) cells to death.",activator,HAMDB plain Activator (Autophagy in Pathway/Target)
Perifosine,HAMDB343,157716-52-4,148177.0,CCCCCCCCCCCCCCCCCCOP(=O)([O-])OC1CC[N+](CC1)(C)C,Activator,Autophagy; PI3K/Akt/mTOR;,Autophagy; Akt;,"Perifosine (KRX-0401; D-21266; NSC 639966) is a novel Akt inhibitor with IC50 of 4.7 ¦ÌM, targets pleckstrin homology domain of Akt.
IC50 value: 
Target: Akt 
in vitro: Perifosine develops anti-proliferative properties with IC50 of 0.6-8.9 ¦ÌM in immortalized keratinocytes (HaCaT), and head and neck squamous carcinoma cells [1].",activator,HAMDB plain Activator (Autophagy in Pathway/Target)
Troglitazone,HAMDB344,97322-87-7,5591.0,CC1=C(C(=C2CCC(OC2=C1C)(C)COC3=CC=C(C=C3)CC4C(=O)NC(=O)S4)C)O,Activator,Autophagy; NF-¦ÊB; Cell Cycle/DNA Damage;,Autophagy; PPAR; PPAR;,"Troglitazone(CS-045), PPAR¦Ã agonist, is an anti-diabetic thiazolidinedione (TZD) with anti-inflammatory and anti-tumor activity.
IC50 Value: 5.71 uM and 8.38 uM (in 786-O and A498 cells) [1]
Target: PPAR¦Ã
in vitro: PPARgamma ligands inhibited RCC cell growth in a dose-dependent manner with IC50 values of 7.08 micromol/L and 11.32 micromol/L for pioglitazone, and 5.71 micromol/L and 8.38 micromol/L for troglitazone in 786-O and A498 cells, respectively [1].",activator,HAMDB plain Activator (Autophagy in Pathway/Target)
Imatinib (Mesylate),HAMDB345,220127-57-1,123596.0,CC1=C(C=C(C=C1)NC(=O)C2=CC=C(C=C2)CN3CCN(CC3)C)NC4=NC=CC(=N4)C5=CN=CC=C5.CS(=O)(=O)O,Activator,Autophagy; Protein Tyrosine Kinase/RTK; Protein Tyrosine Kinase/RTK; Protein Tyrosine Kinase/RTK;,Autophagy; Bcr-Abl; PDGFR; c-Kit;,"Imatinib(STI571) is a multi-target inhibitor of v-Abl, c-Kit and PDGFR with IC50 of 0.6 ¦ÌM, 0.1 ¦ÌM and 0.1 ¦ÌM, respectively.",activator,HAMDB plain Activator (Autophagy in Pathway/Target)
Enzalutamide,HAMDB346,915087-33-1,15951529.0,CC1(C(=O)N(C(=S)N1C2=CC(=C(C=C2)C(=O)NC)F)C3=CC(=C(C=C3)C#N)C(F)(F)F)C,Activator,Autophagy,Autophagy; Androgen Receptor;,"Enzalutamide (MDV3100) is an androgen-receptor (AR) antagonist with IC50 of 36 nM.
IC50 value: 36 nM [1]
Target: androgen-receptor
in vitro: Enzalutamide has greater affinity to AR than Bicalutamide does in a competition assay with 16¦Â-[18F]fluoro-5¦Á-DHT (18-FDHT) in castration-resistant LNCaP/AR cells (AR-overexpressing).",activator,HAMDB plain Activator (Autophagy in Pathway/Target)
Procainamide (hydrochloride),HAMDB347,614-39-1,66068.0,CCN(CC)CCNC(=O)C1=CC=C(C=C1)N.Cl,Activator,Autophagy,Autophagy,Procainamide hydrochloride is an anti-arrhythmic agent and is used to treat cardiac arrhythmia; induces rapid block of the batrachotoxin(BTX)-activated sodium channels of the heart muscle and acts as antagonist to long gating closures.,activator,HAMDB plain Activator (Autophagy in Pathway/Target)
Colistin (sulfate),HAMDB348,1264-72-8,5311054.0,CCC(C)CCCC(=O)NC(CCN)C(=O)NC(C(C)O)C(=O)NC(CCN)C(=O)NC1CCNC(=O)C(NC(=O)C(NC(=O)C(NC(=O)C(NC(=O)C(NC(=O)C(NC1=O)CCN)CC(C)C)CC(C)C)CCN)CCN)C(C)O,Activator,Autophagy; Anti-infection;,Autophagy; Antibacterial;,"Colistin sulfate is a polymyxin antibiotic, a mixture of cyclic polypeptides colistin A and B, effective against most Gram-negative bacilli.",activator,HAMDB plain Activator (Autophagy in Pathway/Target)
Nitroprusside (disodium dihydrate),HAMDB349,13755-38-9,11953895.0,[C-]#N.[C-]#N.[C-]#N.[C-]#N.[C-]#N.[N-]=O.O.O.[Na+].[Na+].[Fe+4],Activator,Autophagy,Autophagy,"Nitroprusside disodium dihydrate is a potent vasodilator working through releasing NO spontaneously in blood.
Target: Others
Nitroprusside disodium dihydrate is a potent vasodilator.",activator,HAMDB plain Activator (Autophagy in Pathway/Target)
Gemcitabine Hydrochloride,HAMDB350,122111-03-9,60749.0,C1=CN(C(=O)N=C1N)C2C(C(C(O2)CO)O)(F)F.Cl,Activator,Autophagy; Cell Cycle/DNA Damage; Cell Cycle/DNA Damage;,Autophagy; DNA/RNA Synthesis; Nucleoside antimetabolite/analog;,"GemcitabineHcl (LY 188011 Hcl) is a DNA synthesis inhibitor with IC50 of 50 nM, 40 nM, 18 nM and 12 nM in PANC1, MIAPaCa2, BxPC3 and Capan2 cells, respectively.
IC50 Value: 50 nM( PANC1); 40 nM(MIAPaCa2); 18 nM(BxPC3 ); 12 nM(Capan2)
Target: Nucleoside antimetabolite/analog
Gemcitabine is converted intracellularly to the active metabolites difluorodeoxycytidine di- and triphosphate (dFdCDP, dFdCTP).",activator,HAMDB plain Activator (Autophagy in Pathway/Target)
Doxazosin (mesylate),HAMDB351,77883-43-3,62978.0,COC1=C(C=C2C(=C1)C(=NC(=N2)N3CCN(CC3)C(=O)C4COC5=CC=CC=C5O4)N)OC.CS(=O)(=O)O,Activator,Autophagy; GPCR/G protein;,Autophagy; Adrenergic Receptor;,"Doxazosin mesylate(UK 33274) is a quinazoline-derivative that selectively antagonizes postsynaptic ¦Á1-adrenergic receptors.
Target: ¦Á1-adrenergic receptor
Doxazosin (mesylate) is the mesylate salt form of doxazosin, which is a long-lasting inhibitor of ¦Á1-adrenoceptors that is widely used to treat benign prostatic hyperplasia and lower urinary tract symptoms [1].",activator,HAMDB plain Activator (Autophagy in Pathway/Target)
Fluoxetine (hydrochloride),HAMDB352,56296-78-7,62857.0,CNCCC(C1=CC=CC=C1)OC2=CC=C(C=C2)C(F)(F)F.Cl,Activator,Autophagy; Neuronal Signaling;,Autophagy; SSRIs;,"Fluoxetine HCl is an antidepressant of the selective serotonin reuptake inhibitor (SSRI) class.
Target: 5-HT Receptor
Fluoxetine HCl, a specific inhibitor of serotonin re-uptake in brain, are less sensitive to electroshock.",activator,HAMDB plain Activator (Autophagy in Pathway/Target)
Omeprazole,HAMDB353,73590-58-6,4594.0,CC1=CN=C(C(=C1OC)C)CS(=O)C2=NC3=C(N2)C=C(C=C3)OC,Activator,Autophagy; Membrane Transporter/Ion Channel;,Autophagy; Proton Pump;,"Omeprazole(Prilosec) is a proton pump inhibitor used in the treatment of dyspepsia.
Target: Proton Pump
Omeprazole is a proton pump inhibitor used in the treatment of dyspepsia, peptic ulcer disease, gastroesophageal reflux disease, laryngopharyngeal reflux, and Zollinger-Ellison syndrome.",activator,HAMDB plain Activator (Autophagy in Pathway/Target)
Tigecycline,HAMDB354,220620-09-7,54686904.0,CC(C)(C)NCC(=O)NC1=C(C2=C(CC3CC4C(C(=O)C(=C(C4(C(=O)C3=C2O)O)O)C(=O)N)N(C)C)C(=C1)N(C)C)O,Activator,Autophagy; Anti-infection;,Autophagy; Antibacterial;,"Tigecycline is a first-in-class, broad spectrum antibiotic with activity against antibiotic-resistant organisms.
Target: Antibacterial
Tigecycline is active against a broad range of gram-negative and gram-positive bacterial species including clinically important multidrug-resistant nosocomial and community-acquired bacterial pathogens.",activator,HAMDB plain Activator (Autophagy in Pathway/Target)
Imiquimod,HAMDB355,99011-02-6,57469.0,CC(C)CN1C=NC2=C1C3=CC=CC=C3N=C2N,Activator,Autophagy; Immunology/Inflammation;,Autophagy; Toll-like Receptor (TLR);,"Imiquimod is an immune response modifier that acts as a toll-like receptor 7 agonist and is commonly used topically to treat warts on the skin of the genital and anal areas.
Target: TLR7
Imiquimod is an immune response modifier that acts as a toll-like receptor 7 agonist and is commonly used topically to treat warts on the skin of the genital and anal areas.",activator,HAMDB plain Activator (Autophagy in Pathway/Target)
Prazosin (hydrochloride),HAMDB356,19237-84-4,68546.0,COC1=C(C=C2C(=C1)C(=NC(=N2)N3CCN(CC3)C(=O)C4=CC=CO4)N)OC.Cl,Activator,Autophagy; GPCR/G protein;,Autophagy; Adrenergic Receptor;,"Prazosin is an alpha-adrenergic blocker and is a sympatholytic drug used to treat high blood pressure and anxiety, PTSD, and panic disorder.
Target: Adrenergic Receptor
Prazosin, is a sympatholytic drug used to treat high blood pressure and anxiety, PTSD, andpanic disorder.",activator,HAMDB plain Activator (Autophagy in Pathway/Target)
Carbamazepine,HAMDB357,298-46-4,2554.0,C1=CC=C2C(=C1)C=CC3=CC=CC=C3N2C(=O)N,Activator,Autophagy; Membrane Transporter/Ion Channel;,Autophagy; Sodium Channel;,"Carbamazepine, a sodium channel blocker, is an anticonvulsant drug.
Target: Sodium channel
Carbamazepine inhibits the binding of [3H]batrachotoxinin A 20-¦Á-benzoate (BTX-B) to a receptor site of voltage-sensitive sodium channel with IC50 of 131 ¦ÌM, to decrease the activation of sodium channel ion flux in rat brain synaptosomes.",activator,HAMDB plain Activator (Autophagy in Pathway/Target)
Nimodipine,HAMDB358,66085-59-4,4497.0,CC1=C(C(C(=C(N1)C)C(=O)OC(C)C)C2=CC(=CC=C2)[N+](=O)[O-])C(=O)OCCOC,Activator,Autophagy;,Autophagy;,"Nimodipine(Nimotop) is a dihydropyridine derivative and an analogue of the calcium channel blocker nifedipine, with antihypertensive activity.Nimodipine decreases intracellular free Ca2+,Beclin-1 and autophagy.
Target: Calcium Channel
Nimodipine is main use is in the prevention of cerebral vasospasm and resultant ischemia, a complication of subarachnoid hemorrhage (a form of cerebral bleed), specifically from ruptured intracranial berry aneurysms irrespective of the patient's post-ictus neurological condition.",activator,HAMDB plain Activator (Autophagy in Pathway/Target)
Acetylcholine (chloride),HAMDB359,60-31-1,6060.0,CC(=O)OCC[N+](C)(C)C.[Cl-],Activator,Autophagy; Neuronal Signaling; GPCR/G protein; Neuronal Signaling; Membrane Transporter/Ion Channel; Membrane Transporter/Ion Channel;,Autophagy; mAChR; mAChR; nAChR; nAChR; Calcium Channel;,Acetylcholine is a neurotransmitter that can induce the opening of calcium channels.,activator,HAMDB plain Activator (Autophagy in Pathway/Target)
Nifedipine,HAMDB360,21829-25-4,4485.0,CC1=C(C(C(=C(N1)C)C(=O)OC)C2=CC=CC=C2[N+](=O)[O-])C(=O)OC,Activator,Autophagy; Membrane Transporter/Ion Channel;,Autophagy; Calcium Channel;,"Nifedipine(Adalat), a potent vasodilator agent with calcium antagonistic action.
Target: Calcium Channel
Nifedipine has been formulated as both a long- and short-acting 1,4-dihydropyridine calcium channel blocker.",activator,HAMDB plain Activator (Autophagy in Pathway/Target)
Clemastine (fumarate),HAMDB361,14976-57-9,5281069.0,CC(C1=CC=CC=C1)(C2=CC=C(C=C2)Cl)OCCC3CCCN3C.C(=CC(=O)O)C(=O)O,Activator,Autophagy; Immunology/Inflammation; GPCR/G protein;,Autophagy; Histamine Receptor; Histamine Receptor;,"Clemastine Fumarate is a selective histamine H1 receptor antagonist with IC50 of 3 nM.
Target: Histamine H1 Receptor
Clemastine Fumarate inhibits histamine induced rise in [Ca2+]i in HL-60 cells with an IC50 of 3 nM as compared with that of chlorpheniramine or diphenhydramine with IC50 values of 20 nM and 100 nM, respectively [1].",activator,HAMDB plain Activator (Autophagy in Pathway/Target)
Hydroxyurea,HAMDB362,127-07-1,3657.0,C(=O)(N)NO,Activator,Autophagy; Cell Cycle/DNA Damage;,Autophagy; DNA/RNA Synthesis;,"Hydroxyurea is an antineoplastic agent that inhibits DNA synthesis through the inhibition of ribonucleoside diphosphate reductase.
Target: DNA/RNA Synthesis
Hydroxyurea(Cytodrox) is an antineoplastic agent that inhibits DNA synthesis through the inhibition of ribonucleoside diphosphate reductase.",activator,HAMDB plain Activator (Autophagy in Pathway/Target)
Sodium Butyrate,HAMDB363,156-54-7,5222465.0,CCCC(=O)[O-].[Na+],Activator,Autophagy; Epigenetics; Cell Cycle/DNA Damage;,Autophagy; HDAC; HDAC;,"Sodium Butyrate(Butanoic acid sodium salt) has been reported to cause hyperacetylation of histones due to its role as a histone deacetylase (HDAC) inhibitor (IC50 values are 0.3, 0.4, 0.3, mM for HDAC1, 2 and 7 respectively).
IC50 value:
Target: HDAC inhibitor
This compound has been shown to cause induction of differentiation and gene expression and also prevent cell proliferation.",activator,HAMDB plain Activator (Autophagy in Pathway/Target)
Taurine,HAMDB364,107-35-7,1123.0,C(CS(=O)(=O)O)N,Activator,Autophagy,Autophagy,"Taurine is an organic acid widely distributed in animal tissues.
Target: Others
Taurine is a major constituent of bile and can be found in the large intestine and accounts for approximately 0.1% of total human body weight [1].",activator,HAMDB plain Activator (Autophagy in Pathway/Target)
Memantine (hydrochloride),HAMDB365,41100-52-1,181458.0,CC12CC3CC(C1)(CC(C3)(C2)N)C.Cl,Activator,Autophagy; Metabolic Enzyme/Protease; Neuronal Signaling; Membrane Transporter/Ion Channel;,Autophagy; Cytochrome P450; NMDA Receptor; NMDA Receptor;,"Memantine, an amantadine derivative with low to moderate-affinity for NMDA receptors, inhibit CYP2B6 and CYP2D6 with Ki of 0.51 nM and 94.9 ¦ÌM, respectively..
Target: NMDA Receptor, 
Memantine (Ebixa, Axura, Namenda, Akatinol) is a moderate-affinity, uncompetitive, voltage-dependent, NMDA-receptor antagonist with fast on/off kinetics that inhibits excessive calcium influx induced by chronic overstimulation of the NMDA receptor.",activator,HAMDB plain Activator (Autophagy in Pathway/Target)
Tolbutamide,HAMDB366,64-77-7,5505.0,CCCCNC(=O)NS(=O)(=O)C1=CC=C(C=C1)C,Activator,Autophagy; Membrane Transporter/Ion Channel;,Autophagy; Potassium Channel;,"Tolbutamide is a first generation potassium channel blocker, sulfonylurea oral hypoglycemic drug.
Target: Potassium Channel
Tolbutamide is an oral antihyperglycemic agent used for the treatment of non-insulin-dependent diabetes mellitus (NIDDM).",activator,HAMDB plain Activator (Autophagy in Pathway/Target)
Chlorpromazine (hydrochloride),HAMDB367,69-09-0,6240.0,CN(C)CCCN1C2=CC=CC=C2SC3=C1C=C(C=C3)Cl.Cl,Activator,Autophagy; Membrane Transporter/Ion Channel; GPCR/G protein; Neuronal Signaling;,Autophagy; Calcium Channel; Dopamine Receptor; Dopamine Receptor;,Chlorpromazine Hydrochloride is a dopamine and potassium channel inhibitor used as the prototypical phenothiazine antipsychotic drug.,activator,HAMDB plain Activator (Autophagy in Pathway/Target)
Novobiocin (Sodium),HAMDB368,1476-53-5,23663939.0,CC1=C(C=CC2=C1OC(=O)C(=C2[O-])NC(=O)C3=CC(=C(C=C3)O)CC=C(C)C)OC4C(C(C(C(O4)(C)C)OC)OC(=O)N)O.[Na+],Activator,Autophagy; Anti-infection;,Autophagy; Antibacterial;,"Novobiocin Sodium is an antibiotic compound derived from Streptomyces niveus.
Target: Antibacterial
Novobiocin, also known as albamycin or cathomycin, is an aminocoumarin antibiotic that is produced by the actinomycete Streptomyces niveus, which has recently been identified as a subjective synonym for S.",activator,HAMDB plain Activator (Autophagy in Pathway/Target)
Ciclopirox,HAMDB369,29342-05-0,2749.0,CC1=CC(=O)N(C(=C1)C2CCCCC2)O,Activator,Autophagy; Anti-infection;,Autophagy; Antifungal;,"Ciclopirox (Penlac) is a synthetic antifungal agent.
Target: Antifungal
Ciclopirox is a synthetic antifungal agent for topical dermatologic treatment of superficial mycoses.",activator,HAMDB plain Activator (Autophagy in Pathway/Target)
Paroxetine (hydrochloride),HAMDB370,78246-49-8,62878.0,C1CNCC(C1C2=CC=C(C=C2)F)COC3=CC4=C(C=C3)OCO4.Cl,Activator,Autophagy; Neuronal Signaling;,Autophagy; SSRIs;,"Paroxetine Hydrochloride is a antidepressant agents known as selective serotonin-reuptake inhibitors (SSRIs).
Target: SSRIs
Paroxetine is a potent and highly selective inhibitor of neuronal serotonin reuptake.",activator,HAMDB plain Activator (Autophagy in Pathway/Target)
Ouabain (Octahydrate),HAMDB371,11018-89-6,6364534.0,CC1C(C(C(C(O1)OC2CC(C3(C4C(CCC3(C2)O)C5(CCC(C5(CC4O)C)C6=CC(=O)OC6)O)CO)O)O)O)O.O.O.O.O.O.O.O.O,Activator,Autophagy,Autophagy,"Ouabain Octahydrate inhibits Na(+)/K(+) ATPase, regulates transcription of MDR and MRP.
Target: Others
Ouabain Octahydrate is a Na(+)/K(+) ATPase inhibitor.",activator,HAMDB plain Activator (Autophagy in Pathway/Target)
Spironolactone,HAMDB372,52-01-7,5833.0,CC(=O)SC1CC2=CC(=O)CCC2(C3C1C4CCC5(C4(CC3)C)CCC(=O)O5)C,Activator,Autophagy,Autophagy; Androgen Receptor;,Spironolactone is a potent antagonist of the androgen receptor.,activator,HAMDB plain Activator (Autophagy in Pathway/Target)
L-Nicotine,HAMDB373,54-11-5,89594.0,CN1CCCC1C2=CN=CC=C2,Activator,Autophagy; Neuronal Signaling; Membrane Transporter/Ion Channel;,Autophagy; nAChR; nAChR;,L-Nicotine is the prototype of nicotinic acetylcholine receptor agonists; natural isomer.,activator,HAMDB plain Activator (Autophagy in Pathway/Target)
Hydroquinone,HAMDB374,123-31-9,785.0,C1=CC(=CC=C1O)O,Activator,Autophagy,Autophagy,"Hydroquinone is an inhibitor and antioxidant, also is an intermediate in the synthesis of dyes, motor fuels, and oils.",activator,HAMDB plain Activator (Autophagy in Pathway/Target)
Trimetazidine (dihydrochloride),HAMDB375,13171-25-0,83201.0,COC1=C(C(=C(C=C1)CN2CCNCC2)OC)OC.Cl.Cl,Activator,Autophagy,Autophagy,Trimetazidine dihydrochloride is a drug for angina pectoris.,activator,HAMDB plain Activator (Autophagy in Pathway/Target)
P-Cresol,HAMDB376,1319-77-3,2879.0,CC1=CC=C(C=C1)O,Activator,Autophagy,Autophagy,Cresol is organic compound£¬is a widely occurring natural and manufactured group of aromatic organic compounds.,activator,HAMDB plain Activator (Autophagy in Pathway/Target)
Deferoxamine (mesylate),HAMDB377,138-14-7,62881.0,CC(=O)N(CCCCCNC(=O)CCC(=O)N(CCCCCNC(=O)CCC(=O)N(CCCCCN)O)O)O.CS(=O)(=O)O,Activator,Autophagy,Autophagy,"Deferoxamine mesylate as a chelating agent used to remove excess iron from the body, treat acute iron poisoning, especially in small children, used to treat hemochromatosis, that can be either genetic or acquired.",activator,HAMDB plain Activator (Autophagy in Pathway/Target)
Lanatoside C,HAMDB378,17575-22-3,3879.0,CC1C(C(CC(O1)OC2CCC3(C(C2)CCC4C3CC(C5(C4(CCC5C6=CC(=O)OC6)O)C)O)C)O)OC7CC(C(C(O7)C)OC8CC(C(C(O8)C)OC9C(C(C(C(O9)CO)O)O)O)OC(=O)C)O,Activator,Autophagy,Autophagy,"Lanatoside C is a cardiac glycoside, can be used in the treatment of congestive heart failure and cardiac arrhythmia.Lanatoside C has an IC50 of 0.19 ¦ÌM for dengue virus infection in HuH-7 cells.",activator,HAMDB plain Activator (Autophagy in Pathway/Target)
Aceglutamide,HAMDB379,2490-97-3,182230.0,CC(=O)NC(CCC(=O)N)C(=O)O,Activator,Autophagy,Autophagy,"Aceglutamide is a psychostimulant and nootropic, used to improve memory and concentration.",activator,HAMDB plain Activator (Autophagy in Pathway/Target)
Lasalocid (sodium),HAMDB380,25999-20-6,6426773.0,CCC(C1C(CC(O1)(CC)C2CCC(C(O2)C)(CC)O)C)C(=O)C(C)C(C(C)CCC3=C(C(=C(C=C3)C)O)C(=O)[O-])O.[Na+],Activator,Autophagy; Anti-infection;,Autophagy; Antibacterial;,"In vitro:  Lasalocid sodium treatment led to an increase in cell wall thickness, whilst the quantity and sugar composition of the cell wall remained unchanged in BY-2 cells.",activator,HAMDB plain Activator (Autophagy in Pathway/Target)
Diazoxide,HAMDB381,364-98-7,3019.0,CC1=NS(=O)(=O)C2=C(N1)C=CC(=C2)Cl,Activator,Autophagy; Membrane Transporter/Ion Channel;,Autophagy; Potassium Channel;,"Diazoxide is a potassium channel activator, which causes local relaxation in smooth muscle by increasing membrane permeability to potassium ions.",activator,HAMDB plain Activator (Autophagy in Pathway/Target)
Citalopram (hydrobromide),HAMDB382,59729-32-7,77995.0,CN(C)CCCC1(C2=C(CO1)C=C(C=C2)C#N)C3=CC=C(C=C3)F.Br,Activator,Autophagy; Neuronal Signaling; GPCR/G protein;,Autophagy; 5-HT Receptor; 5-HT Receptor;,Citalopram hydrobromide is an antidepressant drug of the selective serotonin reuptake inhibitor (SSRI) class.,activator,HAMDB plain Activator (Autophagy in Pathway/Target)
Honokiol,HAMDB383,35354-74-6,72303.0,C=CCC1=CC(=C(C=C1)O)C2=CC(=C(C=C2)O)CC=C,Activator,Autophagy; Apoptosis;,Autophagy; Apoptosis inducer;,"Honokiol(NSC-293100), a hydroxylated biphenyl compound isolated from the Chinese herb Magnolia officinalis, has been reported to have anticancer activities in a variety of cancer cell lines.",activator,HAMDB plain Activator (Autophagy in Pathway/Target)
Gambogic Acid,HAMDB384,2752-65-0,9852185.0,CC(=CCCC1(C=CC2=C(O1)C(=C3C(=C2O)C(=O)C4=CC5CC6C4(O3)C(C5=O)(OC6(C)C)CC=C(C)C(=O)O)CC=C(C)C)C)C,Activator,Autophagy; Apoptosis;,Autophagy; Bcl-2 Family;,"Gambogic Acid activates caspases with EC50 of 0.78-1.64 ¦ÌM and competitively inhibits Bcl-XL, Bcl-2, Bcl-W, Bcl-B, Bfl-1 and Mcl-1 with IC50 of 1.47, 1.21, 2.02, 0.66, 1.06 and 0.79 ¦ÌM, respectively.
IC50 Value: 1.21 uM (Bcl-2); 1.47 uM (Bcl-xl)
Target: Bcl-2 Family
in vitro: Gambogic acid is a xanthonoid that is derived from the brownish or orange resin from Garcinia hanburyi.",activator,HAMDB plain Activator (Autophagy in Pathway/Target)
Parthenolide,HAMDB385,20554-84-1,7251185.0,CC1=CCCC2(C(O2)C3C(CC1)C(=C)C(=O)O3)C,Activator,Autophagy; Epigenetics; Epigenetics; NF-¦ÊB; Cell Cycle/DNA Damage;,Autophagy; DNA Methyltransferase; HDAC; NF-¦ÊB; HDAC;,Parthenolide (PTL) is a sesquiterpene lactone which can induce apoptosis in cancer cells and eradicate cancer stem cells.,activator,HAMDB plain Activator (Autophagy in Pathway/Target)
Nobiletin,HAMDB386,478-01-3,72344.0,COC1=C(C=C(C=C1)C2=CC(=O)C3=C(O2)C(=C(C(=C3OC)OC)OC)OC)OC,Activator,Autophagy,Autophagy,"Nobiletin, a natural polymethoxylated flavone, is identified as a clock amplitude-enhancing small molecule.
IC50 value:
Target:
In vitro: Although NGF alone had little effect on the CRE-dependent transcription, NGF markedly enhanced the CRE-dependent transcription induced by nobiletin[1].",activator,HAMDB plain Activator (Autophagy in Pathway/Target)
Oleanolic Acid,HAMDB387,508-02-1,10494.0,CC1(CCC2(CCC3(C(=CCC4C3(CCC5C4(CCC(C5(C)C)O)C)C)C2C1)C)C(=O)O)C,Activator,Autophagy,Autophagy,"Oleanolic acid (Caryophyllin) is a natural compound from plants with anti-tumor activities.
IC50 value:
Target:
in vitro: OA suppressed the proliferation of lung cancer cells in both dose- and time-dependent manners, along with an increase in miR-122 abundance.",activator,HAMDB plain Activator (Autophagy in Pathway/Target)
Luteolin,HAMDB388,491-70-3,5280445.0,C1=CC(=C(C=C1C2=CC(=O)C3=C(C=C(C=C3O2)O)O)O)O,Activator,Autophagy,Autophagy,"Luteolin is a falconoid compound, which exhibits anticancer properties.
IC50 value:
Target: A natural for anticancer.
In vitro: Luteolin exerted an anticancer effect against NCI-H460 cells through Sirt1-mediated apoptosis and the inhibition of cell migration [1].",activator,HAMDB plain Activator (Autophagy in Pathway/Target)
Corosolic acid,HAMDB389,4547-24-4,6918774.0,CC1CCC2(CCC3(C(=CCC4C3(CCC5C4(CC(C(C5(C)C)O)O)C)C)C2C1C)C)C(=O)O,Activator,Autophagy,Autophagy,Corosolic acid isolated from the fruit of Cratoegus pinnatifida var.,activator,HAMDB plain Activator (Autophagy in Pathway/Target)
Licochalcone A,HAMDB390,58749-22-7,5318998.0,CC(C)(C=C)C1=C(C=C(C(=C1)C=CC(=O)C2=CC=C(C=C2)O)OC)O,Activator,Autophagy,Autophagy,"Licochalcone A, a flavonoid isolated from the famous Chinese medicinal herb Glycyrrhiza uralensis Fisch, presents obvious anti-cancer effects.",activator,HAMDB plain Activator (Autophagy in Pathway/Target)
Wogonin,HAMDB391,632-85-9,5281703.0,COC1=C(C=C(C2=C1OC(=CC2=O)C3=CC=CC=C3)O)O,Activator,Autophagy,Autophagy,Wogonin is a cell-permeable and orally available flavonoid that displays anti-inflammatory and anticancer properties.,activator,HAMDB plain Activator (Autophagy in Pathway/Target)
Cucurbitacin E,HAMDB392,18444-66-1,5281319.0,CC(=O)OC(C)(C)C=CC(=O)C(C)(C1C(CC2(C1(CC(=O)C3(C2CC=C4C3C=C(C(=O)C4(C)C)O)C)C)C)O)O,Activator,Autophagy,Autophagy,"Cucurbitacin E is a widely available plant-derived natural product, making it a useful tool to study actin dynamics in cells and actin-based processes such as cytokinesis.
IC50 value: 7¨C50 nM in 2- to 6-day exposures
Target:
In vitro: In assays using pure fluorescently labeled actin, cucurbitacin E specifically affects depolymerization without affecting polymerization.",activator,HAMDB plain Activator (Autophagy in Pathway/Target)
Reserpine,HAMDB393,50-55-5,5770.0,COC1C(CC2CN3CCC4=C(C3CC2C1C(=O)OC)NC5=C4C=CC(=C5)OC)OC(=O)C6=CC(=C(C(=C6)OC)OC)OC,Activator,Autophagy; Membrane Transporter/Ion Channel;,Autophagy; Monoamine transporter;,"Reserpine (Serpalan) is an indole alkaloid antipsychotic and antihypertensive drug that irreversibly blocks the vesicular monoamine transporter (VMAT).
Target: vesicular monoamine transporter (VMAT) 
Reserpine (Lannett's Serpalan) is an indole alkaloid antipsychotic and antihypertensive drug that has been used for the control of high blood pressure and for the relief of psychotic symptoms, although because of the development of better drugs for these purposes and because of its numerous side-effects, it is rarely used today.",activator,HAMDB plain Activator (Autophagy in Pathway/Target)
Icaritin,HAMDB394,118525-40-9,5318980.0,CC(=CCC1=C(C=C(C2=C1OC(=C(C2=O)O)C3=CC=C(C=C3)OC)O)O)C,Activator,Autophagy,Autophagy,"Icaritin(Anhydroicaritin) is a component of Epimedium flavonoid isolated from Herba Epimedii; enhances osteoblastic differentiation of mesenchymal stem cells (MSCs) while it inhibits adipogenic differentiation of MSCs by inhibiting PPAR-g pathway.
IC50 value:
Target: 
in vitro: Icaritin was unable to promote proliferation, migration and tube like structure formation by human umbilical vein endothelial cells (HUVECs) in vitro [1].",activator,HAMDB plain Activator (Autophagy in Pathway/Target)
Harmine,HAMDB395,442-51-3,5280953.0,CC1=NC=CC2=C1NC3=C2C=CC(=C3)OC,Activator,Autophagy; Neuronal Signaling; GPCR/G protein;,Autophagy; 5-HT Receptor; 5-HT Receptor;,"Harmine, a tricyclic b-carboline alkaloid that was originally
isolated from seeds of Peganum harmala, has been reported to possess anxiolytic, behavioral effects.",activator,HAMDB plain Activator (Autophagy in Pathway/Target)
Scutellarein,HAMDB396,529-53-3,5281697.0,C1=CC(=CC=C1C2=CC(=O)C3=C(C(=C(C=C3O2)O)O)O)O,Activator,Autophagy; Protein Tyrosine Kinase/RTK;,Autophagy; Src;,"Scutellarin, a main active ingredient extracted from Erigeron breviscapus (Vant.) Hand-Mazz., has been wildly used to treat acute cerebral infarction and paralysis induced by cerebrovascular diseases.",activator,HAMDB plain Activator (Autophagy in Pathway/Target)
Shikonin,HAMDB397,517-89-5,479503.0,CC(=CCC(C1=CC(=O)C2=C(C=CC(=C2C1=O)O)O)O)C,Activator,Autophagy,Autophagy,"Shikonin is an inhibitor of TMEM16A chloride channel with IC50 value of 6.5 uM.
target: TMEM16A chloride channel [1]
IC50: 6.5 uM [1]
In vitro: Shikonin inhibits basolateral K(+) channel activity without affecting Na(+)/K(+)-ATPase activities.",activator,HAMDB plain Activator (Autophagy in Pathway/Target)
Apigenin,HAMDB398,520-36-5,5280443.0,C1=CC(=CC=C1C2=CC(=O)C3=C(C=C(C=C3O2)O)O)O,Activator,Autophagy,Autophagy,"Apigenin is a non-toxic and non-mutagenic flavone that exists abundantly in numerous herbs and vegetables.
IC50 value:
Target:
In vitro: Apigenin reduced viability and migratory properties, increased apoptosis, and suppressed mitochondrial membrane potential in both the JAR and JEG3 cells.",activator,HAMDB plain Activator (Autophagy in Pathway/Target)
YM-155 hydrochloride,HAMDB399,355406-09-6,23108256.0,CC1=[N+](C2=C(N1CCOC)C(=O)C3=CC=CC=C3C2=O)CC4=NC=CN=C4.[Cl-],Activator,Autophagy; Apoptosis,Autophagy; Survivin,YM-155 hydrochloride is a novel survivin suppressant with an IC50 of 0.54 nM for the inhibition of survivin promoter activity.,activator,HAMDB plain Activator (Autophagy in Pathway/Target)
Berbamine dihydrochloride,HAMDB400,6078-17-7,16217067.0,CN1CCC2=CC(=C3C=C2C1CC4=CC=C(C=C4)OC5=C(C=CC(=C5)CC6C7=C(O3)C(=C(C=C7CCN6C)OC)OC)O)OC.Cl.Cl,Activator,Autophagy; NF-¦ÊB,Autophagy; NF-¦ÊB,"Berbamine dihydrochloride, a natural compound derived from the Berberis amurensis plant, has been shown to exhibit antitumor activity in several cancers. IC50 value: Target: In vitro: In this study the in vitro cytotoxicity of BER was measured by MTT assay. Cytotoxicity tests showed dose-dependent cell growth inhibition effects of BER against A549 cells [1]. In vivo: In vivo anti-cancer efficacy of BER was assessed in A549 xenografts. BER significantly reduced the growth of lung cancer in a dose-dependent manner in nude mice with prolonged survival time.",activator,HAMDB plain Activator (Autophagy in Pathway/Target)
Glaucocalyxin B,HAMDB401,80508-81-2,196551.0,CC(=O)OC1C2CCC3C1(C(CC4C3(CCC(=O)C4(C)C)C)O)C(=O)C2=C,Activator,Autophagy,Autophagy,Glaucocalyxin B is an ent kaurane diterpenoid isolated from the Chinese traditional medicine Rabdosia japonica with anticancer and antitumor activity; decreases the growth of HL-60 cells with an IC50 of approximately 5.86 ¦ÌM at 24 h.,activator,HAMDB plain Activator (Autophagy in Pathway/Target)
CHIR-99021 monohydrochloride,HAMDB402,1797989-42-4,71295844.0,CC1=CN=C(N1)C2=CN=C(N=C2C3=C(C=C(C=C3)Cl)Cl)NCCNC4=NC=C(C=C4)C#N.Cl,Activator,Autophagy; PI3K/Akt/mTOR; Stem Cell/Wnt,Autophagy; GSK-3,"CHIR-99021 monohydrochloride is a GSK-3¦Á/¦Â inhibitor with IC50 of 10 nM/6.7 nM; > 500-fold selectivity for GSK-3 versus its closest homologs CDC2 and ERK2, as well as other protein kinases.",activator,HAMDB plain Activator (Autophagy in Pathway/Target)
SBC-115076,HAMDB403,489415-96-5,5734410.0,CC1=C(C=CC(=C1)C(=C2C(N(C(=O)C2=O)CCCN3CCOCC3)C4=CC=NC=C4)O)OCC5=CC=CC=C5,Activator,Autophagy,Autophagy,"SBC-115076 is an anti-proprotein convertase subtilisin kexin type 9 (anti-PCSK9) compounds, for the treatment and/or prevention of cardiovascular diseases. Target: PCSK9 in vivo: SBC-115076 lowers cholesterol levels in mice that are fed high fat diet.",activator,HAMDB plain Activator (Autophagy in Pathway/Target)
Polydatin,HAMDB404,27208-80-6,5281718.0,C1=CC(=CC=C1C=CC2=CC(=CC(=C2)OC3C(C(C(C(O3)CO)O)O)O)O)O,Activator,Autophagy; NF-¦ÊB,Autophagy; NF-¦ÊB,"Polydatin (Piceid), extracted from the roots of Polygonum cuspidatum Sieb, a widely used traditional Chinese remedies, possesses anti-inflammatory activity in several experimental models.",activator,HAMDB plain Activator (Autophagy in Pathway/Target)
Eupatilin,HAMDB405,22368-21-4,5273755.0,COC1=C(C=C(C=C1)C2=CC(=O)C3=C(C(=C(C=C3O2)O)OC)O)OC,Activator,Autophagy; Cell Cycle/DNA Damage; NF-¦ÊB,Autophagy; PPAR,"Eupatilin, a flavone derived from Artemisia princepsPampanini, has various pharmacological activities, including antioxidant, anti-tumor, and anti-inflammatory capacities. IC50 value: Target: In vitro: The present study aimed to investigate the effects of eupatilin on this malignant bone tumor, using the U-2 OS cell line. The experimental results revealed that eupatilin inhibited U-2 OS cell growth in a concentration-dependent manner and induced G2/M phase cell cycle arrest and apoptosis. Eupatilin reduced U937 cells adhesion to TNF-¦Á-stimulated HUVECs and attenuated TNF-¦Á-induced the expression of vascular cell adhesion molecule-1 (VCAM-1) and intercellular adhesion molecule-1 (ICAM-1) in HUVECs, as well as the production of intracellular reactive oxygen species (ROS). Moreover, eupatilininhibits TNF-¦Á-induced phosphorylation of NF-kB p65 and MAPKs in HUVECs. In vivo:",activator,HAMDB plain Activator (Autophagy in Pathway/Target)
Sildenafil,HAMDB406,139755-83-2,5212.0,CCCC1=NN(C2=C1NC(=NC2=O)C3=C(C=CC(=C3)S(=O)(=O)N4CCN(CC4)C)OCC)C,Activator,Autophagy; Metabolic Enzyme/Protease,Autophagy; Phosphodiesterase (PDE),Sildenafil is a potent phosphodiesterase type 5 (PDE5) inhibitor with IC50 of 5.22 nM.,activator,HAMDB plain Activator (Autophagy in Pathway/Target)
Metyrapone,HAMDB407,54-36-4,4174.0,CC(C)(C1=CN=CC=C1)C(=O)C2=CN=CC=C2,Activator,Autophagy; Metabolic Enzyme/Protease,Autophagy; Cytochrome P450,"Metyrapone is an inhibitor of cytochrome P450-mediated ¦Ø/¦Ø-1 hydroxylase activity and CYP11B1. Target: CYP11B1 Metyrapone is a drug used in the diagnosis of adrenal insufficiency and occasionally in the treatment of Cushing's syndrome (hypercortisolism). Metyrapone blocks cortisol synthesis by reversibly inhibiting steroid 11¦Â-hydroxylase. This stimulates ACTH secretion, which in turn increases plasma 11-Deoxycortisol levels.",activator,HAMDB plain Activator (Autophagy in Pathway/Target)
Bisdemethoxycurcumin,HAMDB408,33171-05-0,5315472.0,C1=CC(=CC=C1C=CC(=O)CC(=O)C=CC2=CC=C(C=C2)O)O,Activator,Autophagy; Apoptosis,Autophagy; Apoptosis,"Bisdemethoxycurcumin(Curcumin III; Didemethoxycurcumin) is a natural derivative of curcumin with anti-inflammatory and anti-cancer activities. IC50 value: Target: Anticancer natural compound in vitro: BDMC-induced apoptosis was mediated by a combinatory inhibition of cytoprotective proteins, such as Bcl2 and heme oxygenase-1 and increased generation of reactive oxygen species. Intriguingly, BDMC-induced apoptosis was reversed with co-treatment of sr144528, a cannabinoid receptor (CBR) 2 antagonist, which was confirmed with genetic downregulation of the receptor using siCBR2. Induction of cell cycle arrest in HepG2 cells by NB and BDCur in combination was evidenced by accumulation of the G2/M cell population. Further investigation on the molecular mechanism showed that NB and BDCur in combination resulted in a significant decrease in the expression level of Cdc2 and cyclin B. BDMC treatment activated Sirt1/AMPK signaling pathway. Moreover, downregulating Sirt1 by the pharmacological inhibitor nicotianamine or small interfering RNA blocked BDMC-mediated protection against t-BHP-mediated decrease in proliferation [4]. in vivo: human gastric adenocarcinoma xenograft model was generated in vivo using nude mice and BDMC was observed to suppress the growth and activity of tumors, in addition to improving the physical and mental capacity of the mice.",activator,HAMDB plain Activator (Autophagy in Pathway/Target)
Cucurbitacin B,HAMDB409,6199-67-3,5281316.0,CC(=O)OC(C)(C)C=CC(=O)C(C)(C1C(CC2(C1(CC(=O)C3(C2CC=C4C3CC(C(=O)C4(C)C)O)C)C)C)O)O,Activator,Autophagy; Cytoskeleton,Autophagy; Integrin,"Cucurbitacin B belongs to a class of highly oxidized tetracyclic triterpenoids; could repress cancer cell progression. IC50 value: Target: anticancer natural compound in vitro: Cucurbitacin-B inhibited growth and modulated expression of cell-cycle regulators in SHSY5Y cells. At the molecular level, we found that Cucurbitacin-B inhibited AKT signaling activation through up-regulation of PTEN. CuB induced apoptosis of A549 cells in a -concentration-dependent manner, as determined by fluorescence microscopy, flow cytometry and transmission electron microscopy. CuB dose-dependently inhibited lung cancer cell proliferation, with cell cycle inhibition and cyclin B1 downregulation. Apoptosis induced by CuB was shown to be associated with cytochrome c release, B-cell lymphoma 2 downregulation and signal transducer and activator of transcription 3 pathway inhibition. CuB inhibited ITGA6 and ITGB4 (integrin ¦Á6 and integrin ¦Â4), which are overexpressed in breast cancer. Furthermore, CuB also induced the expression of major ITGB1and ITGB3, which are known to cause integrin-mediated cell death [3]. Cuc B treatment caused DNA double-strand breaks (DSBs) without affecting the signal transducer and activator of transcription 3 (STAT3), the potential molecular target for Cuc B. Cuc B triggers ATM-activated Chk1-Cdc25C-Cdk1, which could be reversed by both ATM siRNA and Chk1 siRNA. Cuc B also triggers ATM-activated p53-14-3-3-¦Ò pathways, which could be reversed by ATM siRNA [4]. in vivo: Efficacy of CuB was tested in vivo using two different orthotopic models of breast cancer. MDA-MB-231 and 4T-1 cells were injected orthotopically in the mammary fat pad of female athymic nude mice or BALB/c mice respectively. Our results showed that CuB administration inhibited MDA-MB-231 orthotopic tumors by 55%, and 4T-1 tumors by 40%. The 4T-1 cells represent stage IV breast cancer and form very aggressive tumors.",activator,HAMDB plain Activator (Autophagy in Pathway/Target)
Demethoxycurcumin,HAMDB410,22608-11-3,5469424.0,COC1=C(C=CC(=C1)C=CC(=O)CC(=O)C=CC2=CC=C(C=C2)O)O,Activator,Autophagy; Apoptosis,Autophagy; Apoptosis,"Demethoxycurcumin(Curcumin II) is a major active curcuminoid; possess anti-inflammatory properties; also exert cytotoxic effects in human cancer cells via induction of apoptosis. IC50 value: Target: in vitro: DMC significantly decreased NO secretion by 35-41% in our inflamed cell model. Decrease in NO production by DMC was concomitant with down-regulation of iNOS at mRNA and protein levels compared to proinflammatory cytokine cocktail and LPS-treated controls. Mechanism of action of DMC may be partly due to its potent inhibition of the iNOS pathway. BDMCCN has the strongest inhibitory activity toward BACE-1 with 17 ¦ÌM IC50, which was 20 and 13 times lower than those of CCN and DMCCN respectively. Genes associated with DNA damage and repair, cell-cycle check point and apoptosis could be altered by DMC; in particular, 144 genes were found up-regulated and 179 genes down-regulated in NCI-H460 cells after exposure to DMC. in vivo: At low doses, both the curcuminoid mixture and curcumin I did not affect brain stimulation reward, whereas, higher doses increased ICSS thresholds. Curcumin II and curcumin III did not affect brain stimulation reward at any doses. Subthreshold doses of the curcuminoid mixture and curcumin I inhibited the reward-facilitating effect of morphine.",activator,HAMDB plain Activator (Autophagy in Pathway/Target)
Tacrolimus monohydrate,HAMDB411,109581-93-3,5282315.0,CC1CC(C2C(CC(C(O2)(C(=O)C(=O)N3CCCCC3C(=O)OC(C(C(CC(=O)C(C=C(C1)C)CC=C)O)C)C(=CC4CCC(C(C4)OC)O)C)O)C)OC)OC.O,Activator,Autophagy,Autophagy,Tacrolimus monohydrate binds to FK506 binding protein (FKBP). This complex inhibits calcineurin phosphatase (PP2B). Tacrolimus monohydrate is a mTOR-independent autophagy inducer.,activator,HAMDB plain Activator (Autophagy in Pathway/Target)
Topotecan,HAMDB412,123948-87-8,60700.0,CCC1(C2=C(COC1=O)C(=O)N3CC4=C(C3=C2)N=C5C=CC(=C(C5=C4)CN(C)C)O)O,Activator,Autophagy; Cell Cycle/DNA Damage,Autophagy; Topoisomerase,"Topotecan is a Topoisomerase I inhibitor. The IC50 values of Topotecan at 24 h are 2.73¡À0.25 ¦ÌM of U251 cells, 2.95¡À0.23 ¦ÌM of U87 cells, 5.46¡À0.41 ¦ÌM of GSCs-U251 and 5.95¡À0.24 ¦ÌM of GSCs-U87.",activator,HAMDB plain Activator (Autophagy in Pathway/Target)
Fasudil,HAMDB413,103745-39-7,3547.0,C1CNCCN(C1)S(=O)(=O)C2=CC=CC3=C2C=CN=C3,Activator,Autophagy; Cell Cycle/DNA Damage; Stem Cells/Wnt; TGF-beta/Smad; Epigenetics; TGF-beta/Smad,Autophagy; PKC; ROCK,"Fasudil is a potent inhibitor of ROCK-II, PKA, PKG, PKC, and MLCK with KI of 0.33 ¦ÌM, 1.6 ¦ÌM, 1.6 ¦ÌM, 3.3 ¦ÌM and 36 ¦ÌM, respectively.",activator,HAMDB plain Activator (Autophagy in Pathway/Target)
Amiodarone,HAMDB414,1951-25-3,2157.0,CCCCC1=C(C2=CC=CC=C2O1)C(=O)C3=CC(=C(C(=C3)I)OCCN(CC)CC)I,Activator,Autophagy; Membrane Transporter/Ion Channel,Autophagy; Potassium Channel,"Amiodarone is an antiarrhythmic drug for inhibition of ATP-sensitive potassium channel with IC50 of 19.1 ¦ÌM. Target: Potassium Channel Amiodarone shows beta blocker-like and potassium channel blocker-like actions on the SA and AV nodes, increases the refractory period via sodium- and potassium-channel effects, and slows intra-cardiac conduction of the cardiac action potential, via sodium-channel effects. Amiodarone (2-butyl, 3-(4-diethylaminoethoxy, 3,5-diiodo, benzoyl) benzofuran hydrochloride), an anti-anginal drug which causes coronary dilatation and depresses myocardial oxygen consumption, was found to protect anaesthetized guinea-pigs against ouabain-induced ventricular fibrillation.2. A 5% (73.4 mM) solution of amiodarone had no local anaesthetic action on guinea-pig skin. Amiodarone proved safe in patients with severe congestive heart failure and severe myocardial damage. Its clinical efficacy was related to its electrophysiologic properties and to two unique properties: its wide safety margin and its cumulative effect.",activator,HAMDB plain Activator (Autophagy in Pathway/Target)
Ketanserin,HAMDB415,74050-98-9,3822.0,C1CN(CCC1C(=O)C2=CC=C(C=C2)F)CCN3C(=O)C4=CC=CC=C4NC3=O,Activator,Autophagy; GPCR/G protein; Neuronal Signaling; Membrane Transporter/Ion Channel,Autophagy; 5-HT Receptor; Potassium Channel,Ketanserin is a selective 5-HT receptor antagonist. Ketanserin also blocks hERG current (IhERG) in a concentration-dependent manner (IC50=0.11 ¦ÌM).,activator,HAMDB plain Activator (Autophagy in Pathway/Target)
Piperine,HAMDB416,94-62-2,638024.0,C1CCN(CC1)C(=O)C=CC=CC2=CC3=C(C=C2)OCO3,Activator,Autophagy; Membrane Transporter/Ion Channel,Autophagy; P-glycoprotein,"Piperine, a natural alkaloid isolated from Piper nigrum L, inhibits P-glycoprotein and CYP3A4 activities with an IC50 value of 61.94¡À0.054 ¦Ìg/mL in HeLa cell.",activator,HAMDB plain Activator (Autophagy in Pathway/Target)
Sanguinarine chloride,HAMDB417,5578-73-4,68635.0,C[N+]1=C2C(=C3C=CC4=C(C3=C1)OCO4)C=CC5=CC6=C(C=C52)OCO6.[Cl-],Activator,Autophagy; MAPK/ERK Pathway; Stem Cell/Wnt,Autophagy; ERK,,activator,HAMDB plain Activator (Autophagy in Pathway/Target)
SMER18,HAMDB418,944153-47-3,877863.0,CC(=CC(=O)C1=CC=C(C=C1)Cl)NC2=CC(=CC=C2)O,Activator,Autophagy,Autophagy,"SMER18 is a small molecule enhancer of rapamycin which act as a mTOR-independent autophagy inducer. Target: mTOR SMER18 induces autophagy independently of Rapamycin in mammalian cells, enhancing the clearance of autophagy substrates such as mutant huntingtin and A53T alpha-synuclein, which are associated with Huntington's disease and familial Parkinson's disease, respectively. SMER18 acts either independently or downstream of the target of Rapamycin, attenuates mutant huntingtin-fragment toxicity in Huntington's disease cell and Drosophila melanogaster models, which suggests therapeutic potential.",activator,HAMDB plain Activator (Autophagy in Pathway/Target)
Penfluridol,HAMDB419,26864-56-2,33630.0,C1CN(CCC1(C2=CC(=C(C=C2)Cl)C(F)(F)F)O)CCCC(C3=CC=C(C=C3)F)C4=CC=C(C=C4)F,Activator,Autophagy; Membrane Transporter/Ion Channel,Autophagy; Calcium Channel,"Penfluridol is a highly potent, first generation diphenylbutylpiperidine antipsychotic.",activator,HAMDB plain Activator (Autophagy in Pathway/Target)
Nordihydroguaiaretic acid,HAMDB420,500-38-9,4534.0,CC(CC1=CC(=C(C=C1)O)O)C(C)CC2=CC(=C(C=C2)O)O,Activator,Autophagy; NF-KB,Autophagy; Keap1-Nrf2,"Nordihydroguaiaretic acid (NDGA) is a natural phenolic compound isolated from the creosote bush Larrea divaricata, which has anti-tumor activities both in vitro and in vivo. Its analogs are in clinical development for use in refractory solid tumors. IC50 Value: Target: mTOR in vitro: NDGA may also direct target mTORC1 complex because NDGA suppressed amino acids- and insulin-stimulated mTORC1 and acted like rapamycin to disrupt mTOR-Raptor interaction. NDGA increased PPAR¦Á promoter activity in AML12 hepatocytes and also prevented the fatty acid suppression of PPAR¦Á expression. In contrast, PPAR¦Á siRNA abrogated the stimulatory effect of NDGA on fatty acidcatabolism. in vivo: NDGA was able to induce Nrf2 translocation in vivo in kidneys of rats submitted to both U-NX and I/R injury and to protect against renal histological damage and apoptosis. Comparison of the proportion of live mice at the age of 90% mortality was used as a surrogate for measurement of maximum lifespan;neither NDGA (p=0.12) nor aspirin (p=0.16) had a significant effect in this test. Measures of blood levels of NDGA or aspirin and its salicylicacid metabolite suggest that the observed lack of effects of NDGA or aspirin on life span in females could be related to gender differences in drug disposition or metabolism. Clinical trial: Nordihydroguaiaretic Acid in Treating Patients With Nonmetastatic Relapsed Prostate Cancer . Phase 1",activator,HAMDB plain Activator (Autophagy in Pathway/Target)
Vinorelbine,HAMDB421,71486-22-1,60780.0,CCC1=CC2CC(C3=C(CN(C2)C1)C4=CC=CC=C4N3)(C5=C(C=C6C(=C5)C78CCN9C7C(C=CC9)(C(C(C8N6C)(C(=O)OC)O)OC(=O)C)CC)OC)C(=O)OC,Activator,Autophagy; Cell Cycle/DNA Damage; Cytoskeleton,Autophagy; Microtubule/Tubulin,Vinorelbine is an anti-mitotic agent which inhibits the proliferation of Hela cells with IC50 of 1.25 nM.,activator,HAMDB plain Activator (Autophagy in Pathway/Target)
Isoalantolactone,HAMDB422,470-17-7,73285.0,CC12CCCC(=C)C1CC3C(C2)OC(=O)C3=C,Activator,Autophagy; NF-KB,Autophagy; Keap1-Nrf2,"Isoalantolactone, isolated from Inula spp., has been reported to inhibit the growth of several types of cancer cells. IC50 value: Target: In vitro: Isoalantolactone induces ROS-dependent apoptosis in U2OS cells via a novel mechanism involving inhibition of NF-¦ÊBp65 and provide the rationale for further in vivo and preclinical investigation of isoalantolactone against osteosarcoma. Isoalantolactone significantly inhibited K562/A02 cell growth by downregulating Bcr/Abl expression. Isoalantolactone also induced apoptosis via increase generation of reactive oxygen species, modulation of the protein levels of Bcl-2 family members, caspase activation, poly ADP-ribose polymerase (PARP) cleavage, and release of cytochrome c. We also observed that isoalantolactone inhibited proliferation by inducing cell cycle arrest in the S phase. In vivo: Isoalantolactone produced a 37.5% protection against MES-induced tonic seizures in mice, when administered i.p. at 15 min. prior to the MES test. The experimentally derived ED50 value for isoalantolactone, administered intraperitoneally at 15 min, before the MES test, were 336 (285¨C396) mg/kg.",activator,HAMDB plain Activator (Autophagy in Pathway/Target)
Hesperidin,HAMDB423,520-26-3,10621.0,CC1C(C(C(C(O1)OCC2C(C(C(C(O2)OC3=CC(=C4C(=O)CC(OC4=C3)C5=CC(=C(C=C5)OC)O)O)O)O)O)O)O)O,Activator,Autophagy,Autophagy; ROS,"Hesperidin (HP) is a bioflavonoid that plays a role in plant defense and is abundant in citrus species, such as grapefruit, lemon and orange. Hesperidin is used effectively as a supplemental agent in complementary therapy protocols, since it possesses biological and pharmacological properties as an effective antioxidant, anti-inflammatory, anti-carcinogenic, and anti-hypertensive agent with lipid-lowering activity[1] IC50: hesperidin (IC50=116.68¦Ìmo/L))[4] in vitro: hesperidin and linarin are two of the main constituent of Valeriana's extract exhibiting a high affinity to KATP channel, which are related to the control of Ca++ concentration and release of GABA in synaptic nerve terminal, mainly on cells of SN[2] in vivo: Hesperidin was dissolved in 1% carboxymethyl cellulose (CMC) and administered orally at a dose of 50 mg/kg for 10 consecutive days. In the control group, rats were treated with the corn oil and 1% CMC vehicle.",activator,HAMDB plain Activator (Autophagy in Pathway/Target)
Lithocholic acid,HAMDB424,434-13-9,9903.0,CC(CCC(=O)O)C1CCC2C1(CCC3C2CCC4C3(CCC(C4)O)C)C,Activator,Autophagy,Autophagy,"Lithocholic acid is a toxic secondary bile acid, causes intrahepatic cholestasis, has tumor-promoting activity. Target: Others Lithocholic acid has been used in a study to assess cholestasis and its action on several organs and tissues in rats. It has also been used in a study to investigate the regulation of hepatic phospholipid and bile acid homeostasis through SMAD3 activation by TGF¦Â. It has been implicated in human and experimental animal carcinogenesis. Preliminary in vitro research suggests that LCA selectively kills neuroblastoma cells, while sparing normal neuronal cells and is cytotoxic to numerous other malignant cell types at physiologically relevant concentrations.",activator,HAMDB plain Activator (Autophagy in Pathway/Target)
AT-101 acetic acid,HAMDB425,866541-93-7,227456.0,CC1=C(C(=C2C(=C1)C(=C(C(=C2C=O)O)O)C(C)C)O)C3=C(C=C4C(=C3O)C(=C(C(=C4C(C)C)O)O)C=O)C.CC(=O)O,Activator,Autophagy; Apoptosis,Autophagy; Bcl-2 Family,"AT101 acetic acid, the R-(-) enantiomer of Gossypol acetic acid, binds with Bcl-2, Bcl-xL and Mcl-1 with Ki of 0.32 ¦ÌM, 0.48 ¦ÌM and 0.18 ¦ÌM. IC50 Value: 0.32/0.48/0.18 uM for Bcl-2/Bcl-xL/Mcl-1 Target: Bcl-2; Bcl-xl; Mcl-1 AT-101 is orally bioavailable solvate of R-(-)-enantiomer of gossypol with potential antineoplastic activity. As a BH3 mimetic, AT-101 binds to the hydrophobic surface binding groove BH3 of the anti-apoptotic proteins Bcl-2 and Bcl-xL, blocking their heterodimerization with pro-apoptotic members of the Bcl-2 family of proteins such as Bad, Bid, and Bim; this may result in the inhibition of tumor cell proliferation and the induction of tumor cell apoptosis. AT-101 induces apoptosis in vitro through activation of caspase-9; cytotoxic to multiple myeloma and drug-resistant cell lines. AT-101 delays onset of androgen-independent growth of VCaP prostate cancer xenografts in vivo.",activator,HAMDB plain Activator (Autophagy in Pathway/Target)
Cinobufagin,HAMDB426,470-37-1,11969542.0,CC(=O)OC1C(C2(CCC3C(C24C1O4)CCC5C3(CCC(C5)O)C)C)C6=COC(=O)C=C6,Activator,Autophagy,Autophagy,"Cinobufagin, a kind of Chinese materia medica with antitumor effect, is widely used in clinical practice, especially in anti-liver cancer. IC50 value: Target: In vitro: Cinobufagin inhibited proliferation of cancer cells at doses of 0.1, 1, or 10 ¦ÌM after 2¨C4 days of culture. Cytotoxicity of cinobufagin on the DU145 and LNCaP cells was dose-dependent. Cinobufagin increased [Ca2+]i and apoptosis in cancer cells after a 24-hr culture as well as caspase 3 activities in DU145 and PC3 cells and caspase 9 activities in LNCaP cells. Cinobufagin suppresses cell proliferation and causees apoptosis in prostate cancer cells via a sequence of apoptotic modulators, including Bax, cytochrome c and caspases. In vivo:",activator,HAMDB plain Activator (Autophagy in Pathway/Target)
WYE-354,HAMDB427,1062169-56-5,44219749.0,COC(=O)NC1=CC=C(C=C1)C2=NC3=C(C=NN3C4CCN(CC4)C(=O)OC)C(=N2)N5CCOCC5,Activator,Autophagy; PI3K/Akt/mTOR,Autophagy; mTOR,"WYE-354 is a potent, specific and ATP-competitive inhibitor of mTOR with IC50 of 5 nM, blocks mTORC1/P-S6K(T389) and mTORC2/P-AKT(S473) not P-AKT(T308), selective for mTOR than PI3K¦Á (>100-fold) and PI3K¦Ã (>500-fold). IC50 value: 5 nM Target: mTOR in vitro: WYE-354 also inhibits several PI3Ks at micromolar levels. In HEK293 cells, WYE-354 (0.2 ¦ÌM¨C5 ¦ÌM) effectively inhibits both mTORC1 and mTORC2. WYE-354 (0.3 ¦ÌM¨C10 ¦ÌM) significantly blocks mTOR signaling and Akt activation in U87MG and MDA361 cells. Furthermore, WYE-354 potently inhibits proliferation in tumor cell lines including MDA-MB-361, MDA-MB-231, MDA-MB-468, LNCap, A498, and HCT116, with IC50 values ranging from 0.28 ¦ÌM to 2.3 ¦ÌM. The apoptosis induced by WYE-354 is accompanied by G1 cell cycle arrest and caspases activation. In endothelial HUVEC cells, WYE-354 (10 nM¨C1 ¦ÌM) also inhibits both mTORC1 and mTORC2 signaling, as revealed by dephosphorylation of S6 ribosomal protein and Akt, respectively. Furthermore, WYE-354 (10 nM¨C1 ¦ÌM) activates mitogen-activated protein kinase (MAPK) signaling, which may be due to its inhibition of mTORC1. in vivo: In a mice xenograft model of PTEN-null PC3MM2 tumor, WYE-354 (50 mg/kg) effectively inhibits mTOR signaling and tumor growth.",activator,HAMDB plain Activator (Autophagy in Pathway/Target)
Pyriproxyfen,HAMDB428,95737-68-1,91753.0,CC(COC1=CC=C(C=C1)OC2=CC=CC=C2)OC3=CC=CC=N3,Activator,Autophagy,Autophagy,"Pyriproxyfen is a juvenile hormone analog, preventing larvae from developing into adulthood and thus rendering them unable to reproduce. Pyriproxyfen is a pyridine-based pesticide which is found to be effective against a variety of arthropoda.",activator,HAMDB plain Activator (Autophagy in Pathway/Target)
Butein,HAMDB429,487-52-5,5281222.0,C1=CC(=C(C=C1C=CC(=O)C2=C(C=C(C=C2)O)O)O)O,Activator,Autophagy; JAK/STAT Signaling; Protein Tyrosine Kinase/RTK,Autophagy; EGFR,"Butein, a plant polyphenol isolated from Rhus verniciflua, inhibit the activation of protein tyrosine kinase and EGFR. target: EGFR In vitro: 1) Butein inhibited the activation of AKT, extracellular signal-regulated kinase (ERKs) and p38 kinases in the presence of cisplatin. 2) FoxO3a and its downstream molecules play a role in the synergistic effects of butein and cisplatin. 3) Butein suppresses cell proliferation and enhances apoptosis in paclitaxel-resistant ovarian cancer cells. 4) Butein activates FOXO3a/p27kip1 pathway in ALL cell lines. 5) Butein inhibited not only the epidermal growth factor (EGF)-stimulated auto-phosphotyrosine level of EGF receptor in HepG2 cells but also tyrosine-specific protein kinase activities of EGF receptor (IC50= 65 ¦ÌM) and p60c-src(IC50= 65 ¦ÌM) In vivo: 1) Butein in combination with cisplatin suppresses tumor growth and increases FoxO3a expression.",activator,HAMDB plain Activator (Autophagy in Pathway/Target)
CHIR-99021 trihydrochloride,HAMDB430,1782235-14-6,78243722.0,CC1=CN=C(N1)C2=CN=C(N=C2C3=C(C=C(C=C3)Cl)Cl)NCCNC4=NC=C(C=C4)C#N.Cl.Cl.Cl,Activator,Autophagy; PI3K/Akt/mTOR; Stem Cell/Wnt,Autophagy; GSK-3,"CHIR-99021 trihydrochloride is a GSK-3¦Á/¦Â inhibitor with IC50 of 10 nM/6.7 nM; > 500-fold selectivity for GSK-3 versus its closest homologs CDC2 and ERK2, as well as other protein kinases.",activator,HAMDB plain Activator (Autophagy in Pathway/Target)
Pregnenolone,HAMDB431,145-13-1,8955.0,CC(=O)C1CCC2C1(CCC3C2CC=C4C3(CCC(C4)O)C)C,Activator,Autophagy; GPCR/G protein,Autophagy; Cannabinoid Receptor,"Pregnenolone is an endogenous steroid hormone for inhibition of M1 receptor and M3 receptor-mediated currents with IC50 of 11.4 ¦ÌM and 6.0 ¦ÌM, respectively. Target: M1 receptor; M3 receptor Pregnenolone is an endogenous steroid hormone involved in the steroidogenesis of progestogens, mineralocorticoids, glucocorticoids, androgens, and estrogens, as well as the neuroactive steroids. Pregnenolone and its sulfate, like DHEA and its sulfate and progesterone, belong to the group of neurosteroids that are found in high concentrations in certain areas of the brain, and are synthesized there. Neurosteroids affect synaptic functioning, are neuroprotective, and enhance myelinization. Pregnenolone and its sulfate ester are under investigation for their potential to improve cognitive and memory functioning. Pregnenolone is also being considered as a potential treatment for schizophrenia.",activator,HAMDB plain Activator (Autophagy in Pathway/Target)
Meloxicam,HAMDB432,71125-38-7,54677470.0,CC1=CN=C(S1)NC(=O)C2=C(C3=CC=CC=C3S(=O)(=O)N2C)O,Activator,Autophagy; Immunology/Inflammation,Autophagy; COX,"Meloxicam is a nonsteroidal anti-inflammatory agent with analgesic and fever reducer effects. Target: COX-2 Meloxicam is a nonsteroidal anti-inflammatory drug (NSAID) used to relieve the symptoms of arthritis, primary dysmenorrhea, fever; and as an analgesic, especially where there is an inflammatory component. It is closely related to piroxicam. In Europe it is marketed under the brand names Movalis, Melox, and Recoxa. In North America it is generally marketed under the brand name Mobic. In Latin America, the drug is marketed as Tenaron. The pregnancy rate with meloxicam administration using the emergency contraception model was 6.5%, significantly lower than the pregnancy rate of 33.3% when vehicle without meloxicam was administered. Pregnancy rates with the three monthly contraceptive models (75%-100%) were not consistent with preventing pregnancy. OA rats receiving intra-articular meloxicam treatment showed significantly less cartilage degeneration and synovitis than saline-treated controls. Nociception were improved in the OA + meloxicam groups compared with the OA group. Moreover, meloxicam attenuated p38 and JNK but enhanced ERK expression in OA-affected cartilage.",activator,HAMDB plain Activator (Autophagy in Pathway/Target)
Dronedarone Hydrochloride,HAMDB433,141625-93-6,219025.0,CCCCC1=C(C2=C(O1)C=CC(=C2)NS(=O)(=O)C)C(=O)C3=CC=C(C=C3)OCCCN(CCCC)CCCC.Cl,Activator,Autophagy; Membrane Transporter/Ion Channel,Autophagy; Potassium Channel,"Dronedarone hydrochloride is a non-iodinated amiodarone derivative that inhibits Na+, K+ and Ca2+ currents.",activator,HAMDB plain Activator (Autophagy in Pathway/Target)
Glucosamine hydrochloride,HAMDB434,66-84-2,91431.0,C(C(C(C(C(C=O)N)O)O)O)O.Cl,Activator,Autophagy; Metabolic Enzyme/Protease,Autophagy; HIF/HIF Prolyl-Hydroxylase;,"Glucosamine (hydrochloride) is a natural product. IC50 value: Target: In vitro: Glucosamine hydrochloride exhibited dose-dependent DPPH antioxidant activity. Short-term (4 h) glucosamine hydrochloride treatment inhibited HIF-1¦Á at the protein level, decreased phosphorylation of p70S6K and S6, translation-related proteins. In the obstructed kidneys and TGF-¦Â1-treated renal cells, glucosamine hydrochloride significantly decreased renal expression of ¦Á-smooth muscle actin, collagen I, and fibronectin. In vivo:",activator,HAMDB plain Activator (Autophagy in Pathway/Target)
Baicalin,HAMDB435,21967-41-9,64982.0,C1=CC=C(C=C1)C2=CC(=O)C3=C(C(=C(C=C3O2)OC4C(C(C(C(O4)C(=O)O)O)O)O)O)O,Activator,Autophagy; NF-¦ÊB,Autophagy; NF-¦ÊB,"Baicalin, one the effective compositions of scutellaria baicalensis, possesses multiple properities such as antioxidant, anti-tumor, anti-HIV, treating cardiovascular disease and so on. IC50 value: Target: In vitro: Baicalin could significantly attenuate OGD/RO mediated apoptotic cell significantly attenuate OGD/RO mediated apoptotic cell death in SH-SY5Y cells; the apoptosis rates in the low-, medium- and high-dose baicalin groups were 12.1%, 7.9%, and 5.4%, death in SH-SY5Y cells. That down-regulation of NF-¦ÊB and NMDAR1 remarkable decrease was noted in the medium- and high-dose groups. In vivo: In the olfactory bulbectomy (OBX) depression rat model, baicalin modulated the levels or activity of malondialdehyde, superoxide dismutase, and glutathione peroxidase and prevented apoptotic protease-activating factor-1 expression, effectively suppressing caspase-mediated apoptosis signalling cascades.",activator,HAMDB plain Activator (Autophagy in Pathway/Target)
A-317491 sodium salt hydrate,HAMDB436,,71576673.0,C1CC(C2=CC=CC=C2C1)N(CC3=CC(=CC=C3)OC4=CC=CC=C4)C(=O)C5=CC(=C(C=C5C(=O)O)C(=O)O)C(=O)O.O.[Na+],Activator,Autophagy; Membrane Transporter/Ion Channel,Autophagy; P2X Receptor,"A-317491 is a non-nucleotide P2X3 and P2X2/3 receptor antagonist, which inhibits calcium flux mediated by the receptors. IC50 value: Target: P2X2/3 receptor It is known that P2X3 and P2X2/3 receptors stimulate the pronociceptive effects of ATP upon activation. Studies indicate that the P2X3 receptor is implicated in both neuropathic and inflammatory pain. P2X3 receptor is a promising target for therapeutic intervention in cancer patients for pain management",activator,HAMDB plain Activator (Autophagy in Pathway/Target)
Aliskiren,HAMDB437,173334-57-1,5493444.0,CC(C)C(CC1=CC(=C(C=C1)OC)OCCCOC)CC(C(CC(C(C)C)C(=O)NCC(C)(C)C(=O)N)O)N,Activator,Autophagy; Metabolic Enzyme/Protease,Renin,"Aliskiren(CGP 60536) is a direct renin inhibitor with IC50 of 1.5 nM. IC50 value: 1.5 nM Target: renin in vitro: Aliskiren hemifumarate appears to bind to both the hydrophobic S1/S3-binding pocket and to a large, distinct subpocket that extends from the S3-binding site towards the hydrophobic core of renin. Oral bioavailability of Aliskiren hemifumarate is 2.4% in rats, 16% in marmosets and about 2.5% in humans. in vivo: Aliskiren hemifumarate (< 10 mg/kg, oral) inhibits plasma renin activity and lowers blood pressure in sodium-depleted marmosets.Once-daily oral treatment with Aliskiren hemifumarate lowers blood pressure effectively, with a safety and tolerability profile, in patients with mild-to-moderate hypertension.",activator,HAMDB plain Activator (Autophagy in Pathway/Target)
Scriptaid,HAMDB438,287383-59-9,5186.0,C1=CC2=C3C(=C1)C(=O)N(C(=O)C3=CC=C2)CCCCCC(=O)NO,Activator,Autophagy; Cell Cycle/DNA Damage; Epigenetics,Autophagy; HDAC,"Scriptaid(Scriptide; GCK-1026) is an inhibitor of HDAC; shows a greater effect on acetylated H4 than H3. IC50 Value: Target: HDAC in vitro: Scriptaid induces high rates of somatic cell nuclear transfer (SCNT) oocytes development to the blastocyst stage and allowed full-term development (3.4, 4.2, 7.6, 6.8, and 4.1%) with all concentrations (50, 100, 250, 500, and 2000 nM respectively). Scriptaid improves the full-term development of cloned B6D2F1embryos in a dose-dependent manner with the maximum effect at 250 nM. Scriptaid enables the clone of all the important inbred mouse strains, such as C57BL/6, C3H/He, DBA/2, and 129/Sv. Scriptaid treatment enhances newly synthesized mRNA levels in cloned embryos. 250 nM Scriptaid treated for up to 48 h, does not inhibit the development of ICSI-fertilized embryos. Scriptaid inhibits T. gondii tachyzoite proliferation with IC50 of 39 nM. Scriptaid (0.225 ¦ÌM) completely protects the HS68 monolayers from T. gondii tachyzoite. in vivo: Scriptaid elicits a dose-dependent decrease in lesion size (a maximal decrease of 45%) at 1.5 to 5.5 mg/kg and a concomitant attenuation in motor and cognitive deficits when delivered 30 minutes postinjury in a model of mode rate TBI. Comparable protection is achieved even when treatment is delayed to 12 h postinjury. The protection of motor and cognitive functions is long lasting, as similar improvements are detected 35 days postinjury. Scriptaid induces an increase in surviving neurons (42%), as well as the number/length of their processes within the CA3 region of the hippocampus and the pericontusional cortex. Scriptaid treatment prevents the decrease in phospho-AKT (p-AKT) and phosphorylated phosphatase and tensin homolog deleted on chromosome 10 ( p-PTEN) induced by TBI in cortical and CA3 hippocampal neurons. Scriptaid treatment (3.5 mg/kg) clearly inhibits tumor growth in a human breast cancer xenograft MDA-MB-231 model, reducing tumor volume by 75%.",activator,HAMDB plain Activator (Autophagy in Pathway/Target)
Pentoxifylline,HAMDB439,6493-05-6,4740.0,CC(=O)CCCCN1C(=O)C2=C(N=CN2C)N(C1=O)C,Activator,Autophagy; Metabolic Enzyme/Protease,PDE,"Pentoxifylline is a competitive nonselective phosphodiesterase inhibitor. Target: PDE Pentoxifylline is a competitive nonselective phosphodiesterase inhibitor which raises intracellular cAMP, activates PKA, inhibits TNF and leukotriene synthesis, and reduces inflammation and innate immunity. In addition, pentoxifylline improves red blood cell deformability, reduces blood viscosity and decreases the potential for platelet aggregation and thrombus formation. Pentoxifylline is also an antagonist at adenosine 2 receptors. Pentoxifylline is generally well tolerated. Based on the totality of the available evidence, it is possible that pentoxifylline could have a place in the treatment of IC as a means of improving walking distance and as a complimentary treatment assuming all other essential measures such as lifestyle change, exercise and treatment for secondary prevention have been taken into account. Pentoxifylline reduce AST and ALT levels and may improve liver histological scores in patients with NALFD/NASH, but did not appear to affect cytokines. Large, prospective, and well-designed randomized, controlled studies are needed to address this issue.",activator,HAMDB plain Activator (Autophagy in Pathway/Target)
Lasalocid,HAMDB440,25999-31-9,5360807.0,CCC(C1C(CC(O1)(CC)C2CCC(C(O2)C)(CC)O)C)C(=O)C(C)C(C(C)CCC3=C(C(=C(C=C3)C)O)C(=O)O)O,Activator,Infection,Autophagy; Bacterial,"Lasalocid is an antibacterial agent and a coccidiostat, used in the feed additives",activator,HAMDB plain Activator (Autophagy in Pathway/Target)
CX546,HAMDB441,215923-54-9,2890.0,C1CCN(CC1)C(=O)C2=CC3=C(C=C2)OCCO3,Activator,Autophagy,Autophagy; iGluR,"CX546 is a selective positive AMPAR modulator; the prototypical ampakine agent. IC50 value: Target: AMPAR agonist in vitro: Treatments with the ampakine CX614 markedly and reversibly increased brain-derived neurotrophic factor (BDNF) mRNA and protein levels in cultured rat entorhinal/hippocampal slices. in contrast to cyclothiazide or IDRA 21, the Ampakine CX546 binds specifically to the agonist bound nondesensitized receptor, most likely acting by destabilizing the desensitized receptor conformation. In binding tests, CX546 caused an approximately 2-fold increase in the affinity for radiolabeled agonists, whereas CX516 was ineffective. in vivo: Intraperitoneal injections of CX546 increased hippocampal BDNF mRNA levels in aged rats and middle-aged mice. Administration of the positive modulator of alpha-amino-3-hydroxy-5-methyl-4-isoxazole-propionic acid receptors (AMPAR), CX546, during the conditioning phase only, improved the disrupted LI in mGluR5 knockout mice and facilitated LI in control C57BL/6J mice, given extended number of conditioning trails (four conditioning stimulus-unconditioned stimulus).",activator,HAMDB plain Activator (Autophagy in Pathway/Target)
Purvalanol A,HAMDB442,212844-53-6,456214.0,CC(C)C(CO)NC1=NC2=C(C(=N1)NC3=CC(=CC=C3)Cl)N=CN2C(C)C,Activator,Autophagy; Cell Cycle/DNA Damage,Autophagy; CDK,"Purvalanol A(NG-60) is a potent, cell-permeable, and selective inhibitor of cyclin-dependent kinases (CDKs) with IC50 values of 4, 70, 35, 850, and 75 nM for cdc2/cyclin B, Cdk2/cyclin A, Cdk2/cyclin E, Cdk4/cyclin D1 and Cdk5-p35, respectively. IC50 value: Target: CDKs inhibitor in vitro: Purvalanol A reversibly arrests synchronized cells in the G1 and G2 phase of the cell cycle, inhibiting both cell proliferation and cell death. At 10 ¦ÌM, purvalanol A potently suppresses the anchorage-independent growth of c-Src-transformed cells as well as HT29 and SW48 human colon cancer cells.",activator,HAMDB plain Activator (Autophagy in Pathway/Target)
SMER28,HAMDB443,307538-42-7,1560402.0,C=CCNC1=NC=NC2=C1C=C(C=C2)Br,Activator,Autophagy;,Autophagy;,"SMER28 is a small molecule modulator of autophagy acting via an mTOR-independent mechanism, prevented the accumulation of amyloid beta peptide.",activator,HAMDB plain Activator (Autophagy in Pathway/Target)
D-Glutamine,HAMDB444,5959-95-5,145815.0,C(CC(=O)N)C(C(=O)O)N,Activator,Autophagy,Autophagy,"D-Glutamine is a cell-permeable D type stereoisomer of Glutamine.
Target:
InVitro: Glutamine is a key amino acid in the central nervous system (CNS), playing an important role in the glutamate/GABA-Glutamine cycle (GGC).",activator,HAMDB plain Activator (Autophagy in Pathway/Target)
STF-62247,HAMDB445,315702-99-9,704473.0,CC1=CC(=CC=C1)NC2=NC(=CS2)C3=CC=NC=C3,Activator,Autophagy,Autophagy,"STF-62247 is TGN inhibitor with IC50 of 0.625¦ÌM and 16¦ÌM in RCC4 and RCC4/VHL cells,respectively.It specifically induces autophagic cell death in cells that have lost VHL, an essential mutation in the development of RCC.
IC50: 0.625/16¦ÌM in RCC4 and RCC4/VHL cells,respectively.[1]
In vitro: STF-62247 induces cytotoxicity in VHL-deficient cells in a HIF-independent manner, STF-62247 increases acidification in VHL-deficient cells ,TGN is a target of STF-62247 and a drug-selective pathway synthetically lethal in VHL-deficient cells.[1] Golgi trafficking are required as initial signals in STF-62247-induced autophagy.[2]STF-62247 increases radiosensitivity in a VHL-dependent manner.[3]
In vivo: SN12C, SN12C-VHL shRNA, or 786-O cells were implanted subcutaneously into the flanks of immunodeficient mice.",activator,HAMDB plain Activator (Autophagy in Pathway/Target)
RAF265,HAMDB446,927880-90-8,11656518.0,CN1C2=C(C=C(C=C2)OC3=CC(=NC=C3)C4=NC=C(N4)C(F)(F)F)N=C1NC5=CC=C(C=C5)C(F)(F)F,Activator,Autophagy; MAPK/ERK Pathway; Protein Tyrosine Kinase/RTK;,Autophagy; Raf; VEGFR;,"RAF265 (CHIR-265) is a potent selective inhibitor of C-Raf/B-Raf/B-Raf V600E with IC50 of 3-60 nM, and exhibits potent inhibition on VEGFR2 phosphorylation with EC50 of 30 nM.
IC50 value: 3-60 nM (B-Raf); 30 nM(EC50 for VEGFR2) [1]
Target: B-Raf; VEGFR2; B-Raf V600E
in vitro: RAF265 inhibits C-Raf, wild type B-Raf and mutant (V600E) B-Raf.",activator,HAMDB plain Activator (Autophagy in Pathway/Target)
AG1024,HAMDB447,65678-07-1,2044.0,CC(C)(C)C1=C(C(=CC(=C1)C=C(C#N)C#N)Br)O,Activator,Autophagy; Protein Tyrosine Kinase/RTK;,Autophagy; IGF-1R;,"AG-1024 (Tyrphostin) inhibits IGF-1R autophosphorylation with IC50 of 7 ¦ÌM,  less potent to IR with IC50 of 57 ¦ÌM.
IC50 value: 7 uM (IGF-1R autophosphorylation); 57 uM (IR) [1]
Target: IGF-1R; IR
in vitro: AG-1024 blocks the IGF-1 receptor and IR autophosphorylation with IC50 of 7 ¦ÌM and 57 ¦ÌM, respectively.",activator,HAMDB plain Activator (Autophagy in Pathway/Target)
Brivanib (alaninate),HAMDB448,649735-63-7,11154925.0,CC1=CC2=C(N1)C=CC(=C2F)OC3=NC=NN4C3=C(C(=C4)OCC(C)OC(=O)C(C)N)C,Activator,Autophagy; Protein Tyrosine Kinase/RTK;,Autophagy; VEGFR;,"Brivanib alaninate(BMS582664) is an ATP-competitive inhibitor against VEGFR2 with IC50 of 25 nM, moderate potency against VEGFR-1 and FGFR-1, but >240-fold against PDGFR-¦Â.
IC50 value: 25 nM
Target: VEGFR2
in vitro: Brivanib also inhibits VEGFR1 and FGFR-1 with IC50 of 0.38 ¦ÌM and 0.148 ¦ÌM.",activator,HAMDB plain Activator (Autophagy in Pathway/Target)
Ketanserin (tartrate),HAMDB449,83846-83-7,16219944.0,C1CN(CCC1C(=O)C2=CC=C(C=C2)F)CCN3C(=O)C4=CC=CC=C4NC3=O.C(C(C(=O)O)O)(C(=O)O)O,Activator,Autophagy; Membrane Transporter/Ion Channel; GPCR/G protein; Neuronal Signaling;,Autophagy; Potassium Channel; 5-HT Receptor; 5-HT Receptor;,Ketanserin tartrate is a selective <b>5-HT receptor</b> antagonist.,activator,HAMDB plain Activator (Autophagy in Pathway/Target)
A-867744,HAMDB450,1000279-69-5,23642319.0,CCC(=O)C1=C(N(C(=C1)C2=CC=C(C=C2)Cl)C3=CC=C(C=C3)S(=O)(=O)N)C,Activator,Autophagy; Neuronal Signaling; Membrane Transporter/Ion Channel;,Autophagy; nAChR; nAChR;,"A-867744 is a positive allosteric modulator of ¦Á7 nAChRs (IC50 values are 0.98 and 1.12 ¦ÌM for human and rat ¦Á7 receptor ACh-evoked currents respectively, in X.",activator,HAMDB plain Activator (Autophagy in Pathway/Target)
Tizoxanide,HAMDB451,173903-47-4,394397.0,C1=CC=C(C(=C1)C(=O)NC2=NC=C(S2)[N+](=O)[O-])O,Activator,Autophagy; Anti-infection;,Autophagy; Antibacterial;,"Tizoxanide is the active metabolite of Nitazoxanide, which is a thiazolide anti-infective compound against anaerobic bacteria, protozoa, and a range of viruses.
IC50 value: 
Target: Antiviral agent
in vitro: Tizoxanide inhibited virus replication of all CIVs with 50% and 90% inhibitory concentrations ranging from 0.17 to 0.21 ¦ÌM and from 0.60 to 0.76 ¦ÌM, respectively [2].",activator,HAMDB plain Activator (Autophagy in Pathway/Target)
Bromocriptine (mesylate),HAMDB452,22260-51-1,31100.0,CC(C)CC1C(=O)N2CCCC2C3(N1C(=O)C(O3)(C(C)C)NC(=O)C4CN(C5CC6=C(NC7=CC=CC(=C67)C5=C4)Br)C)O.CS(=O)(=O)O,Activator,Autophagy; Neuronal Signaling; GPCR/G protein;,Autophagy; Dopamine Receptor; Dopamine Receptor;,"Bromocriptine mesylate is a potent <b>dopamine D2/D3 receptor</b> agonist, which binds D2 dopamine receptor with <b>pK<sub>i</sub></b> of 8.05¡À0.2.
pKi & Target: 8.05¡À0.2 (dopamine D2 receptor)<sup>[1]</sup>
InVitro: Bromocriptine stimulates [<sup>35</sup>S]-GTP¦ÃS binding at D2 dopamine receptor expressed in CHO cells with pEC<sub>50</sub> of 8.15¡À0.05<sup>[1]</sup>.",activator,HAMDB plain Activator (Autophagy in Pathway/Target)
L-779450,HAMDB453,303727-31-3,9950176.0,C1=CC=C(C=C1)C2=NC(=C(N2)C3=CC=NC=C3)C4=CC(=C(C=C4)Cl)O,Activator,Autophagy; MAPK/ERK Pathway;,Autophagy; Raf;,"L-779450 is a potent, ATP-competitive Raf kinase inhibitor (IC50 =10 nM) that displays > 7, > 30 and > 70-fold selectivity over p38¦Á, GSK3¦Â and Lck respectively.
IC50 value:
Target: Raf inhibitor
L-779450 suppressed DNA synthesis and induced apoptosis in hematopoietic FDC-P1 cells transformed to grow in response to either Raf-1 or A-Raf (FD/DeltaRaf-1:ER and FD/DeltaA-Raf:ER), but it displayed less effects on DNA synthesis and apoptosis when the cells were cultured in IL-3.",activator,HAMDB plain Activator (Autophagy in Pathway/Target)
Cediranib (maleate),HAMDB454,857036-77-2,11226834.0,CC1=CC2=C(N1)C=CC(=C2F)OC3=NC=NC4=CC(=C(C=C43)OC)OCCCN5CCCC5.C(=CC(=O)O)C(=O)O,Activator,Autophagy; Protein Tyrosine Kinase/RTK;,Autophagy; VEGFR;,"Cediranib (AZD2171) maleate is a highly potent VEGFR(KDR) inhibitor with IC50 of <1 nM, also inhibits Flt1/4 with IC50 of 5 nM/¡Ü3 nM, similar activity against c-Kit and PDGFR¦Â, 36-, 110-fold and >1000-fold selective more for VEGFR than PDGFR-¦Á, CSF-1R and Flt3.
IC50 value: 0.5 nM (VEGFR2); 5 nM/¡Ü3 nM(Flt1/4) [1]
Target: VEGFR2; Flt1/4
in vitro: Cediranib maleate inhibits VEGF-stimulated proliferation with IC50 of 0.4 nM.",activator,HAMDB plain Activator (Autophagy in Pathway/Target)
Isobavachalcone,HAMDB455,20784-50-3,5281255.0,CC(=CCC1=C(C=CC(=C1O)C(=O)C=CC2=CC=C(C=C2)O)O)C,Activator,Autophagy,Autophagy,"Isobavachalcone(Corylifolinin) is a chalcone constituent of Angelica keiskei, induces apoptosis in neuroblastoma.
IC50 value:
Target: 
Isobavachalcone inhibits platelet aggregation.",activator,HAMDB plain Activator (Autophagy in Pathway/Target)
NVP-BGT226,HAMDB456,1245537-68-1,57336745.0,CN1C2=CN=C3C=CC(=CC3=C2N(C1=O)C4=CC(=C(C=C4)N5CCNCC5)C(F)(F)F)C6=CN=C(C=C6)OC.C(=CC(=O)O)C(=O)O,Activator,Autophagy; PI3K/Akt/mTOR;,Autophagy; PI3K;,"NVP-BGT226(BGT 226) is a novel class I PI3K/mTOR inhibitor for PI3K¦Á/¦Â/¦Ã with IC50 of 4 nM/63 nM/38 nM.
IC50 value: 4 nM/63 nM/38 nM(PI3K¦Á/¦Â/¦Ã) [1]
Target: PI3K
in vitro: The anti-proliferative and pro-apoptotic effects of NVP-BGT226 are independent of bcr-abl status.",activator,HAMDB plain Activator (Autophagy in Pathway/Target)
Rupatadine (Fumarate),HAMDB457,182349-12-8,6449107.0,CC1=CC(=CN=C1)CN2CCC(=C3C4=C(CCC5=C3N=CC=C5)C=C(C=C4)Cl)CC2.C(=CC(=O)O)C(=O)O,Activator,Autophagy; Neuronal Signaling; GPCR/G protein;,Autophagy; 5-HT Receptor; 5-HT Receptor;,"Rupatadine Fumarate (UR-12592 Fumarate) is a potent dual PAF/H1 antagonist with Ki of 0.55/0.1 uM(rabbit platelet membranes/guinea pig cerebellum membranes).
IC50 value:
Target: PAF/H1 antagonist
in vitro: Rupatadine competitively inhibited histamine-induced guinea pig ileum contraction (pA2 = 9.29 +/- 0.06) without affecting contraction induced by ACh, serotonin or leukotriene D4 (LTD4).",activator,HAMDB plain Activator (Autophagy in Pathway/Target)
Gemcitabine (elaidate),HAMDB458,210829-30-4,9828310.0,CCCCCCCCC=CCCCCCCCC(=O)OCC1C(C(C(O1)N2C=CC(=NC2=O)N)(F)F)O,Activator,Autophagy; Cell Cycle/DNA Damage;,Autophagy; Nucleoside antimetabolite/analog;,"Gemcitabine elaidate(CP-4126; CO-101) is a lipophilic, unsaturated fatty acid ester derivative of gemcitabine (dFdC), an antimetabolite deoxynucleoside analogue, with potential antineoplastic activity.
IC50 value:
Target: Gemcitabine analog
Upon hydrolysis intracellularly by esterases, the prodrug gemcitabine is converted into the active metabolites difluorodeoxycytidine di- and tri-phosphate (dFdCDP and dFdCTP) by deoxycytidine kinase.",activator,HAMDB plain Activator (Autophagy in Pathway/Target)
¦Â-Lapachone,HAMDB459,4707-32-8,3885.0,CC1(CCC2=C(O1)C3=CC=CC=C3C(=O)C2=O)C,Activator,Autophagy; Cell Cycle/DNA Damage; Metabolic Enzyme/Protease;,"Autophagy; Topoisomerase; Indoleamine 2,3-Dioxygenase (IDO);","¦Â-Lapachone(ARQ-501; beta-lapachone) is a naturally occurring quinone obtained from the bark of the lapacho tree (Tabebuia avellanedae) with cancer chemopreventive properties; potent inhibitor of IDO1(IC50=0.44 uM).
IC50 value: 0.44 uM (IDO1)
Target: IDO1 inhibitor; anticancer agent
in vitro: ¦Â-Lapachone markedly induced cell death without caspase activation.",activator,HAMDB plain Activator (Autophagy in Pathway/Target)
Cisatracurium (besylate),HAMDB460,96946-42-8,62886.0,C[N+]1(CCC2=CC(=C(C=C2C1CC3=CC(=C(C=C3)OC)OC)OC)OC)CCC(=O)OCCCCCOC(=O)CC[N+]4(CCC5=CC(=C(C=C5C4CC6=CC(=C(C=C6)OC)OC)OC)OC)C.C1=CC=C(C=C1)S(=O)(=O)[O-].C1=CC=C(C=C1)S(=O)(=O)[O-],Activator,Autophagy; Neuronal Signaling; Membrane Transporter/Ion Channel;,Autophagy; nAChR; nAChR;,"Cisatracurium Besylate is a nondepolarizing neuromuscular blocking agent, antagonizing the action of acetylcholine by inhibiting neuromuscular transmission.
Target: AChR alpha-2
Cisatracurium is a neuromuscular-blocking drug or skeletal muscle relaxant in the category of non-depolarizing neuromuscular-blocking drugs, used adjunctively in anesthesia to facilitate endotracheal intubation and to provide skeletal muscle relaxation during surgery or mechanical ventilation.",activator,HAMDB plain Activator (Autophagy in Pathway/Target)
Pirarubicin,HAMDB461,72496-41-4,636397.0,CC1C(C(CC(O1)OC2CC(CC3=C(C4=C(C(=C23)O)C(=O)C5=C(C4=O)C=CC=C5OC)O)(C(=O)CO)O)N)OC6CCCCO6,Activator,Autophagy; Cell Cycle/DNA Damage;,Autophagy; Topoisomerase;,"Pirarubicin is an analogue of the anthracycline anti-neoplastic doxorubicin, which is an inhibitor of Topo II
Target: Topoisomerase
Pirarubicin is an anthracycline drug.",activator,HAMDB plain Activator (Autophagy in Pathway/Target)
Silibinin,HAMDB462,22888-70-6,31553.0,COC1=C(C=CC(=C1)C2C(OC3=C(O2)C=C(C=C3)C4C(C(=O)C5=C(C=C(C=C5O4)O)O)O)CO)O,Activator,Autophagy,Autophagy,"Silibinin, an effective anti-cancer and chemopreventive agent, has been shown to exert multiple effects on cancer cells, including inhibition of both cell proliferation and migration.
IC50 value:
Target: anticancer
in vitro: silibinin significantly induced the expression of the non-steroidal anti-inflammatory drug-activated gene-1 (NAG-1) in both p53 wild-type and p53-null cancer cell lines, suggesting that silibinin-induced NAG-1 up-regulation is p53-independent manner.Silibinin up-regulates early growth response-1 (EGR-1) expression [1].",activator,HAMDB plain Activator (Autophagy in Pathway/Target)
Pemetrexed (disodium hemipenta hydrate) (1:2:2.5),HAMDB463,357166-30-4,53486390.0,C1=CC(=CC=C1CCC2=CNC3=C2C(=O)N=C(N3)N)C(=O)NC(CCC(=O)[O-])C(=O)[O-].C1=CC(=CC=C1CCC2=CNC3=C2C(=O)N=C(N3)N)C(=O)NC(CCC(=O)[O-])C(=O)[O-].O.O.O.O.O.[Na+].[Na+].[Na+].[Na+],Activator,Autophagy; Cell Cycle/DNA Damage;,Autophagy; Antifolate;,"Pemetrexed is a novel antifolate and antimetabolite for TS, DHFR and GARFT with Ki of 1.3 nM, 7.2 nM and 65 nM, respectively.
IC50 Value: 1.3 nM(Ki for TS); 7.2nM(DHFR); 65 nM(GARFT)
Target: Antifolate
in vitro: The Ki values of the pentaglutamate of LY231514 are 1.3, 7.2, and 65 nM for inhibition against TS, DHFR, and GARFT, respectively.",activator,HAMDB plain Activator (Autophagy in Pathway/Target)
PD168393,HAMDB464,194423-15-9,4708.0,C=CC(=O)NC1=CC2=C(C=C1)N=CN=C2NC3=CC(=CC=C3)Br,Activator,Autophagy; JAK/STAT Signaling;,Autophagy; EGFR;,"PD168393 is an potent, cell-permeable, irreversible EGFR inhibitor with IC50 of 0.70 nM, irreversibly alkylate Cys-773, inactive against insulin, PDGFR, FGFR and PKC.",activator,HAMDB plain Activator (Autophagy in Pathway/Target)
Latrepirdine (dihydrochloride),HAMDB465,97657-92-6,23729232.0,CC1=CC2=C(C=C1)N(C3=C2CN(CC3)C)CCC4=CN=C(C=C4)C.Cl.Cl,Activator,Autophagy; Epigenetics; PI3K/Akt/mTOR;,Autophagy; AMPK; AMPK;,"Latrepirdine (dihydrochloride) is a potent activator of AMPK, also an anti-histamine, promote the removal of ¦Á-synuclein protein aggregates.",activator,HAMDB plain Activator (Autophagy in Pathway/Target)
Clioquinol,HAMDB466,130-26-7,2788.0,C1=CC2=C(C(=C(C=C2Cl)I)O)N=C1,Activator,Autophagy; Anti-infection;,Autophagy; Antifungal;,Clioquinol(Iodochlorhydroxyquin) is an antifungal drug and antiprotozoal compound that shows effectivity for Alzheimer's disease treatment and induce cancer cell death.,activator,HAMDB plain Activator (Autophagy in Pathway/Target)
Shogaol,HAMDB467,555-66-8,5281794.0,CCCCCC=CC(=O)CCC1=CC(=C(C=C1)O)OC,Activator,Autophagy; NF-¦ÊB; NF-¦ÊB;,Autophagy; Keap1-Nrf2; NF-¦ÊB;,"6-shogaol, an active compound isolated from Ginger (<i>Zingiber officinale</i> Rosc), exhibits a variety of biological activities including anticancer, anti-inflammation, and anti-oxidation.
InVitro: 6-shogaol has anticancer activity against several cell lines<sup>[1]</sup>.",activator,HAMDB plain Activator (Autophagy in Pathway/Target)
Naproxen (sodium),HAMDB468,26159-34-2,23681059.0,CC(C1=CC2=C(C=C1)C=C(C=C2)OC)C(=O)[O-].[Na+],Activator,Autophagy; Immunology/Inflammation;,Autophagy; COX;,"Naproxen is a COX inhibitor for COX-1 and COX-2 with IC50 of 8.7 ¦ÌM and 5.2 ¦ÌM, respectively.
Target: COX
Naproxen is approximately equipotent inhibitor of COX-1 and COX-2 in intact cells with IC50 of 2.2 ¦Ìg/mL and 1.3 ¦Ìg/mL, respectively [1].",activator,HAMDB plain Activator (Autophagy in Pathway/Target)
SBE13 (Hydrochloride),HAMDB469,1052532-15-6,11948807.0,COC1=C(C=C(C=C1)CCNCC2=CC(=C(C=C2)OCC3=CN=C(C=C3)Cl)OC)OC.Cl,Activator,Autophagy; Cell Cycle/DNA Damage;,Autophagy; Polo-like Kinase (PLK);,"SBE13 Hcl is a potent and selective PLK1 with IC50 of 0.2 nM; no inhibition om Aurora A kinase, Plk2 and Plk3.
IC50 value: 0.2 nM [1]
Target: PLK1 inhibitor
in vitro: To test the selectivity of SBE13 for Plk1 we probed its inhibitory effect on aurora A kinase, Plk2, and Plk3.",activator,HAMDB plain Activator (Autophagy in Pathway/Target)
GDC-0349,HAMDB470,1207360-89-1,59239165.0,CCNC(=O)NC1=CC=C(C=C1)C2=NC3=C(CCN(C3)C4COC4)C(=N2)N5CCOCC5C,Activator,Autophagy; PI3K/Akt/mTOR;,Autophagy; mTOR;,"GDC-0349 is a potent and selective ATP-competitive inhibitor of mTOR with Ki of 3.8 nM; >700-fold selectivity over PI3K¦Á and other 266 kinases.
IC50 value: 3.8 nM
Target: mTOR
GDC-0349 has remarkable selectivity over 266 kinases, including all isoforms of PI3K.",activator,HAMDB plain Activator (Autophagy in Pathway/Target)
Abamectinum,HAMDB471,71751-41-2,6435890.0,CCC(C)C1C(C=CC2(O1)CC3CC(O2)CC=C(C(C(C=CC=C4COC5C4(C(C=C(C5O)C)C(=O)O3)O)C)OC6CC(C(C(O6)C)OC7CC(C(C(O7)C)O)OC)OC)C)C.CC1C=CC=C2COC3C2(C(C=C(C3O)C)C(=O)OC4CC(CC=C(C1OC5CC(C(C(O5)C)OC6CC(C(C(O6)C)O)OC)OC)C)OC7(C4)C=CC(C(O7)C(C)C)C)O,Activator,Autophagy; Anti-infection;,Autophagy; Antiparasitic;,Avermectin B1 (Abamectin) is a widely used insecticide and anthelmintic.,activator,HAMDB plain Activator (Autophagy in Pathway/Target)
Kaempferide,HAMDB472,491-54-3,5281666.0,COC1=CC=C(C=C1)C2=C(C(=O)C3=C(C=C(C=C3O2)O)O)O,Activator,Autophagy,Autophagy,"Kaempferide is an O-methylated flavonol, a type of chemical compound.",activator,HAMDB plain Activator (Autophagy in Pathway/Target)
AZD-3463,HAMDB473,1356962-20-3,56599293.0,COC1=C(C=CC(=C1)N2CCC(CC2)N)NC3=NC=C(C(=N3)C4=CNC5=CC=CC=C54)Cl,Activator,Autophagy; Protein Tyrosine Kinase/RTK; Protein Tyrosine Kinase/RTK;,Autophagy; IGF-1R; ALK;,"AZD-3463 is an ALK/IGF1R inhibitor which overcomes multiple mechanisms of acquired resistance to crizotinib.
IC50 Value:
Target: ALK/IGF1R",activator,HAMDB plain Activator (Autophagy in Pathway/Target)
JWH-133,HAMDB474,259869-55-1,6918505.0,CCCC(C)(C)C1=CC2=C(C=C1)C3CC(=CCC3C(O2)(C)C)C,Activator,Autophagy; GPCR/G protein;,Autophagy; Cannabinoid Receptor;,"JWH 133 is a potent CB2 selective agonist with Ki of 3.4 nM, 200-fold selective over CB1 receptors.
target: CB2
In vitro: JWH-133 inhibits IL-12p40 production and enhances IL-10 release by activated macrophages through a CB2 receptor-mediated pathway.",activator,HAMDB plain Activator (Autophagy in Pathway/Target)
NS1643,HAMDB475,448895-37-2,10177784.0,C1=CC(=C(C=C1C(F)(F)F)NC(=O)NC2=C(C=CC(=C2)C(F)(F)F)O)O,Activator,Autophagy; Membrane Transporter/Ion Channel;,Autophagy; Potassium Channel;,"NS1643 is a potent human ether-a-go-go related gene (hERG) KV11.1 channel activator (EC50 = 10.5 ¦ÌM).
IC50 value:
Target: HERG activator
in vitro: NS1643 enhanced the magnitude of wild-type hERG current in a concentration- and voltage-dependent manner with an EC(50) of 10.4 microM at -10 mV.",activator,HAMDB plain Activator (Autophagy in Pathway/Target)
Esomeprazole (Magnesium trihydrate),HAMDB476,217087-09-7,130565.0,CC1=CN=C(C(=C1OC)C)CS(=O)C2=NC3=C([N-]2)C=CC(=C3)OC.CC1=CN=C(C(=C1OC)C)CS(=O)C2=NC3=C([N-]2)C=CC(=C3)OC.O.O.O.[Mg+2],Activator,Autophagy; Membrane Transporter/Ion Channel;,Autophagy; Proton Pump;,"Esomeprazole Magnesium trihydrate is a proton pump inhibitor which reduces acid secretion through inhibition of the H+ / K+ ATPase in gastric parietal cells.
IC50 value:
Target: proton pump
Esomeprazole sodium (Nexium) is the S-isomer of omeprazole and acts as a proton pump inhibitor and gastric antisecretory agent indicated for the short-term treatment of gastroesophageal reflux disease in patients with a history of erosive esophagitis.",activator,HAMDB plain Activator (Autophagy in Pathway/Target)
Pramipexole (dihydrochloride),HAMDB477,104632-25-9,119569.0,CCCNC1CCC2=C(C1)SC(=N2)N.Cl.Cl,Activator,Autophagy; Neuronal Signaling; GPCR/G protein;,Autophagy; Dopamine Receptor; Dopamine Receptor;,"Pramipexole 2Hcl is a partial/full D2S, D2L, D3, D4 receptor agonist with a Ki of 3.9, 2.2, 0.5 and 5.1 nM for D2S, D2L, D3, D4 receptor, respectively.",activator,HAMDB plain Activator (Autophagy in Pathway/Target)
SU9516,HAMDB478,377090-84-1,5289419.0,COC1=CC2=C(C=C1)NC(=O)C2=CC3=CN=CN3,Activator,Autophagy; Cell Cycle/DNA Damage;,Autophagy; CDK;,"SU-9516 is a selective CDK2 inhibtor with IC50 of 22 nM; less potent for CDK1/CDK4(IC50=40/200 nM), no inhibition on PKC, EGFR, p38MAPK etc.
IC50 value: 22 nM/40 nM(CDK2/CDK1) [1]
Target: CDK2 inhibitor
in vitro: SU9516 is a potent inhibitor for cdk 2 and that it is 9-fold and 1.8-fold more selective for cdk2 than cdk4 and cdk1, respectively.",activator,HAMDB plain Activator (Autophagy in Pathway/Target)
Chlorohemin,HAMDB479,16009-13-5,455658.0,CC1=C(C2=CC3=C(C(=C([N-]3)C=C4C(=C(C(=N4)C=C5C(=C(C(=N5)C=C1[N-]2)C=C)C)C=C)C)C)CCC(=O)O)CCC(=O)O.[Cl-].[Fe+3],Activator,Autophagy,Autophagy,Hemin is an iron-containing porphyrin.,activator,HAMDB plain Activator (Autophagy in Pathway/Target)
PRIMA-1,HAMDB480,5608-24-2,322968.0,C1CN2CCC1C(=O)C2(CO)CO,Activator,Autophagy; Apoptosis;,"Autophagy; MDM-2, p53;","PRIMA-1 is a mutant <b>p53</b> reactivator, restores the sensitivity of TP53 mutant-type thyroid cancer cells to the histone methylation inhibitor 3-Deazaneplanocin A.
IC50 & Target: p53<sup>[1]</sup>
InVitro: The cell lines are cultured in the presence of PRIMA-1 at 0-140 ¦ÌM.",activator,HAMDB plain Activator (Autophagy in Pathway/Target)
GDC-0941 (dimethanesulfonate),HAMDB481,957054-33-0,56972143.0,CS(=O)(=O)N1CCN(CC1)CC2=CC3=C(S2)C(=NC(=N3)C4=C5C=NNC5=CC=C4)N6CCOCC6.CS(=O)(=O)O.CS(=O)(=O)O,Activator,Autophagy; PI3K/Akt/mTOR;,Autophagy; PI3K;,"GDC-0941 2 MeSO3H salt is a potent inhibitor of PI3K¦Á/¦Ä with IC50 of 3 nM, with modest selectivity against p110¦Â (11-fold) and p110¦Ã (25-fold).
IC50 value: 3 nM
Target: PI3K¦Á/¦Ä
GDC-0941 is a potent, selective, orally bioavailable inhibitor of class I PI3 kinase for the treatment of cancer.",activator,HAMDB plain Activator (Autophagy in Pathway/Target)
ZSTK474,HAMDB482,475110-96-4,11647372.0,C1COCCN1C2=NC(=NC(=N2)N3C4=CC=CC=C4N=C3C(F)F)N5CCOCC5,Activator,Autophagy; PI3K/Akt/mTOR;,Autophagy; PI3K;,"ZSTK474 inhibits class I PI3K isoforms with IC50 of 37 nM, mostly PI3K¦Ä.",activator,HAMDB plain Activator (Autophagy in Pathway/Target)
Clofarabine,HAMDB483,123318-82-1,119182.0,C1=NC2=C(N1C3C(C(C(O3)CO)O)F)N=C(N=C2N)Cl,Activator,Autophagy; Cell Cycle/DNA Damage;,Autophagy; Nucleoside antimetabolite/analog;,"Clofarabine(Clolar; Clofarex) inhibits the enzymatic activities of ribonucleotide reductase (IC50 = 65 nM) and DNA polymerase.
IC50 Value: 65 nM
Target: 
in vitro: Clofarabine is a second generation purine nucleoside analog with antineoplastic activity.",activator,HAMDB plain Activator (Autophagy in Pathway/Target)
Dronedarone,HAMDB484,141626-36-0,208898.0,CCCCC1=C(C2=C(O1)C=CC(=C2)NS(=O)(=O)C)C(=O)C3=CC=C(C=C3)OCCCN(CCCC)CCCC,Activator,Autophagy,Autophagy,"Dronedarone(Multaq) is a newer therapeutic agent with a structural resemblance to amiodarone and a better side effect profile; it is a multichannel blocker with antiadrenergic properties and has been evaluated in both rate and rhythm control strategies in the management of AF.
IC50 value:
Target: multichannel blocker",activator,HAMDB plain Activator (Autophagy in Pathway/Target)
Sulindac,HAMDB485,38194-50-2,1548887.0,CC1=C(C2=C(C1=CC3=CC=C(C=C3)S(=O)C)C=CC(=C2)F)CC(=O)O,Activator,Autophagy; Immunology/Inflammation;,Autophagy; COX;,"Sulindac (Clinoril) is a non-steroidal anti-inflammatory agent of the arylalkanoic acid class; it is thought to act on enzymes COX-1 and COX-2, inhibiting prostaglandin synthesis.
IC50 value: 
Target: COX1/2
Sulindac (Clinoril) is a non-steroidal anti-inflammatory drug of the arylalkanoic acid class.",activator,HAMDB plain Activator (Autophagy in Pathway/Target)
Dienogest,HAMDB486,65928-58-7,68861.0,CC12CCC3=C4CCC(=O)C=C4CCC3C1CCC2(CC#N)O,Activator,Autophagy,Autophagy; Progesterone Receptor;,Dienogest(STS-557) is a specific progesterone receptor agonist with potent oral endometrial activity and is used in the treatment of endometriosis.,activator,HAMDB plain Activator (Autophagy in Pathway/Target)
Stavudine,HAMDB487,3056-17-5,18283.0,CC1=CN(C(=O)NC1=O)C2C=CC(O2)CO,Activator,Autophagy; Anti-infection; ; Anti-infection;,Autophagy; Reverse Transcriptase; ; HIV;,"Stavudine is a nucleoside analog that inhibits reverse transcriptase and has in vitro activity against HIV.
Target: HIV RT; NRTIs
Stavudine is a dideoxynucleoside analog that inhibits reverse transcriptase and has in vitro activity against HIV.",activator,HAMDB plain Activator (Autophagy in Pathway/Target)
Niacin,HAMDB488,59-67-6,938.0,C1=CC(=CN=C1)C(=O)O,Activator,Autophagy,Autophagy,"Niacin (Vitamin B3) is a water-soluble vitamin and is part of the vitamin B group.
Target: Others
Niacin (also known as vitamin B3 and nicotinic acid) is an organic compound with the formula C6H5NO2 and, depending on the definition used, one of the 20 to 80 essential human nutrients.",activator,HAMDB plain Activator (Autophagy in Pathway/Target)
Salicylic acid,HAMDB489,69-72-7,338.0,C1=CC=C(C(=C1)C(=O)O)O,Activator,Autophagy; Immunology/Inflammation;,Autophagy; COX;,"Salicylic acid is a natural product extract from Willow bark, well known as an antiinflammatory inhibitor of cyclooxygenase activity.
Target: Cyclooxygenase£¨COX£©
Salicylic acid (from Latin salix, willow tree, from the bark of which the substance used to be obtained) is a monohydroxybenzoic acid, a type of phenolic acid and a beta hydroxy acid.",activator,HAMDB plain Activator (Autophagy in Pathway/Target)
Nitazoxanide,HAMDB490,55981-09-4,41684.0,CC(=O)OC1=CC=CC=C1C(=O)NC2=NC=C(S2)[N+](=O)[O-],Activator,Autophagy,Autophagy,Nitazoxanide is a synthetic nitrothiazolyl-salicylamide derivative and an antiprotozoal agent.,activator,HAMDB plain Activator (Autophagy in Pathway/Target)
Adenosine,HAMDB491,58-61-7,60961.0,C1=NC2=C(C(=N1)N)N=CN2C3C(C(C(O3)CO)O)O,Activator,Autophagy; Cell Cycle/DNA Damage;,Autophagy; Nucleoside antimetabolite/analog;,"Adenosine is a nucleoside composed of a molecule of adenine attached to a ribose sugar molecule (ribofuranose) moiety via a ¦Â-N9-glycosidic bond.
Target: Nucleoside antimetabolite/analog
Adenosine plays an important role in biochemical processes, such as energy transfer ¡ª as adenosine triphosphate (ATP) and adenosine diphosphate (ADP) ¡ª as well as in signal transduction as cyclic adenosine monophosphate, cAMP.",activator,HAMDB plain Activator (Autophagy in Pathway/Target)
Enalaprilat (dihydrate),HAMDB492,84680-54-6,6917719.0,CC(C(=O)N1CCCC1C(=O)O)NC(CCC2=CC=CC=C2)C(=O)O.O.O,Activator,Autophagy; Metabolic Enzyme/Protease;,Autophagy; Angiotensin-converting Enzyme (ACE);,"Enalaprilat is an angiotensin-converting enzyme (ACE) inhibitor with IC50 of 1.94 nM.
Target: ACE
Enalaprilat has high affinity for human endothelial ACE with IC50 of 1.94 nM in vitro binding assay by displacing a saturating concentration of [125I]351A, a radiolabeled lisinopril analogue from ACE binding sites, and shows bradykinin/angiotensin I selectivity ratio of 1.00 calculated from double displacement experiments [1].",activator,HAMDB plain Activator (Autophagy in Pathway/Target)
Pyrazinamide,HAMDB493,98-96-4,1046.0,C1=CN=C(C=N1)C(=O)N,Activator,Autophagy; Anti-infection;,Autophagy; Antibacterial;,"Pyrazinamide is a pyrazine that is used therapeutically as an antitubercular agent.
Target: Antibacterial
Pyrazinamide is a prodrug that stops the growth of Mycobacterium tuberculosis.",activator,HAMDB plain Activator (Autophagy in Pathway/Target)
Isoniazid,HAMDB494,54-85-3,3767.0,C1=CN=CC=C1C(=O)NN,Activator,Autophagy; Anti-infection;,Autophagy; Antibacterial;,"Isoniazid is an antibacterial agent used primarily as a tuberculostatic.
Target: Antibacterial
Isoniazid is a prodrug and must be activated by a bacterial catalase-peroxidase enzyme that in M.",activator,HAMDB plain Activator (Autophagy in Pathway/Target)
Bromhexine (hydrochloride),HAMDB495,611-75-6,5702220.0,CN(CC1=CC(=CC(=C1N)Br)Br)C2CCCCC2.Cl,Activator,Autophagy,Autophagy,"Bromhexine Hydrochloride is a medication prescribed for coughs which works by dissolving hard phlegm.
Target: Others
Bromhexine is a mucolytic agent used in the treatment of respiratory disorders associated with viscid or excessive mucus.",activator,HAMDB plain Activator (Autophagy in Pathway/Target)
Loperamide (hydrochloride),HAMDB496,34552-83-5,71420.0,CN(C)C(=O)C(CCN1CCC(CC1)(C2=CC=C(C=C2)Cl)O)(C3=CC=CC=C3)C4=CC=CC=C4.Cl,Activator,Autophagy; Neuronal Signaling; GPCR/G protein;,Autophagy; Opioid Receptor; Opioid Receptor;,"Loperamide HCl is an opioid-receptor agonist used as long-acting synthetic antidiarrheals.
Target: Opioid Receptor
Loperamide is an effective therapy for a variety of diarrheal syndromes.",activator,HAMDB plain Activator (Autophagy in Pathway/Target)
Salbutamol (hemisulfate),HAMDB497,51022-70-9,39859.0,CC(C)(C)NCC(C1=CC(=C(C=C1)O)CO)O.CC(C)(C)NCC(C1=CC(=C(C=C1)O)CO)O.OS(=O)(=O)O,Activator,Autophagy; GPCR/G protein;,Autophagy; Adrenergic Receptor;,"Salbutamol Hemisulfate is a short-acting ¦Â2 adrenergic receptor agonist
Target: ¦Â2 Adrenergic Receptor
Salbutamol is a short-acting, selective beta2-adrenergic receptor agonist used in the treatment of asthma and COPD.",activator,HAMDB plain Activator (Autophagy in Pathway/Target)
Maprotiline (hydrochloride),HAMDB498,10347-81-6,71478.0,CNCCCC12CCC(C3=CC=CC=C31)C4=CC=CC=C24.Cl,Activator,Autophagy,Autophagy,"Maprotiline HCl is a selective noradrenalin re-uptake inhibitor and a tetracyclic antidepressant.
Target: Others
Maprotiline (sold as Deprilept, Ludiomil, Psymion) is a tetracyclic antidepressant (TeCA).",activator,HAMDB plain Activator (Autophagy in Pathway/Target)
Lamotrigine,HAMDB499,84057-84-1,3878.0,C1=CC(=C(C(=C1)Cl)Cl)C2=C(N=C(N=N2)N)N,Activator,Autophagy; Membrane Transporter/Ion Channel;,Autophagy; Sodium Channel;,"Lamotrigine(BW430C) is a novel anticonvulsant drug for inhibition of 5-HT and sodium channel
Target: Sodium Channel
Lamotrigine stabilises presynaptic neuronal membranes by blockade of voltage-dependent sodium channels, thus preventing the release of excitatory neurotransmitters, particularly glutamate and aspartate [1].",activator,HAMDB plain Activator (Autophagy in Pathway/Target)
Iohexol,HAMDB500,66108-95-0,3730.0,CC(=O)N(CC(CO)O)C1=C(C(=C(C(=C1I)C(=O)NCC(CO)O)I)C(=O)NCC(CO)O)I,Activator,Autophagy,Autophagy,"Iohexol is a contrast agent.
Target: Others
Iohexol is a contrast agent.",activator,HAMDB plain Activator (Autophagy in Pathway/Target)
Levobupivacaine (hydrochloride),HAMDB501,27262-48-2,117965.0,CCCCN1CCCCC1C(=O)NC2=C(C=CC=C2C)C.Cl,Activator,Autophagy,Autophagy,Levobupivacaine Hcl is a local anaesthetic compound belonging to the amino amide group; long-acting local anesthetic.,activator,HAMDB plain Activator (Autophagy in Pathway/Target)
Bicyclol,HAMDB502,118159-48-1,9821754.0,COC1=C2C(=C(C(=C1)CO)C3=C4C(=C(C=C3C(=O)OC)OC)OCO4)OCO2,Activator,Autophagy; Anti-infection;,Autophagy; HBV;,"Bicyclol(SY 801) is a anti-hepatitis drug.
Target: HBV
Oral administration of bicyclol normalized the elevated serum transaminases (ALT, AST) by approximately 50% in chronic viral hepatitis B and C, and also showed certain level of inhibiting HBV and HCV replication.",activator,HAMDB plain Activator (Autophagy in Pathway/Target)
Acetazolamide,HAMDB503,59-66-5,1986.0,CC(=O)NC1=NN=C(S1)S(=O)(=O)N,Activator,Autophagy; Metabolic Enzyme/Protease;,Autophagy; Carbonic Anhydrase;,"Acetazolamide is a potent carbonic anhydrase (CA) inhibitor; best-studied agent for the amelioration of acute mountain sickness (AMS).",activator,HAMDB plain Activator (Autophagy in Pathway/Target)
Proflavine (hemisulfate),HAMDB504,1811-28-5,7099.0,C1=CC(=CC2=NC3=C(C=CC(=C3)N)C=C21)N,Activator,Autophagy; Anti-infection;,Autophagy; Antibacterial;,"Proflavine hemisulfate is an Acridine derivative, which is a slow-acting disinfectant with bacteriostatic action against many Gram-positive bacteria but less effective against Gram-negative organisms.",activator,HAMDB plain Activator (Autophagy in Pathway/Target)
Triflupromazine (hydrochloride),HAMDB505,1098-60-8,66069.0,CN(C)CCCN1C2=CC=CC=C2SC3=C1C=C(C=C3)C(F)(F)F.Cl,Activator,Autophagy; GPCR/G protein; Neuronal Signaling;,Autophagy; Dopamine Receptor; Dopamine Receptor;,"Triflupromazine hydrochloride is an antipsychotic medication, which are Dopamine D1/D2 receptor antagonists.",activator,HAMDB plain Activator (Autophagy in Pathway/Target)
Sulfabenzamide,HAMDB506,127-71-9,5319.0,C1=CC=C(C=C1)C(=O)NS(=O)(=O)C2=CC=C(C=C2)N,Activator,Autophagy,Autophagy,Sulfabenzamide is a  intermediate in the synthesis of organic and pharmaceutical.,activator,HAMDB plain Activator (Autophagy in Pathway/Target)
Thioridazine (hydrochloride),HAMDB507,130-61-0,66062.0,CN1CCCCC1CCN2C3=CC=CC=C3SC4=C2C=C(C=C4)SC.Cl,Activator,Autophagy; Neuronal Signaling; GPCR/G protein; Neuronal Signaling; GPCR/G protein;,Autophagy; Dopamine Receptor; Dopamine Receptor; 5-HT Receptor; 5-HT Receptor;,"Thioridazine is an antipsychotic drug, used in the treatment of schizophrenia and psychosis, shows D4 selectivity or serotonin antagonism.",activator,HAMDB plain Activator (Autophagy in Pathway/Target)
Selenomethionine,HAMDB508,1464-42-2,15103.0,C[Se]CCC(C(=O)O)N,Activator,Autophagy,Autophagy,"Selenomethionine is a naturally occurring amino acid containing selenium, is a common natural food source of selenium.",activator,HAMDB plain Activator (Autophagy in Pathway/Target)
Oxidopamine (hydrobromide),HAMDB509,636-00-0,176170.0,C1=C(C(=CC(=C1O)O)O)CCN.Br,Activator,Autophagy,Autophagy,"Oxidopamine hydrobromide is a selective catecholaminergic neurotoxin, depletes brain catecholamine levels via uptake and accumulation by a transport mechanism specific to these neurons.",activator,HAMDB plain Activator (Autophagy in Pathway/Target)
Triclosan,HAMDB510,3380-34-5,5564.0,C1=CC(=C(C=C1Cl)O)OC2=C(C=C(C=C2)Cl)Cl,Activator,Autophagy; Anti-infection; Anti-infection;,Autophagy; Antifungal; Antibacterial;,"Triclosan is an antibacterial and antifungal agent found in consumer products, including soaps, detergents, toys, and surgical cleaning treatments.",activator,HAMDB plain Activator (Autophagy in Pathway/Target)
Nitroxoline,HAMDB511,4008-48-4,19910.0,C1=CC2=C(C=CC(=C2N=C1)O)[N+](=O)[O-],Activator,Autophagy; Anti-infection;,Autophagy; Antibacterial;,Nitroxoline is an antibiotic that has proven to be very effective at combating biofilm infections.,activator,HAMDB plain Activator (Autophagy in Pathway/Target)
Fludrocortisone (acetate),HAMDB512,514-36-3,225609.0,CC(=O)OCC(=O)C1(CCC2C1(CC(C3(C2CCC4=CC(=O)CCC43C)F)O)C)O,Activator,Autophagy,Autophagy,"Fludrocortisone Acetate is a synthetic mineralocorticoid, used to control the amount of sodium and fluids in your body.",activator,HAMDB plain Activator (Autophagy in Pathway/Target)
Nortriptyline (hydrochloride),HAMDB513,894-71-3,441358.0,CNCCC=C1C2=CC=CC=C2CCC3=CC=CC=C31.Cl,Activator,Autophagy,Autophagy,Nortriptyline hydrochloride is a tricyclic antidepressant used to relieve the symptoms of depression.,activator,HAMDB plain Activator (Autophagy in Pathway/Target)
Arctigenin,HAMDB514,7770-78-7,64981.0,COC1=C(C=C(C=C1)CC2COC(=O)C2CC3=CC(=C(C=C3)O)OC)OC,Activator,Autophagy,Autophagy,"Arctigenin is a lignan found in certain plants of the Asteraceae;  it has shown antiviral and anticancer effects in glass; it is the aglycone of arctiin.
IC50 value: 
Target: anticancer agent
Arctiin and its aglucone, arctigenin from the fruits of Arctium lappa L.",activator,HAMDB plain Activator (Autophagy in Pathway/Target)
Ginsenoside Rb1,HAMDB515,41753-43-9,9898279.0,CC(=CCCC(C)(C1CCC2(C1C(CC3C2(CCC4C3(CCC(C4(C)C)OC5C(C(C(C(O5)CO)O)O)OC6C(C(C(C(O6)CO)O)O)O)C)C)O)C)OC7C(C(C(C(O7)COC8C(C(C(C(O8)CO)O)O)O)O)O)O)C,Activator,Autophagy,Autophagy,"Ginsenoside Rb1 is part of a class of steroid glycosides; may have properties that inhibit or prevent the growth of tumors.
IC50 value:
Target: 
in vitro: Rb1 inhibited melanogenesis in ¦Á-melanocyte-stimulating hormone (¦Á-MSH)-stimulated B16 cells in a dose-dependent manner, which collectively indicated that Rb1 may have skin-whitening effects and may be formulated into skin-whitening products for skin care [1].
in vivo: Application of 0.56mg of ginsenoside Rb1 resulted in significant decrement of scar elevation index, in comparison with control and lower dosage groups, furthermore achieved broader and randomly arranged collagen fibers resembling findings in normal dermis.",activator,HAMDB plain Activator (Autophagy in Pathway/Target)
Schisandrin B,HAMDB516,61281-37-6,158103.0,CC1CC2=CC3=C(C(=C2C4=C(C(=C(C=C4CC1C)OC)OC)OC)OC)OCO3,Activator,Autophagy,Autophagy,"Schisandrin B(Wuweizisu-B) is a dibenzocyclooctadiene derivative isolated from Fructus Schisandrae, has been shown to produce antioxidant effect on rodent liver and heart.
IC50 value:
Target: 
in vitro: Schisandrin B exhibits anti-inflammatory activity through modulation of the redox-sensitive transcription factors Nrf2 and NF-¦ÊB.",activator,HAMDB plain Activator (Autophagy in Pathway/Target)
Ancitabine (hydrochloride),HAMDB517,10212-25-6,25050.0,C1=CN2C3C(C(C(O3)CO)O)OC2=NC1=N.Cl,Activator,Autophagy,Autophagy,Ancitabine hydrochloride is an important antileukemia drugs.,activator,HAMDB plain Activator (Autophagy in Pathway/Target)
Dihydromyricetin,HAMDB518,27200-12-0,161557.0,C1=C(C=C(C(=C1O)O)O)C2C(C(=O)C3=C(C=C(C=C3O2)O)O)O,Activator,Autophagy,Autophagy,"Dihydromyricetin(Ampeloptin) is a flavonoid compound which possesses potent antitumor activity.
IC50 value:
Target: 
in vitro: DHM downregulated TGF¦Â, Smad3, p-Smad2/3 and NOX4 in a concentration?dependent manner.",activator,HAMDB plain Activator (Autophagy in Pathway/Target)
Dioscin,HAMDB519,19057-60-4,119245.0,CC1CCC2(C(C3C(O2)CC4C3(CCC5C4CC=C6C5(CCC(C6)OC7C(C(C(C(O7)CO)OC8C(C(C(C(O8)C)O)O)O)O)OC9C(C(C(C(O9)C)O)O)O)C)C)C)OC1,Activator,Autophagy,Autophagy,"Dioscin(CCRIS 4123; Collettiside III) is a natural steroid saponin derived from several plants, showing potent anti-cancer effect against a variety of tumor cell lines.",activator,HAMDB plain Activator (Autophagy in Pathway/Target)
Ursolic acid,HAMDB520,77-52-1,64945.0,CC1CCC2(CCC3(C(=CCC4C3(CCC5C4(CCC(C5(C)C)O)C)C)C2C1C)C)C(=O)O,Activator,Autophagy,Autophagy,"Ursolic acid(Bungeolic acid) is a natural pentacyclic triterpenoid carboxylic acid, exerts anti-tumor effects and is an effective compound for cancer prevention and therapy.",activator,HAMDB plain Activator (Autophagy in Pathway/Target)
Rutin,HAMDB521,153-18-4,5280805.0,CC1C(C(C(C(O1)OCC2C(C(C(C(O2)OC3=C(OC4=CC(=CC(=C4C3=O)O)O)C5=CC(=C(C=C5)O)O)O)O)O)O)O)O,Activator,Autophagy,Autophagy,"Rutin, a naturally occurring flavonoid glycoside, has antioxidant, anti-inflammatory, anti-allergic, anti-angiogenic and antiviral properties.",activator,HAMDB plain Activator (Autophagy in Pathway/Target)
Naringin,HAMDB522,10236-47-2,442428.0,CC1C(C(C(C(O1)OC2C(C(C(OC2OC3=CC(=C4C(=O)CC(OC4=C3)C5=CC=C(C=C5)O)O)CO)O)O)O)O)O,Activator,Autophagy; Metabolic Enzyme/Protease;,Autophagy; Cytochrome P450;,"Naringin is a flavanone glycoside, which exerts a variety of pharmacological effects such as antioxidant activity, blood lipid lowering, anticancer activity, and inhibition of cytochrome P450 enzymes.
IC50: 9026 uM[2]
In vitro: In vitro addition of naringin up to 500 ¦ÌM had no effects on benzo(a)pyrene hydroxylase (AHH) activity of mouse liver microsomes.",activator,HAMDB plain Activator (Autophagy in Pathway/Target)
Magnolol,HAMDB523,528-43-8,72300.0,C=CCC1=CC(=C(C=C1)O)C2=C(C=CC(=C2)CC=C)O,Activator,Autophagy,Autophagy,"Magnolol, the main polyphenol compound of the bark of Magnolia officinalis, has a variety of pharmacological activities.",activator,HAMDB plain Activator (Autophagy in Pathway/Target)
Peiminine,HAMDB524,18059-10-4,167691.0,CC1CCC2C(C3CCC4C(C3CN2C1)CC5C4CC(=O)C6C5(CCC(C6)O)C)(C)O,Activator,Autophagy,Autophagy,"Peiminine(Verticinone; Raddeanine) is a natural compound with anti-inflammatory activity.
IC50 value:
Target:
Peiminine and DXS significantly reduced alveolar inflammation and pulmonary interstitial inflammation in rats with bleomycin-induced lung injury.",activator,HAMDB plain Activator (Autophagy in Pathway/Target)
Bergapten,HAMDB525,484-20-8,2355.0,COC1=C2C=CC(=O)OC2=CC3=C1C=CO3,Activator,Autophagy; Metabolic Enzyme/Protease;,Autophagy; Cytochrome P450;,"5-Methoxypsoralen, a naturally occurring linear furocoumarin, has been successfully used in combination with ultraviolet (UV) A irradiation [psoralen plus UV (PUVA)] to manage psoriasis and vitiligo; inhibit proliferation in the human hepatocellular carcinoma cell line.
IC50 value: 
Target: anti cancer
in vitro: 5-MOP increased the activity of NATand also increased the further metabolism of AAF at 24 h in the rat stomach.",activator,HAMDB plain Activator (Autophagy in Pathway/Target)
Galangin,HAMDB526,548-83-4,5281616.0,C1=CC=C(C=C1)C2=C(C(=O)C3=C(C=C(C=C3O2)O)O)O,Activator,Autophagy; Metabolic Enzyme/Protease;,Autophagy; Cytochrome P450;,"Galangin is an agonist/antagonist of the arylhydrocarbon receptor, and also shows inhibition of <b>CYP1A1</b> activity.
IC50:      
In Vitro: Galangin inhibits the catabolic breakdown of DMBA, as measured by thin-layer chromatography, in a dose-dependent manner.",activator,HAMDB plain Activator (Autophagy in Pathway/Target)
Quercitrin,HAMDB527,522-12-3,5280459.0,CC1C(C(C(C(O1)OC2=C(OC3=CC(=CC(=C3C2=O)O)O)C4=CC(=C(C=C4)O)O)O)O)O,Activator,Autophagy,Autophagy,"Quercitrin is a natural compound found in Tartary buckwheat with a potential anti-inflammation effect that is used to treat heart and vascular conditions.
IC50 value:
Target:
In vitro: There were significant increases in caspase-3 activity, loss of MMP, and increases in the apoptotic cell population in response to quercitrin in DLD-1 colon cancer cells in a time- and dose-dependent manner.",activator,HAMDB plain Activator (Autophagy in Pathway/Target)
Xylitol,HAMDB528,87-99-0,6912.0,C(C(C(C(CO)O)O)O)O,Activator,Autophagy,Autophagy,"Xylitol is a chemical categorized as a polyalcohol or sugar alcohol.
Target: Others
Xylitol is a chemical categorized as a polyalcohol or sugar alcohol (alditol).",activator,HAMDB plain Activator (Autophagy in Pathway/Target)
Oroxylin A,HAMDB529,480-11-5,5320315.0,COC1=C(C=C2C(=C1O)C(=O)C=C(O2)C3=CC=CC=C3)O,Activator,Autophagy,Autophagy,"Oroxylin A is a natural active flavonoid with strong anticancer effects.
IC50 value:
Target:
In vitro: Oroxylin A suppressed the MDM2-mediated degradation of p53 via downregulating MDM2 transcription in wt-p53 cancer cells [1].",activator,HAMDB plain Activator (Autophagy in Pathway/Target)
Genistin,HAMDB530,529-59-9,5281377.0,C1=CC(=CC=C1C2=COC3=CC(=CC(=C3C2=O)O)OC4C(C(C(C(O4)CO)O)O)O)O,Activator,Autophagy,Autophagy,"Genistin, a natural product, is commonly found in soy and soy products.",activator,HAMDB plain Activator (Autophagy in Pathway/Target)
Schisandrin,HAMDB531,7432-28-2,23915.0,CC1CC2=CC(=C(C(=C2C3=C(C(=C(C=C3CC1(C)O)OC)OC)OC)OC)OC)OC,Activator,Autophagy,Autophagy,"Schisandrin has various therapeutic effects on a range of medical conditions such as anti-asthmatic, anti-cancer, and anti-inflammatory effects.
IC50 value:
Target:
in vitro: Sch inhibited the pro-fibrotic activity of TGF-¦Â1 in AML12 cells; thus, it suppressed the accumulation of ECM proteins.",activator,HAMDB plain Activator (Autophagy in Pathway/Target)
Schisandrol B,HAMDB532,58546-54-6,3001662.0,CC1CC2=CC3=C(C(=C2C4=C(C(=C(C=C4CC1(C)O)OC)OC)OC)OC)OCO3,Activator,Autophagy,Autophagy,"Schisandrol B is one of its major active constituents of traditional hepato-protective Chinese medicine, Schisandra sphenanthera.
IC50 value:
Target:
in vitro: SolB pretreatment significantly attenuated the increases in alanine aminotransferase and aspartate aminotransferase activity, and prevented elevated hepatic malondialdehyde formation and the depletion of mitochondrial glutathione (GSH) in a dose-dependent manner.",activator,HAMDB plain Activator (Autophagy in Pathway/Target)
Schisandrin A,HAMDB533,61281-38-7,155256.0,CC1CC2=CC(=C(C(=C2C3=C(C(=C(C=C3CC1C)OC)OC)OC)OC)OC)OC,Activator,Autophagy,Autophagy,Schisandrin A is a main effective components extracted from the oriental medicine Schisandra chinensis which is traditionally used to enhance mental and intellectual function.,activator,HAMDB plain Activator (Autophagy in Pathway/Target)
Tetrahydrocurcumin,HAMDB534,36062-04-1,124072.0,COC1=C(C=CC(=C1)CCC(=O)CC(=O)CCC2=CC(=C(C=C2)O)OC)O,Activator,Autophagy,Autophagy,"Tetrahydrocurcumin is one of the major metabolites of Curcumin; apoptosis inducer and has been demonstrated to be an antioxidant.
IC50 value:
Target:
in vitro: HC exhibited significant cell growth inhibition by inducing MCF-7 cells to undergo mitochondrial apoptosis and G2/M arrest.",activator,HAMDB plain Activator (Autophagy in Pathway/Target)
Corynoxine,HAMDB535,6877-32-3,10475115.0,CCC1CN2CCC3(C2CC1C(=COC)C(=O)OC)C4=CC=CC=C4NC3=O,Activator,Autophagy;,Autophagy;,"Corynoxine is an enantiomer of Corynoxine B; induces autophagy in different neuronal cell lines, including N2a and SHSY-5Y cells.
IC50 value:
Tareget: Autophagy inducer
In vivo, Cory promotes the formation of autophagosomes in the fat bodies of Drosophila.",activator,HAMDB plain Activator (Autophagy in Pathway/Target)
Salvianolic acid B,HAMDB536,121521-90-2,11629084.0,C1=CC(=C(C=C1CC(C(=O)O)OC(=O)C=CC2=C3C(C(OC3=C(C=C2)O)C4=CC(=C(C=C4)O)O)C(=O)OC(CC5=CC(=C(C=C5)O)O)C(=O)O)O)O,Activator,Autophagy,Autophagy,"Salvianolic acid B is an active ingredient of Salvia miltiorrhiza, which has been widely applied in China for the management of various microcirculation-related disorders, such as cardiovascular disease, cerebrovascular disease, and diabetic vascular complication.
IC50 value:
Target:
In vitro: Salvianolic acid B (SA-B) 1 and 10 micromol/L decrease the cell active TGF-beta1 secretion by 63.3 % and 15.6 % of the control, down-regulat pro-collgen alpha1(I) mRNA expression to 77.0% and 51.8% respectively (P<0.05).",activator,HAMDB plain Activator (Autophagy in Pathway/Target)
Oxyresveratrol,HAMDB537,29700-22-9,5281717.0,C1=CC(=C(C=C1O)O)C=CC2=CC(=CC(=C2)O)O,Activator,Autophagy,Autophagy,Oxyresveratrol is neuroprotective and inhibits the apoptotic cell death in transient cerebral ischemia.,activator,HAMDB plain Activator (Autophagy in Pathway/Target)
Roxadustat (FG-4592),HAMDB538,808118-40-3,11256664.0,CC1=NC(=C(C2=C1C=C(C=C2)OC3=CC=CC=C3)O)C(=O)NCC(=O)O,HIF inhibitor,Angiogenesis,HIF,"FG-4592 is an HIF ¦Á prolyl hydroxylase inhibitor, stabilizes HIF-2 and induces EPO production. Phase 2/3.",activator,target rule: HIF stabilizer/PHD inhibitor induces hypoxia-like autophagy
PI-103,HAMDB539,371935-74-9,9884685.0,C1COCCN1C2=NC(=NC3=C2OC4=C3C=CC=N4)C5=CC(=CC=C5)O,Autophagy activator,Neuronal Signaling,"Autophagy,DNA-PK,mTOR,PI3K","PI-103 is a multi-targeted PI3K inhibitor for p110¦Á/¦Â/¦Ä/¦Ã with IC50 of 2 nM/3 nM/3 nM/15 nM, less potent to mTOR/DNA-PK with IC50 of 30 nM/23 nM.",activator,explicit: Autophagy activator
Rapamycin (Sirolimus),HAMDB540,53123-88-9,5284616.0,CC1CCC2CC(C(=CC=CC=CC(CC(C(=O)C(C(C(=CC(C(=O)CC(OC(=O)C3CCCCN3C(=O)C(=O)C1(O2)O)C(C)CC4CCC(C(C4)OC)O)C)C)O)OC)C)C)C)OC,Autophagy activator,DNA Damage,"Autophagy,mTOR","Rapamycin (Sirolimus, AY-22989, WY-090217) is a specific mTOR inhibitor with IC50 of ~0.1 nM.",activator,"manual: mTOR inhibitor, induces autophagy"
"Temsirolimus (CCI-779, NSC 683864)",HAMDB541,162635-04-3,18293306.0,CC1CCC2CC(C(=CC=CC=CC(CC(C(=O)C(C(C(=CC(C(=O)CC(OC(=O)C3CCCCN3C(=O)C(=O)C1(O2)O)C(C)CC4CCC(C(C4)OC)OC(=O)C(C)(CO)CO)C)C)O)OC)C)C)C)OC,mTOR inhibitor,Neuronal Signaling,mTOR,Temsirolimus (CCI-779) is a specific mTOR inhibitor with IC50 of 1.76 ¦ÌM.,activator,target rule: mTOR inhibitor induces autophagy
Trichostatin A (TSA),HAMDB542,58880-19-6,444732.0,CC(C=C(C)C=CC(=O)NO)C(=O)C1=CC=C(C=C1)N(C)C,HDAC inhibitor,Others,HDAC,Trichostatin A (TSA) is an HDAC inhibitor with IC50 of ~1.8 nM ¨C HDAC8 is the only known member of the HDAC-family that is not affected by TSA. Phase 3.,activator,target rule: HDAC inhibition commonly induces autophagy
Y-27632 2HCl,HAMDB543,129830-38-2,9901617.0,CC(C1CCC(CC1)C(=O)NC2=CC=NC=C2)N.Cl.Cl,Autophagy activator,Others,"Autophagy,ROCK","Y-27632 2HCl is a selective ROCK1 (p160ROCK) inhibitor with Ki of 140 nM, exhibits >200-fold selectivity over other kinases, including PKC, cAMP-dependent protein kinase, MLCK and PAK.",activator,explicit: Autophagy activator
Belinostat (PXD101),HAMDB544,414864-00-9,6918638.0,C1=CC=C(C=C1)NS(=O)(=O)C2=CC=CC(=C2)C=CC(=O)NO,HDAC inhibitor,Others,HDAC,"Belinostat (PXD101) is a novel HDAC inhibitor with IC50 of 27 nM, with activity demonstrated in cisplatin-resistant tumors. Phase 1/2.",activator,target rule: HDAC inhibition commonly induces autophagy
Quisinostat (JNJ-26481585) 2HCl,HAMDB545,875320-29-9,122129987.0,CN1C=C(C2=CC=CC=C21)CNCC3CCN(CC3)C4=NC=C(C=N4)C(=O)NO.Cl.Cl,HDAC inhibitor,Others,HDAC,"JNJ-26481585 is a novel second-generation HDAC inhibitor with highest potency for HDAC1 with IC50 of 0.11 nM, modest potent to HDACs 2, 4, 10, and 11; greater than 30-fold selectivity against HDACs 3, 5, 8, and 9 and lowest potency to HDACs 6 and 7. Phase 2.",activator,target rule: HDAC inhibition commonly induces autophagy
MLN8054,HAMDB546,869363-13-3,11712649.0,C1C2=CN=C(N=C2C3=C(C=C(C=C3)Cl)C(=N1)C4=C(C=CC=C4F)F)NC5=CC=C(C=C5)C(=O)O,Aurora Kinase inhibitor,Others,Aurora Kinase,MLN8054 is a potent and selective inhibitor of Aurora A with IC50 of 4 nM. It is more than 40-fold selective for Aurora A than Aurora B. Phase 1.,inhibitor,target rule: Aurora kinase inhibition blocks autophagosome formation
ZM 447439,HAMDB547,331771-20-1,9914412.0,COC1=C(C=C2C(=C1)C(=NC=N2)NC3=CC=C(C=C3)NC(=O)C4=CC=CC=C4)OCCCN5CCOCC5,Aurora Kinase inhibitor,Others,Aurora Kinase,"ZM 447439 is a selective and ATP-competitive inhibitor for Aurora A and Aurora B with IC50 of 110 nM and 130 nM, respectively. It is more than 8-fold selective for Aurora A/B than MEK1, Src, Lck and has little effect againstCDK1/2/4, Plk1, Chk1, etc.",inhibitor,target rule: Aurora kinase inhibition blocks autophagosome formation
Everolimus (RAD001),HAMDB548,159351-69-6,6442177.0,CC1CCC2CC(C(=CC=CC=CC(CC(C(=O)C(C(C(=CC(C(=O)CC(OC(=O)C3CCCCN3C(=O)C(=O)C1(O2)O)C(C)CC4CCC(C(C4)OC)OCCO)C)C)O)OC)C)C)C)OC,mTOR inhibitor,Others,mTOR,Everolimus (RAD001) is an mTOR inhibitor of FKBP12 with IC50 of 1.6-2.4 nM.,activator,target rule: mTOR inhibitor induces autophagy
Barasertib (AZD1152-HQPA),HAMDB549,722544-51-6,16007391.0,CCN(CCCOC1=CC2=C(C=C1)C(=NC=N2)NC3=NNC(=C3)CC(=O)NC4=CC(=CC=C4)F)CCO,Aurora Kinase inhibitor,Others,Aurora Kinase,"AZD1152-HQPA (Barasertib) is a highly selective Aurora B inhibitor with IC50 of 0.37 nM, ~100 fold more selective for Aurora B over Aurora A.",inhibitor,target rule: Aurora kinase inhibition blocks autophagosome formation
Paclitaxel,HAMDB550,33069-62-4,36314.0,CC1=C2C(C(=O)C3(C(CC4C(C3C(C(C2(C)C)(CC1OC(=O)C(C(C5=CC=CC=C5)NC(=O)C6=CC=CC=C6)O)O)OC(=O)C7=CC=CC=C7)(CO4)OC(=O)C)O)C)OC(=O)C,Autophagy inhibitor,Others,"Autophagy,Microtubule Associated",Paclitaxel is a microtubule polymer stabilizer with IC50 of 0.1 pM in human endothelial cells.,inhibitor,explicit: Autophagy inhibitor
SNS-314 Mesylate,HAMDB551,1146618-41-8,24995523.0,CS(=O)(=O)O.C1=CC(=CC(=C1)Cl)NC(=O)NC2=NC=C(S2)CCNC3=NC=NC4=C3SC=C4,Aurora Kinase inhibitor,Others,Aurora Kinase,"SNS-314 Mesylate is a potent and selective inhibitor of Aurora A, Aurora B and Aurora C with IC50 of 9 nM, 31 nM, and 3 nM, respectively. It is less potent to Trk A/B, Flt4, Fms, Axl, c-Raf and DDR2. Phase 1.",inhibitor,target rule: Aurora kinase inhibition blocks autophagosome formation
Delanzomib (CEP-18770),HAMDB552,847499-27-8,24800541.0,B(C(CC(C)C)NC(=O)C(C(C)O)NC(=O)C1=CC=CC(=N1)C2=CC=CC=C2)(O)O,Proteasome inhibitor,Others,Proteasome,"CEP-18770 is an orally active inhibitor of the chymotrypsin-like activity of proteasome with IC50 of 3.8 nM, with only marginal inhibition of the tryptic and peptidylglutamyl activities of the proteosome. Phase 1/2.",activator,target rule: Proteasome inhibition induces ER stress/autophagy
CYC116,HAMDB553,693228-63-6,6420138.0,CC1=C(SC(=N1)N)C2=NC(=NC=C2)NC3=CC=C(C=C3)N4CCOCC4,Aurora Kinase inhibitor & VEGFR inhibitor,Cell Cycle,"Aurora Kinase,VEGFR","CYC116 is a potent inhibitor of Aurora A/B with Ki of 8.0 nM/9.2 nM, is less potent to VEGFR2 (Ki of 44 nM), with 50-fold greater potency than CDKs, not active against PKA, Akt/PKB, PKC, no effect on GSK-3¦Á/¦Â, CK2, Plk1 and SAPK2A. Phase 1.",inhibitor,target rule: Aurora kinase inhibition blocks autophagosome formation
JNJ-26854165 (Serdemetan),HAMDB554,881202-45-5,11609586.0,C1=CC=C2C(=C1)C(=CN2)CCNC3=CC=C(C=C3)NC4=CC=NC=C4,p53 activator & E3 Ligase antagonist,Apoptosis,"E3 Ligase ,p53","JNJ-26854165 acts as a HDM2 ubiquitin ligase antagonist and also induces early apoptosis in p53 wild-type cells, inhibits cellular proliferation followed by delayed apoptosis in the absence of functional p53. Phase 1.",activator,target rule: p53 activation can induce autophagy
ENMD-2076,HAMDB555,934353-76-1,16041424.0,CC1=CC(=NN1)NC2=NC(=NC(=C2)N3CCN(CC3)C)C=CC4=CC=CC=C4,FLT3 inhibitor & Aurora Kinase inhibitor & VEGFR inhibitor,Angiogenesis,"Aurora Kinase,FLT3,VEGFR","ENMD-2076 has selective activity against Aurora A and Flt3 with IC50 of 14 nM and 1.86 nM, 25-fold selective for Aurora A than over Aurora B and less potent to VEGFR2/KDR and VEGFR3, FGFR1 and FGFR2 and PDGFR¦Á. Phase 2.",inhibitor,target rule: Aurora kinase inhibition blocks autophagosome formation
Thalidomide,HAMDB556,50-35-1,5426.0,C1CC(=O)NC(=O)C1N2C(=O)C3=CC=CC=C3C2=O,TNF-alpha chemical & E3 Ligase inhibitor,Apoptosis,"E3 Ligase ,TNF-alpha","Thalidomide was introduced as a sedative drug, immunomodulatory agent and also is investigated for treating symptoms of many cancers. Thalidomide inhibits an E3 ubiquitin ligase, which is a CRBN-DDB1-Cul4A complex.Phase 3.",neutral,ambiguous target: tnf-alpha — direction not clear from annotation
CUDC-101,HAMDB557,1012054-59-9,24756910.0,COC1=C(C=C2C(=C1)N=CN=C2NC3=CC=CC(=C3)C#C)OCCCCCCC(=O)NO,HDAC inhibitor & EGFR inhibitor & HER2 inhibitor,Epigenetics,"EGFR,HDAC,HER2","CUDC-101 is a potent multi-targeted inhibitor against HDAC, EGFR and HER2 with IC50 of 4.4 nM, 2.4 nM, and 15.7 nM, and inhibits class I/II HDACs, but not class III, Sir-type HDACs. Phase 1.",activator,target rule: HDAC inhibition commonly induces autophagy
PFI-1 (PF-6405761),HAMDB558,1403764-72-6,71271629.0,CN1CC2=C(C=CC(=C2)NS(=O)(=O)C3=CC=CC=C3OC)NC1=O,Epigenetic Reader Domain inhibitor,Epigenetics,Epigenetic Reader Domain,PFI-1 is a selective BET (bromodomain-containing protein) inhibitor for BRD4 with IC50 of 0.22 ¦ÌM.,neutral,no clear autophagy direction in Category/Target/Description
KU-0063794,HAMDB559,938440-64-3,16736978.0,CC1CN(CC(O1)C)C2=NC3=C(C=CC(=N3)C4=CC(=C(C=C4)OC)CO)C(=N2)N5CCOCC5,mTOR inhibitor,PI3K/Akt/mTOR,mTOR,KU-0063794 is a potent and highly specific dual-mTOR inhibitor of mTORC1 and mTORC2 with IC50 of ~10 nM; no effect on PI3Ks.,activator,target rule: mTOR inhibitor induces autophagy
Vincristine sulfate,HAMDB560,2068-78-2,5388992.0,CCC1(CC2CC(C3=C(CCN(C2)C1)C4=CC=CC=C4N3)(C5=C(C=C6C(=C5)C78CCN9C7C(C=CC9)(C(C(C8N6C=O)(C(=O)OC)O)OC(=O)C)CC)OC)C(=O)OC)O.OS(=O)(=O)O,Microtubule Associated inhibitor & Autophagy modulator,Cytoskeletal Signaling,"Autophagy,Microtubule Associated",Vincristine is an inhibitor of polymerization of microtubules by binding to tubulin with IC50 of 32 ¦ÌM.,inhibitor,target rule: Autophagosome inhibition
JNJ-7706621,HAMDB561,443797-96-4,5330790.0,C1=CC(=C(C(=C1)F)C(=O)N2C(=NC(=N2)NC3=CC=C(C=C3)S(=O)(=O)N)N)F,CDK inhibitor & Aurora Kinase inhibitor,Cell Cycle,"Aurora Kinase,CDK",JNJ-7706621 is pan-CDK inhibitor with the highest potency on CDK1/2 with IC50 of 9 nM/4 nM and showing >6-fold selectivity for CDK1/2 than CDK3/4/6. It also potently inhibits Aurora A/B and has no activity on Plk1 and Wee1.,inhibitor,target rule: Aurora kinase inhibition blocks autophagosome formation
Cilnidipine,HAMDB562,132203-70-4,5282138.0,CC1=C(C(C(=C(N1)C)C(=O)OCC=CC2=CC=CC=C2)C3=CC(=CC=C3)[N+](=O)[O-])C(=O)OCCOC,Calcium Channel inhibitor,Transmembrane Transporters,Calcium Channel,Cilnidipine is a calcium channel blocker.,neutral,ambiguous target: calcium channel inhibitor — direction not clear from annotation
Nafamostat Mesylate,HAMDB563,82956-11-4,5311180.0,CS(=O)(=O)O.CS(=O)(=O)O.C1=CC(=CC=C1C(=O)OC2=CC3=C(C=C2)C=C(C=C3)C(=N)N)N=C(N)N,Serine Protease inhibitor,Proteases,Serine Protease,Nafamostat Mesylate is an anticoagulant.Phase 4.,neutral,ambiguous target: serine protease inhibitor — direction not clear from annotation
Droxinostat,HAMDB564,99873-43-5,568416.0,CC1=C(C=CC(=C1)Cl)OCCCC(=O)NO,HDAC inhibitor,Cytoskeletal Signaling,HDAC,"Droxinostat (CMH, 5809354) is a selective inhibitor of HDAC, mostly for HDACs 6 and 8 with IC50 of 2.47¦ÌM and 1.46 ¦ÌM, greater than 8-fold selective against HDAC3 and no inhibition to HDAC1, 2, 4, 5, 7, 9, and 10.",activator,target rule: HDAC inhibition commonly induces autophagy
Aurora A Inhibitor I,HAMDB565,1158838-45-9,44139710.0,CCN1CCN(CC1)C(=O)CC2=CC=C(C=C2)NC3=NC=C(C(=N3)NC4=CC=C(C=C4)C(=O)NC5=CC=CC=C5Cl)F,Aurora Kinase inhibitor,Cell Cycle,Aurora Kinase,"Aurora A Inhibitor I is a novel, potent, and selective inhibitor of Aurora A with IC50 of 3.4 nM. It is 1000-fold more selective for Aurora A than Aurora B.",inhibitor,target rule: Aurora kinase inhibition blocks autophagosome formation
PHA-680632,HAMDB566,398493-79-3,11249084.0,CCC1=C(C(=CC=C1)CC)NC(=O)N2CC3=C(C2)NN=C3NC(=O)C4=CC=C(C=C4)N5CCN(CC5)C,Aurora Kinase inhibitor,Cell Cycle,Aurora Kinase,"PHA-680632 is potent inhibitor of Aurora A, Aurora B and Aurora C with IC50 of 27 nM, 135 nM and 120 nM, respectively. It has 10- to 200-fold higher IC50 for FGFR1, FLT3, LCK, PLK1, STLK2, and VEGFR2/3.",inhibitor,target rule: Aurora kinase inhibition blocks autophagosome formation
MC1568,HAMDB567,852475-26-4,11381449.0,CN1C=C(C=C1C=CC(=O)NO)C=CC(=O)C2=CC(=CC=C2)F,HDAC inhibitor,Cytoskeletal Signaling,HDAC,MC1568 is a selective HDAC inhibitor for maize HD1-A with IC50 of 100 nM. It is 34-fold more selective for HD1-A than HD1-B.,activator,target rule: HDAC inhibition commonly induces autophagy
Pracinostat (SB939),HAMDB568,929016-96-6,49855250.0,CCCCC1=NC2=C(N1CCN(CC)CC)C=CC(=C2)C=CC(=O)NO,HDAC inhibitor,Cytoskeletal Signaling,HDAC,SB939 is a potent pan-HDAC inhibitor with IC50 of 40-140 nM with exception for HDAC6. It has no activity against the class III isoenzyme SIRT I. Phase 2.,activator,target rule: HDAC inhibition commonly induces autophagy
"Voxtalisib (SAR245409, XL765) Analogue",HAMDB569,1349796-36-6,49867926.0,CC1=C(C=C(C=C1)C(=O)NC2=CC=C(C=C2)S(=O)(=O)NC3=NC4=CC=CC=C4N=C3NC5=CC(=CC(=C5)OC)OC)OC,PI3K inhibitor & mTOR inhibitor,PI3K/Akt/mTOR,"mTOR,PI3K","SAR245409 (XL765) is a dual inhibitor of mTOR/PI3K, mostly for p110¦Ã with IC50 of 9 nM; also inhibits DNA-PK and mTOR. Phase 1/2.",activator,target rule: mTOR inhibitor induces autophagy
Selisistat (EX 527),HAMDB570,49843-98-3,5113032.0,C1CC(C2=C(C1)C3=C(N2)C=CC(=C3)Cl)C(=O)N,Sirtuin inhibitor,Epigenetics,Sirtuin,"EX 527 is a potent and selective SIRT1 inhibitor with IC50 of 38 nM, exhibits >200-fold selectivity against SIRT2 and SIRT3.",activator,target rule: Sirtuin inhibition (SIRT1/2) induces autophagy
Isradipine,HAMDB571,75695-93-1,3784.0,CC1=C(C(C(=C(N1)C)C(=O)OC(C)C)C2=CC=CC3=NON=C32)C(=O)OC,Calcium Channel inhibitor,Transmembrane Transporters,Calcium Channel,Isradipine(Dynacirc) is a calcium channel blocker with an IC50 of 34¡À8 ¦ÌM.,neutral,ambiguous target: calcium channel inhibitor — direction not clear from annotation
Divalproex Sodium,HAMDB572,76584-70-8,23663956.0,CCCC(CCC)C(=O)O.CCCC(CCC)C(=O)[O-].[Na+],HDAC inhibitor,Ubiquitin,HDAC,Divalproex sodium consists of a compound of sodium valproate and valproic acid in a 1:1 molar relationship in an enteric coated form.,activator,target rule: HDAC inhibition commonly induces autophagy
Felodipine,HAMDB573,72509-76-3,3333.0,CCOC(=O)C1=C(NC(=C(C1C2=C(C(=CC=C2)Cl)Cl)C(=O)OC)C)C,Calcium Channel inhibitor,Transmembrane Transporters,Calcium Channel,Felodipine is a selective L-type Ca2+ channel blocker with IC50 of 0.15 nM.,neutral,ambiguous target: calcium channel inhibitor — direction not clear from annotation
Amlodipine,HAMDB574,88150-42-9,2162.0,CCOC(=O)C1=C(NC(=C(C1C2=CC=CC=C2Cl)C(=O)OC)C)COCCN,Calcium Channel inhibitor,Transmembrane Transporters,Calcium Channel,Amlodipine(Norvasc) is a long-acting calcium channel blocker with an IC50 of 1.9 nM.,neutral,ambiguous target: calcium channel inhibitor — direction not clear from annotation
Lacidipine,HAMDB575,103890-78-4,5311217.0,CCOC(=O)C1=C(NC(=C(C1C2=CC=CC=C2C=CC(=O)OC(C)(C)C)C(=O)OCC)C)C,Calcium Channel inhibitor,Transmembrane Transporters,Calcium Channel,"Lacidipine (Lacipil, Motens) is a L-type calcium channel blocker.",neutral,ambiguous target: calcium channel inhibitor — direction not clear from annotation
PCI-34051,HAMDB576,950762-95-5,24753719.0,COC1=CC=C(C=C1)CN2C=CC3=C2C=C(C=C3)C(=O)NO,HDAC inhibitor,Epigenetics,HDAC,"PCI-34051 is a potent and specific HDAC8 inhibitor with IC50 of 10 nM. It has greater than 200-fold selectivity over HDAC1 and 6, more than 1000-fold selectivity over HDAC2, 3, and 10.",activator,target rule: HDAC inhibition commonly induces autophagy
Flunarizine 2HCl,HAMDB577,30484-77-6,5282407.0,C1CN(CCN1CC=CC2=CC=CC=C2)C(C3=CC=C(C=C3)F)C4=CC=C(C=C4)F.Cl.Cl,Calcium Channel inhibitor,Transmembrane Transporters,Calcium Channel,Flunarizine dihydrochloride is a dihydrochloride salt form which is a calcium channel blocker with a Ki of 68 nM.,neutral,ambiguous target: calcium channel inhibitor — direction not clear from annotation
Clevidipine Butyrate,HAMDB578,167221-71-8,153994.0,CCCC(=O)OCOC(=O)C1=C(NC(=C(C1C2=C(C(=CC=C2)Cl)Cl)C(=O)OC)C)C,Calcium Channel inhibitor,Transmembrane Transporters,Calcium Channel,Cleviprex (Clevidipine) is a dihydropyridine calcium channel blocker use as agent for the reduction of blood pressure.,neutral,ambiguous target: calcium channel inhibitor — direction not clear from annotation
Gabexate Mesylate,HAMDB579,56974-61-9,6604561.0,CCOC(=O)C1=CC=C(C=C1)OC(=O)CCCCCN=C(N)N.CS(=O)(=O)O,Serine Protease inhibitor,Proteases,Serine Protease,Gabexate is a serine protease inhibitor with IC50 of 0.19 ¦ÌM which is used therapeutically in the treatment of pancreatitis and disseminated intravascular coagulation.,neutral,ambiguous target: serine protease inhibitor — direction not clear from annotation
KW-2449,HAMDB580,1000669-72-6,11427553.0,C1CN(CCN1)C(=O)C2=CC=C(C=C2)C=CC3=NNC4=CC=CC=C43,FLT3 inhibitor & Aurora Kinase inhibitor & Bcr-Abl inhibitor,Angiogenesis,"Aurora Kinase,Bcr-Abl,FLT3","KW-2449 is a multiple-targeted inhibitor, mostly for Flt3 with IC50 of 6.6 nM, modestly potent to FGFR1, Bcr-Abl and Aurora A; little effect on PDGFR¦Â, IGF-1R, EGFR. Phase 1.",inhibitor,target rule: Aurora kinase inhibition blocks autophagosome formation
Givinostat (ITF2357),HAMDB581,732302-99-7,9804991.0,CCN(CC)CC1=CC2=C(C=C1)C=C(C=C2)COC(=O)NC3=CC=C(C=C3)C(=O)NO.O.Cl,HDAC inhibitor,Cytoskeletal Signaling,HDAC,"Givinostat (ITF2357) is a potent HDAC inhibitor for HDAC2, HDAC1B and HDAC1A with IC50 of 10 nM, 7.5 nM and 16 nM. Phase 1/2.",activator,target rule: HDAC inhibition commonly induces autophagy
TAME,HAMDB582,901-47-3,1550286.0,CC1=CC=C(C=C1)S(=O)(=O)NC(CCCN=C(N)N)C(=O)OC,APC inhibitor & E3 Ligase inhibitor,Cell Cycle,"APC,E3 Ligase",Tosyl-L-Arginine Methyl Ester (TAME) is an APC inhibitor.,neutral,no clear autophagy direction in Category/Target/Description
Chrysophanic Acid,HAMDB583,481-74-3,10208.0,CC1=CC(=C2C(=C1)C(=O)C3=C(C2=O)C(=CC=C3)O)O,EGFR inhibitor?&?mTOR inhibitor,Protein Tyrosine Kinase,"EGFR,mTOR","Chrysophanic acid (Chrysophanol), a natural anthraquinone isolated from Dianella longifolia, is a EGFR/mTOR pathway inhibitor.",activator,target rule: mTOR inhibitor induces autophagy
Rotundine,HAMDB584,483-14-7,72301.0,COC1=C(C2=C(CC3C4=CC(=C(C=C4CCN3C2)OC)OC)C=C1)OC,Dopamine Receptor antagonist,Neuronal Signaling,Dopamine Receptor,"Rotundine (L-tetrahydropalmatine, L-THP) is a selective dopamine D1 receptor antagonist with IC50 of 166 nM.",inhibitor,target rule: Dopamine receptor antagonism commonly inhibits autophagy
Forskolin,HAMDB585,66575-29-9,47936.0,CC(=O)OC1C(C2C(CCC(C2(C3(C1(OC(CC3=O)(C)C=C)C)O)C)O)(C)C)O,cAMP activator,GPCR & G Protein,cAMP,"Forskolin is a ubiquitous activator of eukaryotic adenylyl cyclase (AC), commonly used to raise levels of cAMP in the study and research of cell physiology.",activator,target rule: cAMP activation can induce autophagy
Bupivacaine HCl,HAMDB586,18010-40-7,64737.0,CCCCN1CCCCC1C(=O)NC2=C(C=CC=C2C)C.Cl,Sodium Channel inhibitor,GPCR & G Protein,Sodium Channel,Bupivacaine hydrochloride(Marcain) is a more potent cAMP production inhibitor with an IC50 of 2.3 ¦ÌM,neutral,ambiguous target: sodium channel inhibitor — direction not clear from annotation
Clonidine HCl,HAMDB587,4205-91-8,20179.0,C1CN=C(N1)NC2=C(C=CC=C2Cl)Cl.Cl,Adrenergic Receptor agonist & Autophagy activator,Neuronal Signaling,"Adrenergic Receptor,Autophagy",Clonidine hydrochloride(Catapres) is a direct-acting ¦Á2 adrenergic agonist with an ED50 of 0.02¡À0.01 mg/kg.,activator,explicit: Autophagy activator
Manidipine,HAMDB588,89226-50-6,4008.0,CC1=C(C(C(=C(N1)C)C(=O)OCCN2CCN(CC2)C(C3=CC=CC=C3)C4=CC=CC=C4)C5=CC(=CC=C5)[N+](=O)[O-])C(=O)OC,,Transmembrane Transporters,Calcium Channel,"Manidipine (Manyper) is a lipophilic, third-generation, highly vasoselective dihydropyridine calcium antagonist with an IC50 of 2.6 nM.",neutral,no clear autophagy direction in Category/Target/Description
Manidipine 2HCl,HAMDB589,89226-75-5,150762.0,CC1=C(C(C(=C(N1)C)C(=O)OCCN2CCN(CC2)C(C3=CC=CC=C3)C4=CC=CC=C4)C5=CC(=CC=C5)[N+](=O)[O-])C(=O)OC.Cl.Cl,Calcium Channel antagonist,Transmembrane Transporters,Calcium Channel,"Manidipine 2HCl is a HCl salt form of Manidipine, which is a calcium channel blocker with IC50 of 2.6 nM, used clinically as an antihypertensive. Phase 4.",neutral,ambiguous target: calcium channel antagonist — direction not clear from annotation
Nitrendipine,HAMDB590,39562-70-4,4507.0,CCOC(=O)C1=C(NC(=C(C1C2=CC(=CC=C2)[N+](=O)[O-])C(=O)OC)C)C,Calcium Channel inhibitor & Autophagy activator,Transmembrane Transporters,"Autophagy,Calcium Channel",Nitrendipine is a dihydropyridine calcium channel blocker with an IC50 of 95 nM.,activator,explicit: Autophagy activator
Tetracaine HCl,HAMDB591,136-47-0,8695.0,CCCCNC1=CC=C(C=C1)C(=O)OCCN(C)C.Cl,Calcium Channel inhibitor,Transmembrane Transporters,Calcium Channel,Tetracaine hydrochloride (Pontocaine) is a hydrochloride salt form of tetracaine which is a potent local anaesthetic and a channel function allosteric inhibitor.,neutral,ambiguous target: calcium channel inhibitor — direction not clear from annotation
MG-132,HAMDB592,133407-82-6,462382.0,CC(C)CC(C=O)NC(=O)C(CC(C)C)NC(=O)C(CC(C)C)NC(=O)OCC1=CC=CC=C1,Proteasome inhibitor,Proteases,Proteasome,"MG-132 is an inhibitor of proteasome with IC50 of 100 nM, and also inhibits calpain with IC50 of 1.2 ¦ÌM.",activator,target rule: Proteasome inhibition induces ER stress/autophagy
PP121,HAMDB593,1092788-83-4,24905142.0,C1CCC(C1)N2C3=C(C(=N2)C4=CN=C5C(=C4)C=CN5)C(=NC=N3)N,PDGFR inhibitor & DNA-PK inhibitor & mTOR inhibitor,Protein Tyrosine Kinase,"DNA-PK,mTOR,PDGFR","PP-121 is a multi-targeted inhibitor of PDGFR, Hck, mTOR, VEGFR2, Src and Abl with IC50 of 2 nM, 8 nM, 10 nM, 12 nM, 14 nM and 18 nM, also inhibits DNA-PK with IC50 of 60 nM.",activator,target rule: mTOR inhibitor induces autophagy
"Omipalisib (GSK2126458, GSK458)",HAMDB594,1086062-66-9,25167777.0,COC1=C(C=C(C=N1)C2=CC3=C(C=CN=C3C=C2)C4=CN=NC=C4)NS(=O)(=O)C5=C(C=C(C=C5)F)F,PI3K inhibitor & mTOR inhibitor,PI3K/Akt/mTOR,"mTOR,PI3K","GSK2126458 is a highly selective and potent inhibitor of p110¦Á/¦Â/¦Ä/¦Ã, mTORC1/2 with Ki of 0.019 nM/0.13 nM/0.024 nM/0.06 nM and 0.18 nM/0.3 nM, respectively. Phase 1.",activator,target rule: mTOR inhibitor induces autophagy
WYE-125132 (WYE-132),HAMDB595,1144068-46-1,25260757.0,CNC(=O)NC1=CC=C(C=C1)C2=NC3=C(C=NN3C4CCC5(CC4)OCCO5)C(=N2)N6CC7CCC(C6)O7,mTOR inhibitor,PI3K/Akt/mTOR,mTOR,"WYE-125132 is a highly potent, ATP-competitive mTOR inhibitor with IC50 of 0.19 nM; highly selective for mTOR versus PI3Ks or PI3K-related kinases hSMG1 and ATR.",activator,target rule: mTOR inhibitor induces autophagy
Geldanamycin,HAMDB596,30562-34-6,5288382.0,CC1CC(C(C(C=C(C(C(C=CC=C(C(=O)NC2=CC(=O)C(=C(C1)C2=O)OC)C)OC)OC(=O)N)C)C)O)OC,HSP (e.g. HSP90) inhibitor & Autophagy activator,Cytoskeletal Signaling,"Autophagy,HSP (e.g. HSP90)","Geldanamycin is a natural existing HSP90 inhibitor with Kd of 1.2 ¦ÌM, specifically disrupts glucocorticoid receptor (GR)/HSP association.",activator,explicit: Autophagy activator
TAK-901,HAMDB597,934541-31-8,16124208.0,CCS(=O)(=O)C1=CC=CC(=C1)C2=CC(=C(C3=C2C4=CC(=CN=C4N3)C)C)C(=O)NC5CCN(CC5)C,Aurora Kinase inhibitor,Cell Cycle,Aurora Kinase,"TAK-901 is a novel inhibitor of Aurora A/B with IC50 of 21 nM/15 nM. It is not a potent inhibitor of cellular JAK2, c-Src or Abl. Phase 1.",inhibitor,target rule: Aurora kinase inhibition blocks autophagosome formation
AMG-900,HAMDB598,945595-80-2,24856041.0,CC1=CSC(=C1)C2=NN=C(C3=CC=CC=C32)NC4=CC=C(C=C4)OC5=C(C=CC=N5)C6=NC(=NC=C6)N,Aurora Kinase inhibitor,Cell Cycle,Aurora Kinase,"AMG 900 is a potent and highly selective pan-Aurora kinases inhibitor for Aurora A/B/C with IC50 of 5 nM/4 nM /1 nM. It is >10-fold selective for Aurora kinases than p38¦Á, Tyk2, JNK2, Met and Tie2. Phase 1.",inhibitor,target rule: Aurora kinase inhibition blocks autophagosome formation
Nilvadipine,HAMDB599,75530-68-6,4494.0,CC1=C(C(C(=C(N1)C#N)C(=O)OC)C2=CC(=CC=C2)[N+](=O)[O-])C(=O)OC(C)C,Calcium Channel inhibitor,Transmembrane Transporters,Calcium Channel,Nilvadipine is a potent calcium channel blocker with an IC50 of 0.03 nM.,neutral,ambiguous target: calcium channel inhibitor — direction not clear from annotation
PF-04691502,HAMDB600,1013101-36-4,25033539.0,CC1=C2C=C(C(=O)N(C2=NC(=N1)N)C3CCC(CC3)OCCO)C4=CN=C(C=C4)OC,PI3K inhibitor & Akt inhibitor & mTOR inhibitor,PI3K/Akt/mTOR,"Akt,mTOR,PI3K","PF-04691502 is an ATP-competitive PI3K(¦Á/¦Â/¦Ä/¦Ã)/mTOR dual inhibitor with Ki of 1.8 nM/2.1 nM/1.6 nM/1.9 nM and 16 nM, little activity against either Vps34, AKT, PDK1, p70S6K, MEK, ERK, p38, or JNK. Phase 2.",activator,target rule: mTOR inhibitor induces autophagy
CUDC-907,HAMDB601,1339928-25-4,54575456.0,CN(CC1=CC2=C(S1)C(=NC(=N2)C3=CN=C(C=C3)OC)N4CCOCC4)C5=NC=C(C=N5)C(=O)NO,HDAC inhibitor & PI3K inhibitor,Cytoskeletal Signaling,"HDAC,PI3K","CUDC-907 is a dual PI3K and HDAC inhibitor for PI3K¦Á and HDAC1/2/3/10 with IC50 of 19 nM and 1.7 nM/5 nM/1.8 nM/2.8 nM, respectively. Phase 1.",activator,target rule: PI3K inhibition induces autophagy
MK-5108 (VX-689),HAMDB602,1010085-13-8,24748204.0,C1CC(CCC1OC2=C(C(=CC=C2)Cl)F)(CC3=NC(=CC=C3)NC4=NC=CS4)C(=O)O,Aurora Kinase inhibitor,Cell Cycle,Aurora Kinase,"MK-5108 (VX-689) is a highly selective Aurora A inhibitor with IC50 of 0.064 nM and is 220- and 190-fold more selective for Aurora A than Aurora B/C, while it inhibits TrkA with less than 100-fold selectivity. Phase 1.",inhibitor,target rule: Aurora kinase inhibition blocks autophagosome formation
M344,HAMDB603,251456-60-7,3994.0,CN(C)C1=CC=C(C=C1)C(=O)NCCCCCCC(=O)NO,HDAC inhibitor,Cytoskeletal Signaling,HDAC,M344 is a potent HDAC inhibitor with IC50 of 100 nM and able to induce cell differentiation.,activator,target rule: HDAC inhibition commonly induces autophagy
Tacedinaline (CI994),HAMDB604,112522-64-2,2746.0,CC(=O)NC1=CC=C(C=C1)C(=O)NC2=CC=CC=C2N,HDAC inhibitor,Epigenetics,HDAC,CI-994 (Tacedinaline) is an anti-cancer drug which inhibits HDAC1 with IC50 of 0.57 ¦ÌM and causes G1 cell cycle arrest. Phase 3.,activator,target rule: HDAC inhibition commonly induces autophagy
IOX2,HAMDB605,931398-72-0,54685215.0,C1=CC=C(C=C1)CN2C3=CC=CC=C3C(=C(C2=O)C(=O)NCC(=O)O)O,HIF inhibitor,Angiogenesis,HIF,"IOX2 is a potent inhibitor of HIF-1¦Á prolyl hydroxylase-2 (PHD2) with IC50 of 21 nM, >100-fold selectivity over JMJD2A, JMJD2C, JMJD2E, JMJD3, or the 2OG oxygenase FIH.",activator,target rule: HIF stabilizer/PHD inhibitor induces hypoxia-like autophagy
Pifithrin-¦Á (PFT¦Á) HBr,HAMDB606,63208-82-2,9929138.0,CC1=CC=C(C=C1)C(=O)CN2C3=C(CCCC3)SC2=N.Br,p53 inhibitor & Autophagy activator,Apoptosis,"Autophagy,p53","Pifithrin-¦Á is an inhibitor of p53, inhibiting p53-dependent transactivation of p53-responsive genes.",activator,explicit: Autophagy activator
Azelnidipine,HAMDB607,123524-52-7,65948.0,CC1=C(C(C(=C(N1)N)C(=O)OC2CN(C2)C(C3=CC=CC=C3)C4=CC=CC=C4)C5=CC(=CC=C5)[N+](=O)[O-])C(=O)OC(C)C,Calcium Channel inhibitor,Transmembrane Transporters,Calcium Channel,Azelnidipine is a dihydropyridine calcium channel blocker.,neutral,ambiguous target: calcium channel inhibitor — direction not clear from annotation
Trifluoperazine 2HCl,HAMDB608,440-17-5,66064.0,CN1CCN(CC1)CCCN2C3=CC=CC=C3SC4=C2C=C(C=C4)C(F)(F)F.Cl.Cl,Dopamine Receptor inhibitor,Ubiquitin,Dopamine Receptor,Trifluoperazine is a dopamine D2 receptor inhibitor with IC50 of 1.1 nM.,inhibitor,target rule: Dopamine receptor inhibition commonly inhibits autophagy
Sulfacetamide Sodium,HAMDB609,127-56-0,4022878.0,CC(=O)[N-]S(=O)(=O)C1=CC=C(C=C1)N.[Na+],Autophagy activator,Ubiquitin,Autophagy,Sulfacetamide Sodium is an anti-biotic.,activator,explicit: Autophagy activator
Sodium Phenylbutyrate,HAMDB610,1716-12-7,5258.0,C1=CC=C(C=C1)CCCC(=O)[O-].[Na+],HDAC inhibitor,DNA Damage,HDAC,Sodium Phenylbutyrate is a transcriptional regulators that act by altering chromatin structure via the modulation of HDAC activity.,activator,target rule: HDAC inhibition commonly induces autophagy
Brefeldin A,HAMDB611,20350-15-6,5287620.0,CC1CCCC=CC2CC(CC2C(C=CC(=O)O1)O)O,ATPase inhibitor & Autophagy activator,Transmembrane Transporters,"ATPase,Autophagy","Brefeldin A is a lactone antibiotic and ATPase inhibitor for protein transport with IC50 of 0.2 ¦ÌM in HCT 116 cells, induces cancer cell differentiation and apoptosis.",activator,explicit: Autophagy activator
PYR-41,HAMDB612,418805-02-4,5335621.0,CCOC(=O)C1=CC=C(C=C1)N2C(=O)C(=CC3=CC=C(O3)[N+](=O)[O-])C(=O)N2,E1 Activating inhibitor,Ubiquitin,E1 Activating,"PYR-41 is the first cell-permeable inhibitor of ubiquitin-activating enzyme E1, with no activity at E2.",neutral,ambiguous target: e1 activating inhibitor — direction not clear from annotation
PR-619,HAMDB613,2645-32-1,2817763.0,C1=C(C(=NC(=C1SC#N)N)N)SC#N,DUB inhibitor,Ubiquitin,DUB,"PR-619 is a non-selective, reversible inhibitor of the deubiquitinylating enzymes (DUBs) with EC50 of 1-20 ¦ÌM.",inhibitor,target rule: DUB inhibition blocks autophagy flux
P5091 (P005091),HAMDB614,882257-11-6,2819993.0,CC(=O)C1=CC(=C(S1)SC2=C(C(=CC=C2)Cl)Cl)[N+](=O)[O-],DUB inhibitor,Ubiquitin,DUB,P5091(P005091) is a selective and potent inhibitor of ubiquitin-specific protease 7 (USP7) with EC50 of 4.2 ¦ÌM and the closely related USP47.,inhibitor,target rule: DUB inhibition blocks autophagy flux
P22077,HAMDB615,1247819-59-5,46931953.0,CC(=O)C1=CC(=C(S1)SC2=C(C=C(C=C2)F)F)[N+](=O)[O-],DUB inhibitor,Ubiquitin,DUB,"P22077 is an inhibitor of ubiquitin-specific protease USP7 with EC50 of 8.6 ¦ÌM, also inhibits the closely related USP47.",inhibitor,target rule: DUB inhibition blocks autophagy flux
IU1,HAMDB616,314245-33-5,675434.0,CC1=CC(=C(N1C2=CC=C(C=C2)F)C)C(=O)CN3CCCC3,DUB inhibitor,Proteases,DUB,"IU1 is a cell-permeable, reversible and selective proteasome inhibitor of human USP14 with IC50 of 4.7 ¦Ì M, 25-fold selective to IsoT.",activator,target rule: Proteasome inhibition induces ER stress/autophagy
LDN-57444,HAMDB617,668467-91-2,16760696.0,CC(=O)ON=C1C2=C(C=CC(=C2)Cl)N(C1=O)CC3=C(C=CC(=C3)Cl)Cl,DUB inhibitor,Proteases,DUB,"LDN-57444 is a reversible, competitive proteasome inhibitor for Uch-L1 with IC50 of 0.88 ¦ÌM, 28-fold selectivity over isoform Uch-L3.",activator,target rule: Proteasome inhibition induces ER stress/autophagy
TCID,HAMDB618,30675-13-9,2729042.0,C1C(=O)C2=C(C1=O)C(=C(C(=C2Cl)Cl)Cl)Cl,DUB inhibitor,Ubiquitin,DUB,"TCID is a DUB inhibitor for ubiquitin C-terminal hydrolase L3 with IC50 of 0.6 ¦ÌM, 125-fold selective to L1.",inhibitor,target rule: DUB inhibition blocks autophagy flux
ONX-0914 (PR-957),HAMDB619,960374-59-8,23642227.0,CC(C(=O)NC(CC1=CC=C(C=C1)OC)C(=O)NC(CC2=CC=CC=C2)C(=O)C3(CO3)C)NC(=O)CN4CCOCC4,Proteasome inhibitor,Proteases,Proteasome,ONX-0914 (PR-957) is a potent and selective immunoproteasome inhibitor with minimal cross-reactivity for the constitutive proteasome.,activator,target rule: Proteasome inhibition induces ER stress/autophagy
DBeQ,HAMDB620,177355-84-9,676352.0,C1=CC=C(C=C1)CNC2=NC(=NC3=CC=CC=C32)NCC4=CC=CC=C4,p97 inhibitor,Ubiquitin,p97,"DBeQ is a selective, potent, reversible, and ATP-competitive p97 inhibitor with IC50 of 1.5 ¦ÌM.",inhibitor,target rule: p97/VCP inhibition blocks autophagy
NMS-873,HAMDB621,1418013-75-8,71521142.0,CC1=C(C=CC(=C1)OCC2=NN=C(N2C3=CN=CC=C3)SC4CCCC4)C5=CC=C(C=C5)S(=O)(=O)C,p97 inhibitor,Ubiquitin,p97,NMS-873 is an allosteric and specific p97 inhibitor with IC50 of 30 nM.,inhibitor,target rule: p97/VCP inhibition blocks autophagy
GNE-0877,HAMDB622,1374828-69-9,69093374.0,CC1=NN(C=C1NC2=NC=C(C(=N2)NC)C(F)(F)F)C(C)(C)C#N,LRRK2 inhibitor,Autophagy,LRRK2,GNE-0877 is a highly potent and selective leucine-rich repeat kinase 2 (LRRK2) inhibitor with Ki of 0.7 nM.,inhibitor,target rule: Autophagosome inhibition
GNE-9605,HAMDB623,1536200-31-3,76328936.0,CNC1=NC(=NC=C1C(F)(F)F)NC2=C(N(N=C2)C3CCN(CC3F)C4COC4)Cl,LRRK2 inhibitor,Autophagy,LRRK2,"GNE-9605 is a highly potent and selective leucine-rich repeat kinase 2 (LRRK2) inhibitor with Ki and IC50 of 2 nM and 19 nM, respectively.",inhibitor,target rule: Autophagosome inhibition
GNE-7915,HAMDB624,1351761-44-8,58539171.0,CCNC1=NC(=NC=C1C(F)(F)F)NC2=C(C=C(C(=C2)F)C(=O)N3CCOCC3)OC,LRRK2 inhibitor,Autophagy,LRRK2,"GNE-7915 is a highly potent, selective, and brain-penetrable leucine-rich repeat kinase 2 (LRRK2) inhibitor,  with IC50 and Ki of 9 nM and 1 nM, respectively. ",inhibitor,target rule: Autophagosome inhibition
Piperlongumine,HAMDB625,20069-09-4,637858.0,COC1=CC(=CC(=C1OC)OC)C=CC(=O)N2CCC=CC2=O,ROS chemical & CRM1 inhibitor,Others,"ROS,CRM1","Piperlongumine, a natural alkaloid from Piper longum L., increases the level of <b>reactive oxygen species (ROS)</b> and selectively kills cancer cells. ",activator,target rule: ROS induction triggers autophagy
GSK2578215A,HAMDB626,1285515-21-0,68107965.0,C1=CC=C(C=C1)COC2=C(C=C(C=C2)C3=CC(=NC=C3)F)C(=O)NC4=CN=CC=C4,LRRK2 inhibitor,Autophagy,LRRK2,"GSK2578215A is a potent and selective <b>LRRK2 kinase</b> inhibitor with <b>IC50</b> of 8.9 nM and 10.9 nM for LRRK2 (G2019S) and LRRK2 (WT), respectively.",inhibitor,target rule: Autophagosome inhibition
Ricolinostat (ACY-1215),HAMDB627,1316214-52-4,53340666.0,C1=CC=C(C=C1)N(C2=CC=CC=C2)C3=NC=C(C=N3)C(=O)NCCCCCCC(=O)NO,HDAC inhibitor,Epigenetics,HDAC,"Rocilinostat (ACY-1215) is a selective HDAC6 inhibitor with IC50 of 5 nM. It is >10-fold more selective for HDAC6 than HDAC1/2/3 (class I HDACs) with slight activity against HDAC8, minimal activity against HDAC4/5/7/9/11, Sirtuin1, and Sirtuin2.",activator,target rule: HDAC inhibition commonly induces autophagy
SMI-4a,HAMDB628,438190-29-5,1361334.0,C1=CC(=CC(=C1)C(F)(F)F)C=C2C(=O)NC(=O)S2,Pim inhibitor,JAK/STAT,Pim,"SMI-4a is a potent inhibitor of Pim1 with IC50 of 17 nM, modest potent to Pim-2, does not significantly inhibit other serine/threonine- or tyrosine-kinases.",activator,target rule: Pim kinase inhibition can induce autophagy
PF-06447475,HAMDB629,1527473-33-1,72706840.0,C1COCCN1C2=NC=NC3=C2C(=CN3)C4=CC=CC(=C4)C#N,LRRK2 inhibitor,Autophagy,LRRK2,"PF-06447475 is a potent, selective, and brain penetrant LRRK2 kinase inhibitor with IC50 of 3 nM.",inhibitor,target rule: Autophagosome inhibition
Hydroxychloroquine Sulfate,HAMDB630,747-36-4,12947.0,CCN(CCCC(C)NC1=C2C=CC(=CC2=NC=C1)Cl)CCO.OS(=O)(=O)O,Autophagy inhibitor,Autophagy,Autophagy,"Hydroxychloroquine Sulfate is an antimalarial agent used for the treatment of systemic lupus erythematosus, rheumatoid arthritis and other autoimmune, inflammatory and dermatologic conditions. Also acts as an inhibitor of autophagy and toll-like receptor (TLR) 7/9.",inhibitor,explicit: Autophagy inhibitor
SBI-0206965,HAMDB631,1884220-36-3,92044402.0,CNC(=O)C1=CC=CC=C1OC2=NC(=NC=C2Br)NC3=CC(=C(C(=C3)OC)OC)OC,Autophagy inhibitor,Autophagy,Autophagy,"SBI-0206965 is a highly selective autophagy kinase <b>ULK1</b> inhibitor with <b>IC50</b> of 108 nM, about 7-fold selectivity over ULK2. ",inhibitor,explicit: Autophagy inhibitor
Bortezomib,HAMDB632,179324-69-7,387447.0,B(C(CC(C)C)NC(=O)C(CC1=CC=CC=C1)NC(=O)C2=NC=CN=C2)(O)O,Proteasome Inhibitor,Ubiquitination,Proteasome,Proteasome Inhibitor,activator,target rule: Proteasome inhibition induces ER stress/autophagy
Nutlin-3,HAMDB633,890090-75-2,216345.0,CC(C)OC1=C(C=CC(=C1)OC)C2=NC(C(N2C(=O)N3CCNC(=O)C3)C4=CC=C(C=C4)Cl)C5=CC=C(C=C5)Cl,"MDM2 antagonist,inhibits MDM2-p53 interaction",Apoptosis,p53,"MDM2 antagonist,inhibits MDM2-p53 interaction",activator,target rule: MDM2 antagonism activates p53 → autophagy
Wortmannin,HAMDB634,19545-26-7,312145.0,CC(=O)OC1CC2(C(CCC2=O)C3=C1C4(C(OC(=O)C5=COC(=C54)C3=O)COC)C)C,"PI3K inhibitor,selective and irreversible",Ubiquitination,Autophagy,"PI3K inhibitor,selective and irreversible",activator,target rule: PI3K inhibition induces autophagy
SAR405,HAMDB635,1523406-39-4,72709209.0,CC1COCCN1C2=CC(=O)N3CCC(N(C3=N2)CC4=CC(=CN=C4)Cl)C(F)(F)F,Selective ATP-competitive inhibitor of Vps34,Ubiquitination,Autophagy,Selective ATP-competitive inhibitor of Vps34,inhibitor,target rule: VPS34 (class III PI3K) inhibition blocks autophagy
(¡À)-2-hydroxyoleic acid,HAMDB636,56472-29-8,9796304.0,CCCCCCCCC=CCCCCCCC(C(=O)O)O,,,,,neutral,no clear autophagy direction in Category/Target/Description
"1,4,5-IP3",HAMDB637,85166-31-0; 88269-39-0,439456.0,C1(C(C(C(C(C1OP(=O)(O)O)O)OP(=O)(O)O)OP(=O)(O)O)O)O,,,,,neutral,no clear autophagy direction in Category/Target/Description
"1-methyl-4-phenyl-1,2,3,6-tetrahydropyridine",HAMDB638,28289-54-5,1388.0,CN1CCC(=CC1)C2=CC=CC=C2,,,,,neutral,no clear autophagy direction in Category/Target/Description
1-methyl-4-phenylpyridinium,HAMDB639,48134-75-4,39484.0,C[N+]1=CC=C(C=C1)C2=CC=CC=C2,,,,,neutral,no clear autophagy direction in Category/Target/Description
"2',5'-dideoxyadenosine",HAMDB640,6698-26-6,65166.0,CC1C(CC(O1)N2C=NC3=C2N=CN=C3N)O,,,,,neutral,no clear autophagy direction in Category/Target/Description
2-aminopurine,HAMDB641,452-06-2,9955.0,C1=C2C(=NC(=N1)N)N=CN2,,,,,neutral,no clear autophagy direction in Category/Target/Description
2-deoxyglucose,HAMDB642,154-17-6,439268.0,C1C(C(C(OC1O)CO)O)O,,,,,neutral,no clear autophagy direction in Category/Target/Description
2-oxoglutaric acid,HAMDB643,328-50-7,51.0,C(CC(=O)O)C(=O)C(=O)O,,,,,neutral,no clear autophagy direction in Category/Target/Description
"3,3'-diindolylmethane",HAMDB644,1968-05-4,3071.0,C1=CC=C2C(=C1)C(=CN2)CC3=CNC4=CC=CC=C43,,,,,neutral,no clear autophagy direction in Category/Target/Description
"3-[4-(2-chloro-5-fluorophenoxy)-1-piperidinyl]-6-(5-methyl-1,3,4-oxadiazol-2-yl)-pyridazine",HAMDB645,944808-88-2,16732433.0,CC1=NN=C(O1)C2=NN=C(C=C2)N3CCC(CC3)OC4=C(C=CC(=C4)F)Cl,,,,,neutral,no clear autophagy direction in Category/Target/Description
3-n-butylphthalide,HAMDB646,6066-49-5;3413-15-8,61361.0,CCCCC1C2=CC=CC=C2C(=O)O1,,,,,neutral,no clear autophagy direction in Category/Target/Description
4-phenylbutyric acid,HAMDB647,1821-12-1,4775.0,C1=CC=C(C=C1)CCCC(=O)O,,,Aromatic-amino-acid aminotransferase; Thermolysin,,neutral,no clear autophagy direction in Category/Target/Description
5-fluorouracil,HAMDB648,51-21-8,3385.0,C1=C(C(=O)NC(=O)N1)F,,,Thymidylate synthase,,activator,"manual: chemotherapeutic, commonly induces autophagy"
6-hydroxydopamine,HAMDB649,1199-18-4,4624.0,C1=C(C(=CC(=C1O)O)O)CCN,,,,,neutral,no clear autophagy direction in Category/Target/Description
A23187,HAMDB650,52665-69-7,40486.0,CC1CCC2(C(CC(C(O2)C(C)C(=O)C3=CC=CN3)C)C)OC1CC4=NC5=C(O4)C=CC(=C5C(=O)O)NC,,,,,neutral,no clear autophagy direction in Category/Target/Description
A70,HAMDB651,,5496932.0,CCCCC(C(=O)NC(CC1CCCCC1)C(CC(C(C)C)C(=O)NCCCC)O)N2CCN(C(C2=O)CC3=CC=CC=C3)C(=O)N4CCN(CC4)C,,,,,neutral,no clear autophagy direction in Category/Target/Description
acetaminophen,HAMDB652,103-90-2,1983.0,CC(=O)NC1=CC=C(C=C1)O,,,,,neutral,no clear autophagy direction in Category/Target/Description
acetyl-coenzyme A,HAMDB653,72-89-9,444493.0,CC(=O)SCCNC(=O)CCNC(=O)C(C(C)(C)COP(=O)(O)OP(=O)(O)OCC1C(C(C(O1)N2C=NC3=C2N=CN=C3N)O)OP(=O)(O)O)O,,,,,neutral,no clear autophagy direction in Category/Target/Description
alpha-ketoisocaproic acid,HAMDB654,816-66-0,70.0,CC(C)CC(=O)C(=O)O,,,,,neutral,no clear autophagy direction in Category/Target/Description
alpha-peltatin,HAMDB655,568-53-6,92129.0,COC1=CC(=CC(=C1O)OC)C2C3C(CC4=C(C5=C(C=C24)OCO5)O)COC3=O,,,,,neutral,no clear autophagy direction in Category/Target/Description
ammonia,HAMDB656,7664-41-7,222.0,N,,,,,neutral,no clear autophagy direction in Category/Target/Description
antimycin A,HAMDB657,1397-94-0;642-15-9;116095-18-2,14957.0,CCCCCCC1C(C(OC(=O)C(C(OC1=O)C)NC(=O)C2=C(C(=CC=C2)NC=O)O)C)OC(=O)CC(C)C,,,,,neutral,no clear autophagy direction in Category/Target/Description
AR-12,HAMDB658,742112-33-0,10027278.0,C1=CC=C2C(=C1)C=CC3=C2C=CC(=C3)C4=CC(=NN4C5=CC=C(C=C5)NC(=O)CN)C(F)(F)F,,,,,neutral,no clear autophagy direction in Category/Target/Description
archazolid B,HAMDB659,,16757019.0,CC1C=CC=C(C(C(C(C=CC(=CC(=CC(C(C=C(CC=CC(=O)OC1C2=CSC(=N2)C(CC(C)C)OC(=O)NC)C)O)C)C)C)O)C)OC)C,,,,,neutral,no clear autophagy direction in Category/Target/Description
arsenic,HAMDB660,7440-38-2,5359596.0,[As],,,,,neutral,no clear autophagy direction in Category/Target/Description
arsenic trioxide,HAMDB661,1327-53-3,518740.0,O1[As]2O[As]1O2,,,"Thioredoxin reductase 1, cytoplasmic; Transcription factor AP-1; G1/S-specific cyclin-D1",,activator,manual: induces autophagy in cancer cells
atorvastatin,HAMDB662,134523-00-5,4636594.0,CC(C)C1=C(C(=C(N1CCC(CC(CC(=O)[O-])O)O)C2=CC=C(C=C2)F)C3=CC=CC=C3)C(=O)NC4=CC=CC=C4,,,Aryl hydrocarbon receptor; Dipeptidyl peptidase 4; 3-hydroxy-3-methylglutaryl-coenzyme A reductase,,activator,"manual: statin/HMG-CoA reductase inhibitor, induces autophagy"
ATP,HAMDB663,56-65-5,5957.0,C1=NC2=C(C(=N1)N)N=CN2C3C(C(C(O3)COP(=O)(O)OP(=O)(O)OP(=O)(O)O)O)O,,,Abelson tyrosine-protein kinase 2; Multidrug resistance protein 1; ATP-binding cassette sub-family G member 1,,neutral,no clear autophagy direction in Category/Target/Description
aurintricarboxylic acid,HAMDB664,4431-00-9,2259.0,C1=CC(=C(C=C1C(=C2C=CC(=O)C(=C2)C(=O)O)C3=CC(=C(C=C3)O)C(=O)O)C(=O)O)O,,,,,neutral,no clear autophagy direction in Category/Target/Description
bafilomycin A1,HAMDB665,88899-55-2,6436223.0,CC1CC(=CC=CC(C(OC(=O)C(=CC(=CC(C1O)C)C)OC)C(C)C(C(C)C2(CC(C(C(O2)C(C)C)C)O)O)O)OC)C,,,V-type proton ATPase catalytic subunit A,,inhibitor,"manual: V-ATPase inhibitor, blocks autophagic flux"
BAPTA-AM,HAMDB666,126150-97-8,2293.0,CC(=O)OCOC(=O)CN(CC(=O)OCOC(=O)C)C1=CC=CC=C1OCCOC2=CC=CC=C2N(CC(=O)OCOC(=O)C)CC(=O)OCOC(=O)C,,,,,neutral,no clear autophagy direction in Category/Target/Description
batracylin,HAMDB667,67199-66-0,71750.0,C1C2=C(C=CC(=C2)N)N=C3N1C(=O)C4=CC=CC=C43,,,,,neutral,no clear autophagy direction in Category/Target/Description
benzaldehyde,HAMDB668,100-52-7,240.0,C1=CC=C(C=C1)C=O,,,,,neutral,no clear autophagy direction in Category/Target/Description
benzyl isothiocyanate,HAMDB669,622-78-6,2346.0,C1=CC=C(C=C1)CN=C=S,,,,,neutral,no clear autophagy direction in Category/Target/Description
Dipotassium bisperoxo(5-hydroxypyridine-2-carboxyl)oxovanadate,HAMDB670,722494-26-0,92132716.0,C1=CC(=NC=C1O)C(=O)[O-].[OH-].OO.OO.[K+].[K+].[V],,,,,neutral,no clear autophagy direction in Category/Target/Description
bleomycin,HAMDB671,11056-06-7,5360373.0,CC1=C(N=C(N=C1N)C(CC(=O)N)NCC(C(=O)N)N)C(=O)NC(C(C2=CN=CN2)OC3C(C(C(C(O3)CO)O)O)OC4C(C(C(C(O4)CO)O)OC(=O)N)O)C(=O)NC(C)C(C(C)C(=O)NC(C(C)O)C(=O)NCCC5=NC(=CS5)C6=NC(=CS6)C(=O)NCCC[S+](C)C)O,,,DNA ligase 1; DNA ligase 3; DNA,,activator,"manual: DNA damaging agent, can induce autophagy"
bongkrekic acid,HAMDB672,11076-19-0;94188-24-6,6433556.0,CC(CC=CCCC=CC=CCC(C(=CC=C(C)C(=O)O)C)OC)C=CC(=CC(=O)O)CC(=O)O,,,,,neutral,no clear autophagy direction in Category/Target/Description
butylated hydroxyanisol,HAMDB673,25013-16-5; 121-00-6,8456.0,CC(C)(C)C1=C(C=CC(=C1)OC)O,,,,,neutral,no clear autophagy direction in Category/Target/Description
Ca2+,HAMDB674,9013-56-3; 14127-61-8; 17787-72-3,271.0,[Ca+2],,,,,neutral,no clear autophagy direction in Category/Target/Description
calcitriol,HAMDB675,32222-06-3,5280453.0,CC(CCCC(C)(C)O)C1CCC2C1(CCCC2=CC=C3CC(CC(C3=C)O)O)C,,,,,neutral,no clear autophagy direction in Category/Target/Description
calcium phosphate,HAMDB676,7758-87-4; 10103-46-5; 21063-37-6,24456.0,[O-]P(=O)([O-])[O-].[O-]P(=O)([O-])[O-].[Ca+2].[Ca+2].[Ca+2],,,,,neutral,no clear autophagy direction in Category/Target/Description
calpeptin,HAMDB677,117591-20-5,73364.0,CCCCC(C=O)NC(=O)C(CC(C)C)NC(=O)OCC1=CC=CC=C1,,,,,neutral,no clear autophagy direction in Category/Target/Description
camptothecin,HAMDB678,7689-03-4,24360.0,CCC1(C2=C(COC1=O)C(=O)N3CC4=CC5=CC=CC=C5N=C4C3=C2)O,,,Multidrug resistance protein 1; DNA topoisomerase 1; ATP-binding cassette sub-family G member 2;,,activator,"manual: topoisomerase inhibitor, can induce autophagy"
carbon monoxide,HAMDB679,630-08-0,281.0,[C-]#[O+],,,,,neutral,no clear autophagy direction in Category/Target/Description
carbonyl cyanide m-chlorophenyl hydrazone,HAMDB680,555-60-2,603.0,C(C(C(C(C(=O)CO)O)O)O)OP(=O)(O)O,,,,,neutral,no clear autophagy direction in Category/Target/Description
ceramide,HAMDB681,2304-81-6,13846207.0,CCCCCCCCCCCCCCCCCC(=O)NC(CO)C(C=CCCCCCCCCCCCCC)O,,,,,neutral,no clear autophagy direction in Category/Target/Description
cetuximab,HAMDB682,,85668777.0,CC1(C(=C)N(C2=CC=CC=C21)CCCCCC(=O)O)C,,,,,neutral,no clear autophagy direction in Category/Target/Description
chloropromazine,HAMDB683,50-53-3; 34468-21-8,2726.0,CN(C)CCCN1C2=CC=CC=C2SC3=C1C=C(C=C3)Cl,,,D(2) dopamine receptor; D(1A) dopamine receptor; 5-hydroxytryptamine receptor 2A,,neutral,no clear autophagy direction in Category/Target/Description
chloroquine,HAMDB684,54-05-7,2719.0,CCN(CC)CCCC(C)NC1=C2C=CC(=CC2=NC=C1)Cl,,,Fe(II)-protoporphyrin IX; Glutathione S-transferase A2; Tumor necrosis factor,,inhibitor,"manual: lysosomal inhibitor, blocks autophagic degradation"
cholecalciferol,HAMDB685,67-97-0,5280795.0,CC(C)CCCC(C)C1CCC2C1(CCCC2=CC=C3CC(CCC3=C)O)C,,,"Sterol 26-hydroxylase, mitochondrial; Cytochrome P450 2J2; Cytochrome P450 3A4",,neutral,no clear autophagy direction in Category/Target/Description
cholesterol,HAMDB686,57-88-5,46937002.0,CC(C)CCCC(C)C1CCC2C1(CCC3C2CC=C4C3(CCC(C4)O)C)C,,,Nuclear receptor ROR-alpha,,neutral,no clear autophagy direction in Category/Target/Description
cisplatin,HAMDB687,15663-27-1,2767.0,[NH2-].[NH2-].Cl[Pt+2]Cl,,,DNA; Myeloperoxidase; Xanthine dehydrogenase/oxidase,,activator,"manual: DNA damaging agent, commonly induces autophagy"
citrinin,HAMDB688,518-75-2,54680783.0,CC1C(OC=C2C1=C(C(=C(C2=O)C(=O)O)O)C)C,,,,,neutral,no clear autophagy direction in Category/Target/Description
clonidine,HAMDB689,4205-90-7,2803.0,C1CN=C(N1)NC2=C(C=CC=C2Cl)Cl,,,Alpha-2A adrenergic receptor; Alpha-2B adrenergic receptor; Alpha-2C adrenergic receptor,,neutral,no clear autophagy direction in Category/Target/Description
cobalt chloride,HAMDB690,7646-79-9,24288.0,Cl[Co]Cl,,,,,neutral,no clear autophagy direction in Category/Target/Description
cyclic AMP,HAMDB691,60-92-4,6076.0,C1C2C(C(C(O2)N3C=NC4=C3N=CN=C4N)O)OP(=O)(O1)O,,,Potassium/sodium hyperpolarization-activated cyclic nucleotide-gated channel 2; cAMP-dependent protein kinase type I-alpha regulatory subunit; cAMP-dependent protein kinase type II-beta regulatory subunit,,neutral,no clear autophagy direction in Category/Target/Description
cyclosporin,HAMDB692,79217-60-0,6435893.0,CCC1C(=O)N(CC(=O)N(C(C(=O)NC(C(=O)N(C(C(=O)NC(C(=O)NC(C(=O)N(C(C(=O)N(C(C(=O)N(C(C(=O)N(C(C(=O)N1)C(C(C)CC=CC)O)C)C(C)C)C)CC(C)C)C)CC(C)C)C)C)C)CC(C)C)C)C(C)C)CC(C)C)C)C,,,,,neutral,no clear autophagy direction in Category/Target/Description
cyclosporin A,HAMDB693,59865-13-3,5284373.0,CCC1C(=O)N(CC(=O)N(C(C(=O)NC(C(=O)N(C(C(=O)NC(C(=O)NC(C(=O)N(C(C(=O)N(C(C(=O)N(C(C(=O)N(C(C(=O)N1)C(C(C)CC=CC)O)C)C(C)C)C)CC(C)C)C)CC(C)C)C)C)C)CC(C)C)C)C(C)C)CC(C)C)C)C,,,Calcium signal-modulating cyclophilin ligand; Calcineurin subunit B type 2; Peptidyl-prolyl cis-trans isomerase A,,activator,"manual: calcineurin inhibitor, can induce autophagy"
cysmethynil,HAMDB694,851636-83-4,6918831.0,CCCCCCCCN1C=C(C2=C1C=CC(=C2)C3=CC(=CC=C3)C)CC(=O)N,,,,,neutral,no clear autophagy direction in Category/Target/Description
cytochalasin H,HAMDB695,53760-19-3,6434468.0,CC1CC=CC2C(C(=C)C(C3C2(C(C=CC(C1)(C)O)OC(=O)C)C(=O)NC3CC4=CC=CC=C4)C)O,,,,,neutral,no clear autophagy direction in Category/Target/Description
D-2-amino-5-phosphonovaleric acid,HAMDB696,79055-67-7; 79055-68-8,135342.0,C(CC(C(=O)O)N)CP(=O)(O)O,,,,,neutral,no clear autophagy direction in Category/Target/Description
delta-9-tetrahydrocannabinol,HAMDB697,1972-08-3; 6465-30-1; 308064-99-5,16078.0,CCCCCC1=CC2=C(C3C=C(CCC3C(O2)(C)C)C)C(=C1)O,,,Cannabinoid receptor 1; Cannabinoid receptor 2,,neutral,no clear autophagy direction in Category/Target/Description
deoxypodophyllotoxin,HAMDB698,69222-20-4; 19186-35-7,345501.0,COC1=CC(=CC(=C1OC)OC)C2C3C(CC4=CC5=C(C=C24)OCO5)COC3=O,,,,,neutral,no clear autophagy direction in Category/Target/Description
D-glucose,HAMDB699,2280-44-6; 50-99-7,5793.0,C(C1C(C(C(C(O1)O)O)O)O)O,,,,,neutral,no clear autophagy direction in Category/Target/Description
dichloroacetic acid,HAMDB700,79-43-6,6597.0,C(C(=O)O)(Cl)Cl,,,"[Pyruvate dehydrogenase [lipoamide]] kinase isozyme 1, mitochondrial",,neutral,no clear autophagy direction in Category/Target/Description
dihydrotestosterone,HAMDB701,521-18-6,10635.0,CC12CCC(=O)CC1CCC3C2CCC4(C3CCC4O)C,,,"Estradiol 17-beta-dehydrogenase 1; Androgen receptor; Cholesterol side-chain cleavage enzyme, mitochondrial",,neutral,no clear autophagy direction in Category/Target/Description
dimethyl-alpha-ketoglutarate,HAMDB702,13192-04-6,25775.0,COC(=O)CCC(=O)C(=O)OC,,,,,neutral,no clear autophagy direction in Category/Target/Description
dipyridamole,HAMDB703,58-32-2,3108.0,C1CCN(CC1)C2=NC(=NC3=C2N=C(N=C3N4CCCCC4)N(CCO)CCO)N(CCO)CCO,,,"cAMP and cAMP-inhibited cGMP 3',5'-cyclic phosphodiesterase 10A; Adenosine deaminase; cGMP-specific 3',5'-cyclic phosphodiesterase",,neutral,no clear autophagy direction in Category/Target/Description
diquat,HAMDB704,85-00-7; 231-36-7; 2764-72-9,6795.0,C1C[N+]2=CC=CC=C2C3=CC=CC=[N+]31,,,,,neutral,no clear autophagy direction in Category/Target/Description
docosahexaenoic acid,HAMDB705,6217-54-5,445580.0,CCC=CCC=CCC=CCC=CCC=CCC=CCCC(=O)O,,,,,neutral,no clear autophagy direction in Category/Target/Description
doxorubicin,HAMDB706,23214-92-8,31703.0,CC1C(C(CC(O1)OC2CC(CC3=C(C4=C(C(=C23)O)C(=O)C5=C(C4=O)C=CC=C5OC)O)(C(=O)CO)O)N)O,,,,,neutral,no clear autophagy direction in Category/Target/Description
drospirenone,HAMDB707,67392-87-4,68873.0,CC12CCC(=O)C=C1C3CC3C4C2CCC5(C4C6CC6C57CCC(=O)O7)C,,,Progesterone receptor; Mineralocorticoid receptor; Androgen receptor,,neutral,no clear autophagy direction in Category/Target/Description
Aloxistatin,HAMDB708,88321-09-9,65663.0,CCOC(=O)C1C(O1)C(=O)NC(CC(C)C)C(=O)NCCC(C)C,,,,,neutral,no clear autophagy direction in Category/Target/Description
epothilone B,HAMDB709,152044-54-7,448013.0,CC1CCCC2(C(O2)CC(OC(=O)CC(C(C(=O)C(C1O)C)(C)C)O)C(=CC3=CSC(=N3)C)C)C,,,Tubulin alpha-3C/D chain; Tubulin beta-1 chain; Tubulin alpha-1B chain,,inhibitor,"manual: microtubule stabilizer, blocks autophagosome trafficking"
esomeprazole magnesium,HAMDB710,161973-10-0; 95382-33-5; 217087-09-7,130564.0,CC1=CN=C(C(=C1OC)C)CS(=O)C2=NC3=C([N-]2)C=CC(=C3)OC.CC1=CN=C(C(=C1OC)C)CS(=O)C2=NC3=C([N-]2)C=CC(=C3)OC.[Mg+2],,,,,neutral,no clear autophagy direction in Category/Target/Description
ethopropazine,HAMDB711,522-00-9,3290.0,CCN(CC)C(C)CN1C2=CC=CC=C2SC3=CC=CC=C31,,,"Muscarinic acetylcholine receptor M1; Glutamate receptor ionotropic, NMDA 3A; Muscarinic acetylcholine receptor M2",,neutral,no clear autophagy direction in Category/Target/Description
ethyl pyruvate,HAMDB712,617-35-6,12041.0,CCOC(=O)C(=O)C,,,Tumor necrosis factor; High mobility group protein B1,,neutral,no clear autophagy direction in Category/Target/Description
everolimus,HAMDB713,159351-69-6,18477728.0,CC1CCC2CC(C(=CC=CC=CC(CC(C(=O)C(C(C(=CC(C(=O)CC(OC(=O)C3CCCCN3C(=O)C(=O)C1(O2)O)C(C)CC4CCC(C(C4)OC)OCCO)C)C)O)OC)C)C)C)OC,,,Serine/threonine-protein kinase mTOR,,activator,"manual: mTOR inhibitor, induces autophagy"
fludarabine,HAMDB714,21679-14-1,657237.0,C1=NC2=C(N1C3C(C(C(O3)CO)O)O)N=C(N=C2N)F,,,,,neutral,no clear autophagy direction in Category/Target/Description
fluspirilene,HAMDB715,1841-19-6,3396.0,C1CN(CCC12C(=O)NCN2C3=CC=CC=C3)CCCC(C4=CC=C(C=C4)F)C5=CC=C(C=C5)F,,,D(2) dopamine receptor; 5-hydroxytryptamine receptor 2A; Voltage-dependent calcium channel gamma-1 subunit,,neutral,no clear autophagy direction in Category/Target/Description
galanthamine,HAMDB716,357-70-0,9651.0,CN1CCC23C=CC(CC2OC4=C(C=CC(=C34)C1)OC)O,,,Acetylcholinesterase; Acetylcholine receptor subunit alpha; Acetylcholine receptor subunit beta,,neutral,no clear autophagy direction in Category/Target/Description
glucose-6-phosphate,HAMDB717,56-73-5,3034794.0,C(C(C(C(C(C=O)O)O)O)O)OP(=O)(O)O,,,Glutamine--fructose-6-phosphate aminotransferase; Glucose-6-phosphate isomerase,,neutral,no clear autophagy direction in Category/Target/Description
Go 6976,HAMDB718,136194-77-9,3501.0,CN1C2=CC=CC=C2C3=C4C(=C5C6=CC=CC=C6N(C5=C31)CCC#N)CNC4=O,,,,,neutral,no clear autophagy direction in Category/Target/Description
gossypol,HAMDB719,303-45-7; 20300-26-9; 90141-22-3,3503.0,CC1=C(C(=C2C(=C1)C(=C(C(=C2C=O)O)O)C(C)C)O)C3=C(C=C4C(=C3O)C(=C(C(=C4C(C)C)O)O)C=O)C,,,,,neutral,no clear autophagy direction in Category/Target/Description
GTP,HAMDB720,86-01-1,6830.0,C1=NC2=C(N1C3C(C(C(O3)COP(=O)(O)OP(=O)(O)OP(=O)(O)O)O)O)NC(=NC2=O)N,,,Ras-related protein Rab-5A; Probable GTP-binding protein EngB; RNA-directed RNA polymerase,,neutral,no clear autophagy direction in Category/Target/Description
GW9662,HAMDB721,22978-25-2,644213.0,C1=CC=C(C=C1)NC(=O)C2=C(C=CC(=C2)[N+](=O)[O-])Cl,,,Nuclear receptor coactivator 2; Peroxisome proliferator-activated receptor gamma; Retinoic acid receptor RXR-alpha,,neutral,no clear autophagy direction in Category/Target/Description
hedamycin,HAMDB722,11048-97-8,98033.0,CC1C(C(CC(O1)C2=CC(=C(C3=C2C(=O)C4=CC(=C5C(=O)C=C(OC5=C4C3=O)C6(C(O6)C7C(O7)C)C)C)O)C8CC(C(C(O8)C)O)(C)N(C)C)N(C)C)O,,,,,neutral,no clear autophagy direction in Category/Target/Description
hydrogen peroxide,HAMDB723,7722-84-1,784.0,OO,,,,,neutral,no clear autophagy direction in Category/Target/Description
inositol,HAMDB724,87-89-8; 488-54-0; 488-55-1; 488-58-4; 488-59-5,892.0,C1(C(C(C(C(C1O)O)O)O)O)O,,,1-phosphatidylinositol phosphodiesterase; Glucosylceramidase; 1-phosphatidylinositol phosphodiesterase,,neutral,no clear autophagy direction in Category/Target/Description
ionomycin,HAMDB725,56092-81-0,6912226.0,CC(CCC(=O)O)CC(C)CC(C)C(=O)C=C(C(C)CC(C)CC=CC(C)C(C(C)C(CC1CCC(O1)(C)C2CCC(O2)(C)C(C)O)O)O)O,,,,,neutral,no clear autophagy direction in Category/Target/Description
lactacystin,HAMDB726,133343-34-7,6610292.0,CC1C(C(NC1=O)(C(C(C)C)O)C(=O)SCC(C(=O)O)NC(=O)C)O,,,,,neutral,no clear autophagy direction in Category/Target/Description
L-arginine,HAMDB727,74-79-3,6322.0,C(CC(C(=O)O)N)CN=C(N)N,,,"Nitric oxide synthase, endothelial; Cationic amino acid transporter 3; Arginine decarboxylase",,neutral,no clear autophagy direction in Category/Target/Description
leupeptin,HAMDB728,24365-47-7; 55123-66-5; 103476-89-7,72429.0,CC(C)CC(C(=O)NC(CC(C)C)C(=O)NC(CCCN=C(N)N)C=O)NC(=O)C,,,,,neutral,no clear autophagy direction in Category/Target/Description
lipopolysaccharide,HAMDB729,,11970143.0,CCCCCCCCCCCCCCCC1C(OC(C(C1OC(=O)CC(CCCCCCCCCCC)O)O)COC2C(C(C(C(O2)COC3(CC(C(C(O3)C(CO)O)OC4C(C(C(C(O4)C(CO)O)OP(=O)(O)OP(=O)(O)OCCN)OC5C(C(C(C(O5)C(COC6C(C(C(CO6)(C(CO)O)O)O)O)O)OP(=O)(O)O)OC7C(C(C(C(O7)COC8C(C(C(C(O8)CO)O)O)O)O)OC9C(C(C(C(O9)CO)O)O)OC1C(C(C(C(O1)CO)OC1C(C(C(C(O1)CO)O)OC1C(C(C(C(O1)C)OC1C(C(C(C(O1)CO)O)OC1C(CC(C(O1)C)O)O)OC1C(C(C(C(O1)CO)O)O)O)O)O)O)O)OC1C(C(C(C(O1)CO)O)O)NC(=O)C)O)O)O)OC1(CC(C(C(O1)C(CO)O)O)OC1(CC(C(C(O1)C(CO)O)O)O)C(=O)O)C(=O)O)C(=O)O)OP(=O)(O)O)OC(=O)CC(CCCCCCCCCCC)OC(=O)CCCCCCCCCCCCC)NC(=O)CC(CCCCCCCCCCC)OC(=O)CCCCCCCCCCC)CP(=O)(O)O,,,,,neutral,no clear autophagy direction in Category/Target/Description
lithium,HAMDB730,7439-93-2,28486.0,[Li+],,,Inositol monophosphatase 1; Glutamate receptor 3; Glycogen synthase kinase-3 beta,,activator,"manual: inositol monophosphatase/GSK-3 inhibitor, induces autophagy"
lithium chloride,HAMDB731,7447-41-8,433294.0,[Li+].[Cl-],,,,,neutral,no clear autophagy direction in Category/Target/Description
loperamide,HAMDB732,53179-11-6,3955.0,CN(C)C(=O)C(CCN1CCC(CC1)(C2=CC=C(C=C2)Cl)O)(C3=CC=CC=C3)C4=CC=CC=C4,,,Mu-type opioid receptor; Delta-type opioid receptor; Kappa-type opioid receptor,,neutral,no clear autophagy direction in Category/Target/Description
maytansine,HAMDB733,35846-53-8,5281828.0,CC1C2CC(C(C=CC=C(CC3=CC(=C(C(=C3)OC)Cl)N(C(=O)CC(C4(C1O4)C)OC(=O)C(C)N(C)C(=O)C)C)C)OC)(NC(=O)O2)O,,,,,neutral,no clear autophagy direction in Category/Target/Description
mefloquine,HAMDB734,53230-10-7,4046.0,C1CCNC(C1)C(C2=CC(=NC3=C2C=CC=C3C(F)(F)F)C(F)(F)F)O,,,Fe(II)-protoporphyrin IX; Hemoglobin subunit alpha; Adenosine receptor A2a,,inhibitor,"manual: lysosomotropic antimalarial, inhibits autophagy"
melphalan,HAMDB735,148-82-3,460612.0,C1=CC(=CC=C1CC(C(=O)O)N)N(CCCl)CCCl,,,DNA,,activator,"manual: DNA alkylator, can induce autophagy"
mesoridazine,HAMDB736,5588-33-0,4078.0,CN1CCCCC1CCN2C3=CC=CC=C3SC4=C2C=C(C=C4)S(=O)C,,,5-hydroxytryptamine receptor 2A; D(2) dopamine receptor,,activator,"manual: phenothiazine, reported to induce autophagy"
metformin,HAMDB737,657-24-9,4091.0,CN(C)C(=N)N=C(N)N,,,5'-AMP-activated protein kinase subunit beta-1,,activator,"manual: AMPK activator, induces autophagy"
methyl-beta-cyclodextrin,HAMDB738,,51051622.0,COC1C(C2C(OC1OC3C(OC(C(C3OC)OC)OC4C(OC(C(C4OC)OC)OC5C(OC(C(C5OC)OC)OC6C(OC(C(C6OC)OC)OC7C(OC(C(C7OC)OC)OC8C(OC(O2)C(C8O)OC)CO)CO)CO)CO)CO)CO)CO)O,,,,,neutral,no clear autophagy direction in Category/Target/Description
methylene blue,HAMDB739,61-73-4,6099.0,CN(C)C1=CC2=C(C=C1)N=C3C=CC(=[N+](C)C)C=C3S2.[Cl-],,,,,neutral,no clear autophagy direction in Category/Target/Description
metribolone,HAMDB740,965-93-5,261000.0,CC1(CCC2C1(C=CC3=C4CCC(=O)C=C4CCC23)C)O,,,Nuclear receptor coactivator 2; Androgen receptor; Progesterone receptor,,neutral,no clear autophagy direction in Category/Target/Description
minoxidil,HAMDB741,38304-91-5,4201.0,C1CCN(CC1)C2=NC(=N)N(C(=C2)N)O,,,ATP-sensitive inward rectifier potassium channel 1; Prostaglandin G/H synthase 1,,neutral,no clear autophagy direction in Category/Target/Description
mitolactol,HAMDB742,10318-26-0,5284380.0,C(C(C(C(C(CBr)O)O)O)O)Br,,,,,neutral,no clear autophagy direction in Category/Target/Description
MRT68921,HAMDB743,,59225335.0,CN1CCC2=C(C1)C=CC(=C2)NC3=NC=C(C(=N3)NCCCNC(=O)C4CCC4)C5CC5,,,,,neutral,no clear autophagy direction in Category/Target/Description
N-acetyl-L-cysteine,HAMDB744,616-91-1,12035.0,CC(=O)NC(CS)C(=O)O,,,NAPQI (N-acetyl-p-benzoquinone imine); Aminoacylase-1; Inhibitor of nuclear factor kappa-B kinase subunit alpha,,neutral,no clear autophagy direction in Category/Target/Description
N-acetylserotonin,HAMDB745,1210-83-9,903.0,CC(=O)NCCC1=CNC2=C1C=C(C=C2)O,,,,,neutral,no clear autophagy direction in Category/Target/Description
N-acetylsphingosine,HAMDB746,3102-57-6,5497136.0,CCCCCCCCCCCCCC=CC(C(CO)NC(=O)C)O,,,,,neutral,no clear autophagy direction in Category/Target/Description
N-Ac-Leu-Leu-norleucinal,HAMDB747,,108098.0,CCCCC(C=O)NC(=O)C(CC(C)C)NC(=O)C(CC(C)C)NC(=O)C,,,,,neutral,no clear autophagy direction in Category/Target/Description
Miglustat,HAMDB748,72599-27-0,51634.0,CCCCN1CC(C(C(C1CO)O)O)O,,,,,neutral,no clear autophagy direction in Category/Target/Description
nelfinavir,HAMDB749,159989-64-7,64143.0,CC1=C(C=CC=C1O)C(=O)NC(CSC2=CC=CC=C2)C(CN3CC4CCCCC4CC3C(=O)NC(C)(C)C)O,,,,,neutral,no clear autophagy direction in Category/Target/Description
NF 449,HAMDB750,,101934114.0,C1=CC(=C(C=C1S(=O)(=O)O)S(=O)(=O)O)N=C(C2=CC(=CC(=C2)C(=NC3=C(C=C(C=C3)S(=O)(=O)[O-])S(=O)(=O)O)[O-])N=C(NC4=CC(=CC(=C4)C(=NC5=C(C=C(C=C5)S(=O)(=O)[O-])S(=O)(=O)O)[O-])C(=NC6=C(C=C(C=C6)S(=O)(=O)[O-])S(=O)(=O)O)[O-])[O-])[O-].[Na+].[Na+].[Na+].[Na+].[Na+].[Na+].[Na+].[Na+],,,,,neutral,no clear autophagy direction in Category/Target/Description
nicardipine,HAMDB751,55985-32-5,4474.0,CC1=C(C(C(=C(N1)C)C(=O)OCCN(C)CC2=CC=CC=C2)C3=CC(=CC=C3)[N+](=O)[O-])C(=O)OC,,,Voltage-dependent L-type calcium channel subunit alpha-1C; Voltage-dependent L-type calcium channel subunit beta-2; Voltage-dependent L-type calcium channel subunit alpha-1D,,neutral,no clear autophagy direction in Category/Target/Description
niclosamide,HAMDB752,50-65-7,4477.0,C1=CC(=C(C=C1[N+](=O)[O-])Cl)NC(=O)C2=C(C=CC(=C2)Cl)O,,,,,neutral,no clear autophagy direction in Category/Target/Description
nigericin,HAMDB753,28380-24-7,34230.0,CC1CCC(OC1C(C)C(=O)O)CC2CC(C(C3(O2)C(CC(O3)(C)C4CCC(O4)(C)C5C(CC(O5)C6C(CC(C(O6)(CO)O)C)C)C)C)C)OC,,,,,neutral,no clear autophagy direction in Category/Target/Description
niguldipine,HAMDB754,113165-32-5,101826483.0,CC1=C(C(C(=C([O-])OC)C(=N1)C)C2=CC(=CC=C2)[N+](=O)[O-])C(=O)OCCC[NH+]3CCC(CC3)(C4=CC=CC=C4)C5=CC=CC=C5,,,,,neutral,no clear autophagy direction in Category/Target/Description
nitric oxide,HAMDB755,10102-43-9,145068.0,[N]=O,,,Guanylate cyclase soluble subunit alpha-2,,neutral,no clear autophagy direction in Category/Target/Description
N-methyl-D-aspartate,HAMDB756,6384-92-5,22880.0,CNC(CC(=O)O)C(=O)O,,,,,neutral,no clear autophagy direction in Category/Target/Description
nonactin,HAMDB757,6833-84-7,72519.0,CC1CC2CCC(O2)C(C(=O)OC(CC3CCC(O3)C(C(=O)OC(CC4CCC(O4)C(C(=O)OC(CC5CCC(O5)C(C(=O)O1)C)C)C)C)C)C)C,,,,,neutral,no clear autophagy direction in Category/Target/Description
nortriptyline,HAMDB758,72-69-5,4543.0,CNCCC=C1C2=CC=CC=C2CCC3=CC=CC=C31,,,Sodium-dependent noradrenaline transporter; Sodium-dependent serotonin transporter; 5-hydroxytryptamine receptor 2A,,neutral,no clear autophagy direction in Category/Target/Description
okadaic acid,HAMDB759,78111-17-8,446512.0,CC1CCC2(CCCCO2)OC1C(C)CC(C3C(=C)C(C4C(O3)CCC5(O4)CCC(O5)C=CC(C)C6CC(=CC7(O6)C(CCC(O7)CC(C)(C(=O)O)O)O)C)O)O,,,Serine/threonine-protein phosphatase PP1-gamma catalytic subunit,,neutral,no clear autophagy direction in Category/Target/Description
oleic acid,HAMDB760,112-80-1,637517.0,CCCCCCCCC=CCCCCCCCC(=O)O,,,Glycolipid transfer protein; 14 kDa fatty acid-binding protein; Myelin P2 protein,,activator,"manual: fatty acid, can induce lipophagy"
palmitic acid,HAMDB761,57-10-3,985.0,CCCCCCCCCCCCCCCC(=O)O,,,Glycodelin; Hepatocyte nuclear factor 4-gamma; Lipid binding protein,,activator,"manual: fatty acid, can induce lipophagy"
penitrem A,HAMDB762,12627-35-9,6610243.0,CC(=C)C1C(C2C3(O2)C(O1)CCC4(C3(CCC5C4(C6=C7C5OC(C8CC9C8(C1=C7C(=CC(=C1CC9=C)Cl)N6)O)(C)C)C)O)C)O,,,,,neutral,no clear autophagy direction in Category/Target/Description
pepstatin,HAMDB763,26305-03-3; 39324-30-6,5478883.0,CC(C)CC(C(CC(=O)O)O)NC(=O)C(C)NC(=O)CC(C(CC(C)C)NC(=O)C(C(C)C)NC(=O)C(C(C)C)NC(=O)CC(C)C)O,,,,,neutral,no clear autophagy direction in Category/Target/Description
perhexiline,HAMDB764,6621-47-2,4746.0,C1CCC(CC1)C(CC2CCCCN2)C3CCCCC3,,,"Carnitine O-palmitoyltransferase 1, liver isoform; Carnitine O-palmitoyltransferase 2, mitochondrial;",,neutral,no clear autophagy direction in Category/Target/Description
phorbol myristate acetate,HAMDB765,62-38-4,4792.0,CCCCCCCCCCCCCC(=O)OC1C(C2(C(C=C(CC3(C2C=C(C3=O)C)O)CO)C4C1(C4(C)C)OC(=O)C)O)C,,,,,neutral,no clear autophagy direction in Category/Target/Description
phosphatidylethanolamine,HAMDB766,,17754130.0,CCCCCCCCCCCCCCCCCC(=O)OCC(COP(=O)(O)OCC[NH3+])OC(=O)CCCCCCCCCCCCCCCCC,,,Endothelial protein C receptor; Bacteriorhodopsin,,neutral,no clear autophagy direction in Category/Target/Description
"phosphatidylinositol 3,4-diphosphate",HAMDB767,165883-85-2,643960.0,CCCCCCCCCCCCCCCC(=O)OCC(COP(=O)(O)OC1C(C(C(C(C1O)OP(=O)(O)O)OP(=O)(O)O)O)O)OC(=O)CCCCCCCCCCCCCCC,,,,,neutral,no clear autophagy direction in Category/Target/Description
"phosphatidylinositol 4,5-diphosphate",HAMDB768,,125105.0,C(C(COP(=O)(O)OC1C(C(C(C(C1O)OP(=O)(O)O)OP(=O)(O)O)O)O)O)O,,,,,neutral,no clear autophagy direction in Category/Target/Description
"phosphatidylinositol-3,4,5-triphosphate",HAMDB769,,101362114.0,CCCCCCCCCCCCCCCCCC(=O)OC(COC(=O)CCCCCCCCCCCCCCC)COP(=O)(O)OC1C(C(C(C(C1O)OP(=O)(O)O)OP(=O)(O)O)OP(=O)(O)O)O,,,,,neutral,no clear autophagy direction in Category/Target/Description
phosphatidylinositol-3-phosphate,HAMDB770,,9776841.0,CCCCCCCCCCCCCCCCC(=O)OCC(COP(=O)(O)OC1C(C(C(C(C1O)OP(=O)(O)O)O)O)O)OC(=O)CCCC=CCC=CCC=CCC=CCCCCC,,,,,neutral,no clear autophagy direction in Category/Target/Description
pimozide,HAMDB771,2062-78-4,16362.0,C1CN(CCC1N2C3=CC=CC=C3NC2=O)CCCC(C4=CC=C(C=C4)F)C5=CC=C(C=C5)F,,,D(2) dopamine receptor; D(3) dopamine receptor; Potassium voltage-gated channel subfamily H member 2,,neutral,no clear autophagy direction in Category/Target/Description
podophyllotoxin,HAMDB772,518-28-5; 4354-76-1; 477-47-4,10607.0,COC1=CC(=CC(=C1OC)OC)C2C3C(COC3=O)C(C4=CC5=C(C=C24)OCO5)O,,,DNA topoisomerase 2-alpha; Tubulin alpha-4A chain; Tubulin beta chain,,inhibitor,"manual: microtubule inhibitor, blocks autophagy"
potassium chloride,HAMDB773,7447-40-7,4873.0,[Cl-].[K+],,,Solute carrier family 12 member 2; Solute carrier family 12 member 1; Solute carrier family 12 member 5,,neutral,no clear autophagy direction in Category/Target/Description
prednisolone,HAMDB774,50-24-8,5755.0,CC12CC(C3C(C1CCC2(C(=O)CO)O)CCC4=CC(=O)C=CC34C)O,,,Glucocorticoid receptor,,neutral,no clear autophagy direction in Category/Target/Description
prodigiosin,HAMDB775,82-89-3,5377753.0,CCCCCC1=C(NC(=C1)C=C2C(=CC(=C3C=CC=N3)N2)OC)C,,,,,neutral,no clear autophagy direction in Category/Target/Description
promazine,HAMDB776,58-40-2,4926.0,CN(C)CCCN1C2=CC=CC=C2SC3=CC=CC=C31,,,D(2) dopamine receptor; 5-hydroxytryptamine receptor 2A; 5-hydroxytryptamine receptor 2C,,activator,"manual: phenothiazine, reported to induce autophagy"
promethazine,HAMDB777,60-87-7,4927.0,CC(CN1C2=CC=CC=C2SC3=CC=CC=C31)N(C)C,,,Histamine H1 receptor; D(2) dopamine receptor; Muscarinic acetylcholine receptor M1,,activator,"manual: phenothiazine, reported to induce autophagy"
prostaglandin D2,HAMDB778,41598-07-6,448457.0,CCCCCC(C=CC1C(C(CC1=O)O)CC=CCCCC(=O)O)O,,,Aldo-keto reductase family 1 member C3,,neutral,no clear autophagy direction in Category/Target/Description
quinacrine,HAMDB779,83-89-6,237.0,CCN(CC)CCCC(C)NC1=C2C=C(C=CC2=NC3=C1C=CC(=C3)Cl)OC,,,DNA; 85/88 kDa calcium-independent phospholipase A2; Cytosolic phospholipase A2,,inhibitor,"manual: lysosomotropic agent, inhibits autophagy"
retinaldehyde,HAMDB780,116-31-4,638015.0,CC1=C(C(CCC1)(C)C)C=CC(=CC=CC(=CC=O)C)C,,,,,neutral,no clear autophagy direction in Category/Target/Description
ridaforolimus,HAMDB781,572924-54-0,11520894.0,CC1CCC2CC(C(=CC=CC=CC(CC(C(=O)C(C(C(=CC(C(=O)CC(OC(=O)C3CCCCN3C(=O)C(=O)C1(O2)O)C(C)CC4CCC(C(C4)OC)OP(=O)(C)C)C)C)O)OC)C)C)C)OC,,,,,neutral,no clear autophagy direction in Category/Target/Description
rilmenidine,HAMDB782,54187-04-1,68712.0,C1CC1C(C2CC2)NC3=NCCO3,,,,,neutral,no clear autophagy direction in Category/Target/Description
rotenone,HAMDB783,83-79-4,6758.0,CC(=C)C1CC2=C(O1)C=CC3=C2OC4COC5=CC(=C(C=C5C4C3=O)OC)OC,,,,,neutral,no clear autophagy direction in Category/Target/Description
rottlerin,HAMDB784,82-08-6,5281847.0,CC1=C(C(=C(C(=C1O)C(=O)C)O)CC2=C(C3=C(C(=C2O)C(=O)C=CC4=CC=CC=C4)OC(C=C3)(C)C)O)O,,,,,neutral,no clear autophagy direction in Category/Target/Description
RV 538,HAMDB785,,114736.0,CCCCCCCCCC(=O)NC(CN1CCOCC1)C(C)C2=CC=CC=C2.Cl,,,,,neutral,no clear autophagy direction in Category/Target/Description
selenite,HAMDB786,14124-67-5,1090.0,[O-][Se](=O)[O-],,,,,neutral,no clear autophagy direction in Category/Target/Description
sirolimus,HAMDB787,53123-88-9,5460439.0,CC1CCC2CC(C(=CC=CC=CC(CC(C(=O)C(C(C(=CC(C(=O)CC(OC(=O)C3CCCCN3C(=O)C(=O)C1(O2)O)C(C)CC4CCC(C(C4)OC)O)C)C)O)OC)C)C)C)OC,,,Serine/threonine-protein kinase mTOR; Peptidyl-prolyl cis-trans isomerase FKBP1A; Fibroblast growth factor 2,,activator,"manual: mTOR inhibitor, induces autophagy"
sodium selenite,HAMDB788,14013-56-0; 10102-18-8,24934.0,[O-][Se](=O)[O-].[Na+].[Na+],,,,,neutral,no clear autophagy direction in Category/Target/Description
soraphen-A1alpha,HAMDB789,122547-72-2,5281897.0,CC1C=CC(C(CCCCC(OC(=O)C(C2(C(C(C(C1O2)C)O)OC)O)C)C3=CC=CC=C3)OC)OC,,,Acetyl-CoA carboxylase 2,,neutral,no clear autophagy direction in Category/Target/Description
spermidine,HAMDB790,124-20-9,1102.0,C(CCNCCCN)CN,,,"Spermidine/putrescine-binding periplasmic protein; Thioredoxin reductase 1, cytoplasmic; Gentamicin 3'-acetyltransferase",,activator,"manual: polyamine, induces autophagy"
sphingosine-1-phosphate,HAMDB791,26993-30-6,5283560.0,CCCCCCCCCCCCCC=CC(C(COP(=O)(O)O)N)O,,,,,neutral,no clear autophagy direction in Category/Target/Description
staurosporine,HAMDB792,62996-74-1,44120114.0,CC12C(C(CC(O1)N3C4=CC=CC=C4C5=C6C(=C7C8=CC=CC=C8N2C7=C53)CNC6=O)NC)OC,,,Tyrosine-protein kinase Lck; Serine/threonine-protein kinase pim-1; Tyrosine-protein kinase ITK/TSK,,activator,"manual: broad kinase inhibitor, induces autophagy/apoptosis"
sulfinosine,HAMDB793,124508-99-2,130209.0,C1=NC2=C(N1C3C(C(C(O3)CO)O)O)N=C(N=C2S(=O)N)N,,,,,neutral,no clear autophagy direction in Category/Target/Description
tetrocarcin A,HAMDB794,,92024066.0,CC1CC(C(C2C1C3(C(C=C2)C(=CCC(C(=CC4C(CC(=CC45C(=O)C(=C3O)C(=O)O5)C=O)O)C)OC6CC(C(C(O6)C)NC(=O)OC)(C)[N+](=O)[O-])C)C)OC7CC(C(C(O7)C)OC(=O)C)OC8CCC(C(O8)C)OC9CC(C(C(O9)C)OC1CCC(C(O1)C)O)O)C,,,,,neutral,no clear autophagy direction in Category/Target/Description
thapsigargin,HAMDB795,67526-95-8,446378.0,CCCCCCCC(=O)OC1C2C(=C(C1OC(=O)C(=CC)C)C)C3C(C(CC2(C)OC(=O)C)OC(=O)CCC)(C(C(=O)O3)(C)O)O,,,,,neutral,no clear autophagy direction in Category/Target/Description
thenoyltrifluoroacetone,HAMDB796,326-91-0,5601.0,C1=CSC(=C1)C(=O)CC(=O)C(F)(F)F,,,"Liver carboxylesterase 1; Succinate dehydrogenase [ubiquinone] flavoprotein subunit, mitochondrial",,neutral,no clear autophagy direction in Category/Target/Description
thermozymocidin,HAMDB797,35891-70-4,6438394.0,CCCCCCC(=O)CCCCCCC=CCC(C(C(CO)(C(=O)O)N)O)O,,,,,neutral,no clear autophagy direction in Category/Target/Description
thioctic acid,HAMDB798,1077-28-7; 62-46-4,864.0,C1CSSC1CCCCC(=O)O,,,"Lipoyltransferase 1, mitochondrial; Lipoyl synthase, mitochondrial; Sodium-dependent multivitamin transporter",,neutral,no clear autophagy direction in Category/Target/Description
thioridazine,HAMDB799,50-52-2,5452.0,CN1CCCCC1CCN2C3=CC=CC=C3SC4=C2C=C(C=C4)SC,,,D(2) dopamine receptor; D(1A) dopamine receptor; Alpha-1A adrenergic receptor,,activator,"manual: phenothiazine, reported to induce autophagy"
trehalose,HAMDB800,99-20-7,7427.0,C(C1C(C(C(C(O1)OC2C(C(C(C(O2)CO)O)O)O)O)O)O)O,,,,,neutral,no clear autophagy direction in Category/Target/Description
tretinoin,HAMDB801,302-79-4,5538.0,CC1=C(C(CCC1)(C)C)C=CC(=CC=CC(=CC(=O)O)C)C,,,Retinoic acid receptor RXR-beta; Retinoic acid receptor RXR-gamma; Retinoic acid receptor gamma,,activator,"manual: retinoid, can induce autophagy"
trifluoperazine,HAMDB802,117-89-5,5566.0,CN1CCN(CC1)CCCN2C3=CC=CC=C3SC4=C2C=C(C=C4)C(F)(F)F,,,D(2) dopamine receptor; Neuron-specific vesicular protein calcyon; Alpha-1A adrenergic receptor,,neutral,no clear autophagy direction in Category/Target/Description
triflupromazine,HAMDB803,146-54-3,5568.0,CN(C)CCCN1C2=CC=CC=C2SC3=C1C=C(C=C3)C(F)(F)F,,,D(1A) dopamine receptor; D(2) dopamine receptor; 5-hydroxytryptamine receptor 2B,,neutral,no clear autophagy direction in Category/Target/Description
tunicamycin,HAMDB804,,16760689.0,CC(C)CCCCCCCCCCC=CC(=O)NC1C(C(C(OC1OC2C(C(C(C(O2)CO)O)O)NC(=O)C)CC(C3C(C(C(O3)N4C=CC(=O)NC4=O)O)O)O)O)O,,,,,neutral,no clear autophagy direction in Category/Target/Description
UCN-01,HAMDB805,98290-92-7; 112953-11-4,72271.0,CC12C(C(CC(O1)N3C4=CC=CC=C4C5=C6C(=C7C8=CC=CC=C8N2C7=C53)C(NC6=O)O)NC)OC,,,3-phosphoinositide-dependent protein kinase 1,,neutral,no clear autophagy direction in Category/Target/Description
verapamil,HAMDB806,52-53-9,2520.0,CC(C)C(CCCN(C)CCC1=CC(=C(C=C1)OC)OC)(C#N)C2=CC(=C(C=C2)OC)OC,,,Voltage-dependent L-type calcium channel subunit alpha-1C; Voltage-dependent L-type calcium channel subunit alpha-1D; Voltage-dependent L-type calcium channel subunit alpha-1F,,neutral,no clear autophagy direction in Category/Target/Description
vidarabine,HAMDB807,24356-66-9,21704.0,C1=NC2=C(C(=N1)N)N=CN2C3C(C(C(O3)CO)O)O,,,DNA polymerase catalytic subunit; DNA; Thymidine kinase,,neutral,no clear autophagy direction in Category/Target/Description
vinblastine,HAMDB808,865-21-4,241903.0,CCC1(CC2CC(C3=C(CCN(C2)C1)C4=CC=CC=C4N3)(C5=C(C=C6C(=C5)C78CCN9C7C(C=CC9)(C(C(C8N6C)(C(=O)OC)O)OC(=O)C)CC)OC)C(=O)OC)O,,,Tubulin gamma-1 chain; Tubulin epsilon chain; Transcription factor AP-1,,inhibitor,"manual: microtubule inhibitor, blocks autophagy"
vincristine,HAMDB809,57-22-7,5978.0,CCC1(CC2CC(C3=C(CCN(C2)C1)C4=CC=CC=C4N3)(C5=C(C=C6C(=C5)C78CCN9C7C(C=CC9)(C(C(C8N6C=O)(C(=O)OC)O)OC(=O)C)CC)OC)C(=O)OC)O,,,Tubulin beta chain; Tubulin alpha-4A chain;,,inhibitor,"manual: microtubule inhibitor, blocks autophagy"
vitamin K2,HAMDB810,1163-13-9,5280374.0,CC1=C(C(=O)C2=CC=CC=C2C1=O)CC=C(C)CCC=C(C)C,,,,,neutral,no clear autophagy direction in Category/Target/Description
Y 27632,HAMDB811,146986-50-7,448042.0,CC(C1CCC(CC1)C(=O)NC2=CC=NC=C2)N,,,Rho-associated protein kinase 2; cAMP-dependent protein kinase catalytic subunit alpha; cAMP-dependent protein kinase inhibitor alpha,,activator,"manual: ROCK inhibitor, can induce autophagy"
Z-LEHD-FMK,HAMDB812,,10032582.0,CC(C)CC(C(=O)NC(CCC(=O)OC)C(=O)NC(CC1=CN=CN1)C(=O)NC(CC(=O)OC)C(=O)CF)NC(=O)OCC2=CC=CC=C2,,,,,neutral,no clear autophagy direction in Category/Target/Description
zVAD-FMK,HAMDB813,187389-52-2,5497174.0,CC(C)C(C(=O)NC(C)C(=O)NC(CC(=O)OC)C(=O)CF)NC(=O)OCC1=CC=CC=C1,,,,,neutral,no clear autophagy direction in Category/Target/Description
